route,source_path,retained_path,size_bytes,sha256,evidence_ids,test_case_id,attempt_id,terminal_status,inventory_action,source_root_id
failure-records,experiments/raw-results/failures/README.md,experiments/raw-results/failure-records/README.md,903,cb597d25bcaadab678f9c0acd978ac743206dc9b5de6062649433014503e725f,[],,,,retain_active,recovery-5ec36c25826c
animehacker-tq3-0,experiments/raw-results/animehacker-tq3-0/2026-07-18/acquisition/limitations.md,experiments/raw-results/retained/animehacker-tq3-0/2026-07-18/acquisition/limitations.md,448,590f07617edcc93e7cfebea335eb2ac4721b0494e2a376325d074396d4e1add6,"[""animehacker-640e17b4387b484be3ab""]",,,,retain_active,recovery-5ec36c25826c
animehacker-tq3-0,experiments/raw-results/animehacker-tq3-0/2026-07-18/acquisition/repository.json,experiments/raw-results/retained/animehacker-tq3-0/2026-07-18/acquisition/repository.json,517,fca040fc9fed9dcc45af8c6adbdaa297de2c7854813478f58f9e4a74958e2b64,"[""animehacker-061aa6eb673b5d346338""]",,,,retain_active,recovery-5ec36c25826c
animehacker-tq3-0,experiments/raw-results/animehacker-tq3-0/2026-07-18/acquisition/source-audit.json,experiments/raw-results/retained/animehacker-tq3-0/2026-07-18/acquisition/source-audit.json,8423,c400810b9691b38280388b64487a14bf7912aa602c8fa8bf2303637103d92b7a,"[""animehacker-50de6746a9a213d52893""]",,,,retain_active,recovery-5ec36c25826c
animehacker-tq3-0,experiments/raw-results/animehacker-tq3-0/2026-07-18/build-cpu/ctest.pid,experiments/raw-results/retained/animehacker-tq3-0/2026-07-18/build-cpu/ctest.pid,6,ebc3134738feb3531bc815729a30817361579ed655f918ca5c62db9b35e9e5d7,"[""animehacker-27b3f4d99d6a462e9ec1""]",,,,retain_active,recovery-5ec36c25826c
animehacker-tq3-0,experiments/raw-results/animehacker-tq3-0/2026-07-18/build-cpu/reconciliation-final.json,experiments/raw-results/retained/animehacker-tq3-0/2026-07-18/build-cpu/reconciliation-final.json,1487,4347b7dd353001b35bb13d5d1c304e970cae533c10b4102dd918e46731d6c28b,"[""animehacker-e73b2f1205e6c7f8d4d3""]",,,,retain_active,recovery-5ec36c25826c
animehacker-tq3-0,experiments/raw-results/animehacker-tq3-0/2026-07-18/build-cpu/reconciliation.json,experiments/raw-results/retained/animehacker-tq3-0/2026-07-18/build-cpu/reconciliation.json,1485,5f283168979c9e7f91af648dbf5686f0c184cd0f5b760bbd0510aae22a964f1e,"[""animehacker-230afd5e0fd53f57b42a""]",,,,retain_active,recovery-5ec36c25826c
animehacker-tq3-0,experiments/raw-results/animehacker-tq3-0/2026-07-18/build-cpu/test-capability-guard.patch,experiments/raw-results/retained/animehacker-tq3-0/2026-07-18/build-cpu/test-capability-guard.patch,3017,b1714efded9c2a35013c41a424067c9bd787c66a0d33852d7a74fc58bf60bd2a,"[""animehacker-bc65dfaf487ba860a19f""]",,,,retain_active,recovery-5ec36c25826c
animehacker-tq3-0,experiments/raw-results/animehacker-tq3-0/2026-07-18/build-sycl/build.pid,experiments/raw-results/retained/animehacker-tq3-0/2026-07-18/build-sycl/build.pid,7,e4c06f00bc27c576399ac6b045cca4b883a72d692e52ec090d8bf92fbf5f8828,"[""animehacker-fe68ecaa66515a7b1e6e""]",,,,retain_active,recovery-5ec36c25826c
animehacker-tq3-0,experiments/raw-results/animehacker-tq3-0/2026-07-18/build-sycl/campaign-fixes.patch,experiments/raw-results/retained/animehacker-tq3-0/2026-07-18/build-sycl/campaign-fixes.patch,3935,26d37e943a55708d3fd4cb16c5e28fcc666d10538ad6682e2120ce3844771afa,"[""animehacker-9ad2245e59c79742ffc5""]",,,,retain_active,recovery-5ec36c25826c
animehacker-tq3-0,experiments/raw-results/animehacker-tq3-0/2026-07-18/build-sycl/reconciliation.json,experiments/raw-results/retained/animehacker-tq3-0/2026-07-18/build-sycl/reconciliation.json,3047,b60e97f3855bda1ec0e4d9858e40d7f3c21f669735940aa6788c8c1446b01241,"[""animehacker-9088849e3d9565254d7d""]",,,,retain_active,recovery-5ec36c25826c
animehacker-tq3-0,experiments/raw-results/animehacker-tq3-0/2026-07-18/build-vulkan/reconciliation.json,experiments/raw-results/retained/animehacker-tq3-0/2026-07-18/build-vulkan/reconciliation.json,1575,57871c024dc5c425692ec436974ac397088a6c43192448719e13b61cbadfddda,"[""animehacker-44a8d70b058f1c5cac52""]",,,,retain_active,recovery-5ec36c25826c
animehacker-tq3-0,experiments/raw-results/animehacker-tq3-0/2026-07-18/docx-structural-qa.json,experiments/raw-results/retained/animehacker-tq3-0/2026-07-18/docx-structural-qa.json,347,cd8dc062b3aadfc3239eae69634eaedbe69e97377a0e8825d3b9cd460d61a751,"[""animehacker-aac1c04cbae0766a6e11""]",,,,retain_active,recovery-5ec36c25826c
animehacker-tq3-0,experiments/raw-results/animehacker-tq3-0/2026-07-18/quality-recovery/AH-09/P1-response.txt,experiments/raw-results/retained/animehacker-tq3-0/2026-07-18/quality-recovery/AH-09/P1-response.txt,461,5a290c346dcdf40286f8494757b1ac1721c181ef223fe57d06ec25e391c1f432,"[""animehacker-0287a3c62e21f07e91e6""]",,,,retain_active,recovery-5ec36c25826c
animehacker-tq3-0,experiments/raw-results/animehacker-tq3-0/2026-07-18/quality-recovery/AH-09/P1.json,experiments/raw-results/retained/animehacker-tq3-0/2026-07-18/quality-recovery/AH-09/P1.json,771,4f25b6b977ce63f2cf8373b063772e861da81334dd6c068a1f3294dc440ed06b,"[""animehacker-e369436fdf60d2434830""]",,,,retain_active,recovery-5ec36c25826c
animehacker-tq3-0,experiments/raw-results/animehacker-tq3-0/2026-07-18/quality-recovery/AH-09/P2-response.txt,experiments/raw-results/retained/animehacker-tq3-0/2026-07-18/quality-recovery/AH-09/P2-response.txt,222,54355e4e8b42a1db30ea6f4ace721446359d2afad79b889fd13ecd12355ab8e7,"[""animehacker-2ff4239ab15328d71b10""]",,,,retain_active,recovery-5ec36c25826c
animehacker-tq3-0,experiments/raw-results/animehacker-tq3-0/2026-07-18/quality-recovery/AH-09/P2.json,experiments/raw-results/retained/animehacker-tq3-0/2026-07-18/quality-recovery/AH-09/P2.json,530,b0c27f5c52bdb648de12bb008478c64bc15d57bc47173aa42d6335283c399549,"[""animehacker-125a235b6ad5a7fb0bf5""]",,,,retain_active,recovery-5ec36c25826c
animehacker-tq3-0,experiments/raw-results/animehacker-tq3-0/2026-07-18/quality-recovery/AH-09/P3-response.txt,experiments/raw-results/retained/animehacker-tq3-0/2026-07-18/quality-recovery/AH-09/P3-response.txt,124,258c9d43fb188c26e9ebc1a2f42a7ce422e3b67efa0c4de64aa9d43760a8b3b1,"[""animehacker-4659e32f4798ba7e3358""]",,,,retain_active,recovery-5ec36c25826c
animehacker-tq3-0,experiments/raw-results/animehacker-tq3-0/2026-07-18/quality-recovery/AH-09/P3.json,experiments/raw-results/retained/animehacker-tq3-0/2026-07-18/quality-recovery/AH-09/P3.json,450,6c93184d883c1dbcceca53a5e281bdfac7a8f233037d4d8fd737c6eb96b80692,"[""animehacker-6e798d40f45ecd8972d2""]",,,,retain_active,recovery-5ec36c25826c
animehacker-tq3-0,experiments/raw-results/animehacker-tq3-0/2026-07-18/quality-recovery/AH-09/P4-response.txt,experiments/raw-results/retained/animehacker-tq3-0/2026-07-18/quality-recovery/AH-09/P4-response.txt,233,8b808310880d35799378cdc1cec3262a72ddca960cef9d6de21972f66c1c6e85,"[""animehacker-e5105b57e00de0bb8ffa""]",,,,retain_active,recovery-5ec36c25826c
animehacker-tq3-0,experiments/raw-results/animehacker-tq3-0/2026-07-18/quality-recovery/AH-09/P4.json,experiments/raw-results/retained/animehacker-tq3-0/2026-07-18/quality-recovery/AH-09/P4.json,543,644843b71f9ac7d2bc63da9b3b397d28b1c0a4d92a7a3822dc616322b14a94f0,"[""animehacker-ca016588c97cfaa2272c""]",,,,retain_active,recovery-5ec36c25826c
animehacker-tq3-0,experiments/raw-results/animehacker-tq3-0/2026-07-18/quality-recovery/AH-09/P5-response.txt,experiments/raw-results/retained/animehacker-tq3-0/2026-07-18/quality-recovery/AH-09/P5-response.txt,19,824f2908f1a04296801a3f2c86103f2bc8eca36c7935bb93b0ce5eb085d23aec,"[""animehacker-e3be28d7d3a885c366b3""]",,,,retain_active,recovery-5ec36c25826c
animehacker-tq3-0,experiments/raw-results/animehacker-tq3-0/2026-07-18/quality-recovery/AH-09/P5.json,experiments/raw-results/retained/animehacker-tq3-0/2026-07-18/quality-recovery/AH-09/P5.json,331,a0dd9b36983539c0791bc7bc78a9c557be7aa4b43e0340c20db7bab55057a5e2,"[""animehacker-599c7e35f22fe0d5772c""]",,,,retain_active,recovery-5ec36c25826c
animehacker-tq3-0,experiments/raw-results/animehacker-tq3-0/2026-07-18/quality-recovery/AH-09/P6-response.txt,experiments/raw-results/retained/animehacker-tq3-0/2026-07-18/quality-recovery/AH-09/P6-response.txt,10,215dbcb32c4f1a1d61eedf623ed4800482e0c68b651e464352bdc4dee733871e,"[""animehacker-a8c5b29d42624c5aedb3""]",,,,retain_active,recovery-5ec36c25826c
animehacker-tq3-0,experiments/raw-results/animehacker-tq3-0/2026-07-18/quality-recovery/AH-09/P6.json,experiments/raw-results/retained/animehacker-tq3-0/2026-07-18/quality-recovery/AH-09/P6.json,341,586fda417af4ec843dcaf4775f2c1c29b0b9a84e7d1a70f9241b50a969b80ce9,"[""animehacker-b8e8469dda9a2002e9fc""]",,,,retain_active,recovery-5ec36c25826c
animehacker-tq3-0,experiments/raw-results/animehacker-tq3-0/2026-07-18/quality-recovery/AH-09/command.json,experiments/raw-results/retained/animehacker-tq3-0/2026-07-18/quality-recovery/AH-09/command.json,806,4564ffe173e4a1e7c9b7b2d095dafa267c51539e326771cb591b13c5a246bf93,"[""animehacker-94b0c7f789c84c993774""]",,,,retain_active,recovery-5ec36c25826c
animehacker-tq3-0,experiments/raw-results/animehacker-tq3-0/2026-07-18/quality-recovery/AH-09/complete.json,experiments/raw-results/retained/animehacker-tq3-0/2026-07-18/quality-recovery/AH-09/complete.json,176,e97fe9972ab77f05f03fc875e6cb6a3a7efc9203682a700cfc54e4806935062e,"[""animehacker-930a736dfbf688f077ca""]",,,,retain_active,recovery-5ec36c25826c
animehacker-tq3-0,experiments/raw-results/animehacker-tq3-0/2026-07-18/quality-recovery/quality-adjudications.json,experiments/raw-results/retained/animehacker-tq3-0/2026-07-18/quality-recovery/quality-adjudications.json,8899,4fb179143e2867023d264c5b5d73cbfe3fa5901c81338a78f5e8d41b3cdc37d9,"[""animehacker-c1863347fee0fae7618f""]",,,,retain_active,recovery-5ec36c25826c
animehacker-tq3-0,experiments/raw-results/animehacker-tq3-0/2026-07-18/quality/AH-01/P1-response.txt,experiments/raw-results/retained/animehacker-tq3-0/2026-07-18/quality/AH-01/P1-response.txt,681,60bb118e658fc4f2e63ba0e71387d0fb0d9c5701966237501afb35349db61c4a,"[""animehacker-1f7f582116cd52e8c92e""]",,,,retain_active,recovery-5ec36c25826c
animehacker-tq3-0,experiments/raw-results/animehacker-tq3-0/2026-07-18/quality/AH-01/P1.json,experiments/raw-results/retained/animehacker-tq3-0/2026-07-18/quality/AH-01/P1.json,992,d5ece3751d7f1c56598f922b97fb2b66322e8548b0d43ab19cb04d235758bf08,"[""animehacker-11ac9bbd388afa1a68ea""]",,,,retain_active,recovery-5ec36c25826c
animehacker-tq3-0,experiments/raw-results/animehacker-tq3-0/2026-07-18/quality/AH-01/P2-response.txt,experiments/raw-results/retained/animehacker-tq3-0/2026-07-18/quality/AH-01/P2-response.txt,234,0a901f2742e99ffd3b821bfec8083aa9a7c273aa576954abb4c47a6175d0a08a,"[""animehacker-9e3d0bee5cd2181657b3""]",,,,retain_active,recovery-5ec36c25826c
animehacker-tq3-0,experiments/raw-results/animehacker-tq3-0/2026-07-18/quality/AH-01/P2.json,experiments/raw-results/retained/animehacker-tq3-0/2026-07-18/quality/AH-01/P2.json,533,f099c34ca075fb10533b74f21723b8e2e33a51aac956eb1b05b46a72923d4120,"[""animehacker-973104e184f6d10dbe4c""]",,,,retain_active,recovery-5ec36c25826c
animehacker-tq3-0,experiments/raw-results/animehacker-tq3-0/2026-07-18/quality/AH-01/P3-response.txt,experiments/raw-results/retained/animehacker-tq3-0/2026-07-18/quality/AH-01/P3-response.txt,154,a662010071f7c5c248cb01ac7d25606bce1402b9e5187237a7879146e888b276,"[""animehacker-eda709d1d4cefa6d29d5""]",,,,retain_active,recovery-5ec36c25826c
animehacker-tq3-0,experiments/raw-results/animehacker-tq3-0/2026-07-18/quality/AH-01/P3.json,experiments/raw-results/retained/animehacker-tq3-0/2026-07-18/quality/AH-01/P3.json,469,726a42e7c9edb9ccecbb8bf2a2fc6dce8ce605d4b49c9b3415c0aee8aa700210,"[""animehacker-4651a6f2239c6d15a078""]",,,,retain_active,recovery-5ec36c25826c
animehacker-tq3-0,experiments/raw-results/animehacker-tq3-0/2026-07-18/quality/AH-01/P4-response.txt,experiments/raw-results/retained/animehacker-tq3-0/2026-07-18/quality/AH-01/P4-response.txt,247,74872879565dccda7eb1979559c63f60bab5d31f013ffe3ef6211f531e08791c,"[""animehacker-121aa2452a1b74f1045b""]",,,,retain_active,recovery-5ec36c25826c
animehacker-tq3-0,experiments/raw-results/animehacker-tq3-0/2026-07-18/quality/AH-01/P4.json,experiments/raw-results/retained/animehacker-tq3-0/2026-07-18/quality/AH-01/P4.json,546,5e4ce22a15b54698c4177d0fb091e7cd2852a854a55568e40eb0b4325ecea8e5,"[""animehacker-6a25a2aa3c6227862b9e""]",,,,retain_active,recovery-5ec36c25826c
animehacker-tq3-0,experiments/raw-results/animehacker-tq3-0/2026-07-18/quality/AH-01/P5-response.txt,experiments/raw-results/retained/animehacker-tq3-0/2026-07-18/quality/AH-01/P5-response.txt,19,2cfc153d462bdd96d9fdfea9c0a810a883167c0469df46dc1c029966483e652d,"[""animehacker-a319c4040ecf6fefee8e""]",,,,retain_active,recovery-5ec36c25826c
animehacker-tq3-0,experiments/raw-results/animehacker-tq3-0/2026-07-18/quality/AH-01/P5.json,experiments/raw-results/retained/animehacker-tq3-0/2026-07-18/quality/AH-01/P5.json,319,f815819361a1777b17235a4f24f72fc9ffc573b9809e23821d16626e8a1401a9,"[""animehacker-061c0edf5e5c9a186287""]",,,,retain_active,recovery-5ec36c25826c
animehacker-tq3-0,experiments/raw-results/animehacker-tq3-0/2026-07-18/quality/AH-01/P6-response.txt,experiments/raw-results/retained/animehacker-tq3-0/2026-07-18/quality/AH-01/P6-response.txt,10,215dbcb32c4f1a1d61eedf623ed4800482e0c68b651e464352bdc4dee733871e,"[""animehacker-d800f59aa51ab0d38439""]",,,,retain_active,recovery-5ec36c25826c
animehacker-tq3-0,experiments/raw-results/animehacker-tq3-0/2026-07-18/quality/AH-01/P6.json,experiments/raw-results/retained/animehacker-tq3-0/2026-07-18/quality/AH-01/P6.json,330,679baa00fe62dbefb8bdcd110b7623f875f830b220eb128b6a38607e8cf278ee,"[""animehacker-37ba00f1e2f681fb77b0""]",,,,retain_active,recovery-5ec36c25826c
animehacker-tq3-0,experiments/raw-results/animehacker-tq3-0/2026-07-18/quality/AH-01/command.json,experiments/raw-results/retained/animehacker-tq3-0/2026-07-18/quality/AH-01/command.json,767,525cec483e7dedfdb24f48ac4978b3e31ed4c121c12e1ba394f589214be572b3,"[""animehacker-1f7ce107e4b04f0af7d3""]",,,,retain_active,recovery-5ec36c25826c
animehacker-tq3-0,experiments/raw-results/animehacker-tq3-0/2026-07-18/quality/AH-01/complete.json,experiments/raw-results/retained/animehacker-tq3-0/2026-07-18/quality/AH-01/complete.json,176,63974916358cf597778cf04967d4b836d53c7e7ea1ac69d7ffee2d744d700173,"[""animehacker-3ab33a41f170dad7384b""]",,,,retain_active,recovery-5ec36c25826c
animehacker-tq3-0,experiments/raw-results/animehacker-tq3-0/2026-07-18/quality/AH-02/P1-response.txt,experiments/raw-results/retained/animehacker-tq3-0/2026-07-18/quality/AH-02/P1-response.txt,997,7e0b25d6f36c789ba7c1ef203831aee0b73668c25d30c6ab8f1b9c5eef263c2d,"[""animehacker-8925feb5e644329f0f85""]",,,,retain_active,recovery-5ec36c25826c
animehacker-tq3-0,experiments/raw-results/animehacker-tq3-0/2026-07-18/quality/AH-02/P1.json,experiments/raw-results/retained/animehacker-tq3-0/2026-07-18/quality/AH-02/P1.json,1304,9efae649385229f915b0e9aab0f256c3cc2f257dd851f96ede7948c8f2710511,"[""animehacker-d0b6ad477bec060dc8f1""]",,,,retain_active,recovery-5ec36c25826c
animehacker-tq3-0,experiments/raw-results/animehacker-tq3-0/2026-07-18/quality/AH-02/P2-response.txt,experiments/raw-results/retained/animehacker-tq3-0/2026-07-18/quality/AH-02/P2-response.txt,503,267538cb60da5e7b56f53ae9b9c84791c96b142c537865b61ad232e69590466b,"[""animehacker-86061e1f55852e33ac54""]",,,,retain_active,recovery-5ec36c25826c
animehacker-tq3-0,experiments/raw-results/animehacker-tq3-0/2026-07-18/quality/AH-02/P2.json,experiments/raw-results/retained/animehacker-tq3-0/2026-07-18/quality/AH-02/P2.json,807,1c62feb993dfda36bbfded88adce4b9a612196fd69f06b24aa01ae8f43fb8620,"[""animehacker-c4e224dd826c76770baa""]",,,,retain_active,recovery-5ec36c25826c
animehacker-tq3-0,experiments/raw-results/animehacker-tq3-0/2026-07-18/quality/AH-02/P3-response.txt,experiments/raw-results/retained/animehacker-tq3-0/2026-07-18/quality/AH-02/P3-response.txt,413,757bfba6e2846919684cd94a50ed67bd2ebfda57f4814aae6496743be04dfc8c,"[""animehacker-f7898a5adeb539375235""]",,,,retain_active,recovery-5ec36c25826c
animehacker-tq3-0,experiments/raw-results/animehacker-tq3-0/2026-07-18/quality/AH-02/P3.json,experiments/raw-results/retained/animehacker-tq3-0/2026-07-18/quality/AH-02/P3.json,756,599dca152c2f2e13525a35c647d83e83e9a25a61c5573f66076e3e0bb8d276c5,"[""animehacker-a2af718dd9070b930320""]",,,,retain_active,recovery-5ec36c25826c
animehacker-tq3-0,experiments/raw-results/animehacker-tq3-0/2026-07-18/quality/AH-02/P4-response.txt,experiments/raw-results/retained/animehacker-tq3-0/2026-07-18/quality/AH-02/P4-response.txt,263,cb51b602c51123db1b4d59616aa91400cc0d5e976d99229fa8127849b19e5b45,"[""animehacker-adf1a57f689441095534""]",,,,retain_active,recovery-5ec36c25826c
animehacker-tq3-0,experiments/raw-results/animehacker-tq3-0/2026-07-18/quality/AH-02/P4.json,experiments/raw-results/retained/animehacker-tq3-0/2026-07-18/quality/AH-02/P4.json,567,5476e333cb8e4b3769e7684d49bc91be95aa236ba47cfbee8ac2648ef2deccd0,"[""animehacker-618557fee904081829f1""]",,,,retain_active,recovery-5ec36c25826c
animehacker-tq3-0,experiments/raw-results/animehacker-tq3-0/2026-07-18/quality/AH-02/P5-response.txt,experiments/raw-results/retained/animehacker-tq3-0/2026-07-18/quality/AH-02/P5-response.txt,237,5b20ff2dc4bc40523e7bd7db5ddb11f71a87a8aac8a1a14d437a471679fe2c3a,"[""animehacker-010a1920be380c247699""]",,,,retain_active,recovery-5ec36c25826c
animehacker-tq3-0,experiments/raw-results/animehacker-tq3-0/2026-07-18/quality/AH-02/P5.json,experiments/raw-results/retained/animehacker-tq3-0/2026-07-18/quality/AH-02/P5.json,540,1b80899bb23d69424db68ce2dbdd0baa1399a274d16442c4a3017fd417a852d5,"[""animehacker-95af731f8ea042abd9ee""]",,,,retain_active,recovery-5ec36c25826c
animehacker-tq3-0,experiments/raw-results/animehacker-tq3-0/2026-07-18/quality/AH-02/P6-response.txt,experiments/raw-results/retained/animehacker-tq3-0/2026-07-18/quality/AH-02/P6-response.txt,10,215dbcb32c4f1a1d61eedf623ed4800482e0c68b651e464352bdc4dee733871e,"[""animehacker-630f2b84abb2188a92d1""]",,,,retain_active,recovery-5ec36c25826c
animehacker-tq3-0,experiments/raw-results/animehacker-tq3-0/2026-07-18/quality/AH-02/P6.json,experiments/raw-results/retained/animehacker-tq3-0/2026-07-18/quality/AH-02/P6.json,334,ed0bb22eaa1369346983df8dff9c68a922af53cde15a1ed4ed21c5490e1d7506,"[""animehacker-5d1342624550ec385160""]",,,,retain_active,recovery-5ec36c25826c
animehacker-tq3-0,experiments/raw-results/animehacker-tq3-0/2026-07-18/quality/AH-02/command.json,experiments/raw-results/retained/animehacker-tq3-0/2026-07-18/quality/AH-02/command.json,771,289e63974a3e90cacdedc0dfb720e76794b53a5f50bf264aa3a7e67505b6ffe9,"[""animehacker-26e9842dde6713eb3e7b""]",,,,retain_active,recovery-5ec36c25826c
animehacker-tq3-0,experiments/raw-results/animehacker-tq3-0/2026-07-18/quality/AH-02/complete.json,experiments/raw-results/retained/animehacker-tq3-0/2026-07-18/quality/AH-02/complete.json,176,234d146bf16f32205fac182e186b18b9d8acea4deca99075e2c7f1bd01763587,"[""animehacker-7dbf711f812c4543adc3""]",,,,retain_active,recovery-5ec36c25826c
animehacker-tq3-0,experiments/raw-results/animehacker-tq3-0/2026-07-18/quality/AH-03/P1-response.txt,experiments/raw-results/retained/animehacker-tq3-0/2026-07-18/quality/AH-03/P1-response.txt,216,ec023adc038ca28552e8dd620bd0b2690e8d305334341163a1321e603f4fdcd7,"[""animehacker-dada7f252637b5c5c3ff""]",,,,retain_active,recovery-5ec36c25826c
animehacker-tq3-0,experiments/raw-results/animehacker-tq3-0/2026-07-18/quality/AH-03/P1.json,experiments/raw-results/retained/animehacker-tq3-0/2026-07-18/quality/AH-03/P1.json,515,ddd22fb99b28e670c148220d1c68e6113d28d27314fd1e18771642c6f74b379d,"[""animehacker-212e943aaa0d3c0764da""]",,,,retain_active,recovery-5ec36c25826c
animehacker-tq3-0,experiments/raw-results/animehacker-tq3-0/2026-07-18/quality/AH-03/P2-response.txt,experiments/raw-results/retained/animehacker-tq3-0/2026-07-18/quality/AH-03/P2-response.txt,273,4daf1b0bbd3de0c849760632d3f9bd99461053d4020119365d642ddc86797902,"[""animehacker-dab4863dd611abf43ec8""]",,,,retain_active,recovery-5ec36c25826c
animehacker-tq3-0,experiments/raw-results/animehacker-tq3-0/2026-07-18/quality/AH-03/P2.json,experiments/raw-results/retained/animehacker-tq3-0/2026-07-18/quality/AH-03/P2.json,572,45a87d8f79fa55232f9c01fac837474004815e42ff56118cd33113d0f039b100,"[""animehacker-f2931806e41285cb3b80""]",,,,retain_active,recovery-5ec36c25826c
animehacker-tq3-0,experiments/raw-results/animehacker-tq3-0/2026-07-18/quality/AH-03/P3-response.txt,experiments/raw-results/retained/animehacker-tq3-0/2026-07-18/quality/AH-03/P3-response.txt,127,8ed5b6a6cd0034a72cc8fd950e4d2ead71ba635a057e36faea917d2d3aab1c21,"[""animehacker-3e10990c65acb9409f93""]",,,,retain_active,recovery-5ec36c25826c
animehacker-tq3-0,experiments/raw-results/animehacker-tq3-0/2026-07-18/quality/AH-03/P3.json,experiments/raw-results/retained/animehacker-tq3-0/2026-07-18/quality/AH-03/P3.json,442,5a81203539ab66071e292dd88057ddbd89f92692b732c4359c9acfe1860c4fa2,"[""animehacker-bdfd65842b05116b56d5""]",,,,retain_active,recovery-5ec36c25826c
animehacker-tq3-0,experiments/raw-results/animehacker-tq3-0/2026-07-18/quality/AH-03/P4-response.txt,experiments/raw-results/retained/animehacker-tq3-0/2026-07-18/quality/AH-03/P4-response.txt,278,e6ec8021677c176a31a77c590dd48b691e90c27fab47d604fb0d5942fadc484b,"[""animehacker-9a1bc0c0083f8ceb6ea4""]",,,,retain_active,recovery-5ec36c25826c
animehacker-tq3-0,experiments/raw-results/animehacker-tq3-0/2026-07-18/quality/AH-03/P4.json,experiments/raw-results/retained/animehacker-tq3-0/2026-07-18/quality/AH-03/P4.json,577,f6e5d5e08a7e97a3da68cf480279dcad3c758d9dcfcb6fe75867422438dee755,"[""animehacker-864990fc4be40783aba7""]",,,,retain_active,recovery-5ec36c25826c
animehacker-tq3-0,experiments/raw-results/animehacker-tq3-0/2026-07-18/quality/AH-03/P5-response.txt,experiments/raw-results/retained/animehacker-tq3-0/2026-07-18/quality/AH-03/P5-response.txt,18,cf80581b2f196eb506645b15c514770c506fd47cbc6e53775a0dac00976d2884,"[""animehacker-726b7f21a463a861ddfa""]",,,,retain_active,recovery-5ec36c25826c
animehacker-tq3-0,experiments/raw-results/animehacker-tq3-0/2026-07-18/quality/AH-03/P5.json,experiments/raw-results/retained/animehacker-tq3-0/2026-07-18/quality/AH-03/P5.json,319,26a1f5f221d554c6ca24a79bf6e7e230172d9cb4bcd8499428700d4e2df5e4b1,"[""animehacker-6d45a0816e9d4719eca4""]",,,,retain_active,recovery-5ec36c25826c
animehacker-tq3-0,experiments/raw-results/animehacker-tq3-0/2026-07-18/quality/AH-03/P6-response.txt,experiments/raw-results/retained/animehacker-tq3-0/2026-07-18/quality/AH-03/P6-response.txt,4,a388f562e286fdf28986f9253579f4d096446e01dd0c771996a51ff11b390fa2,"[""animehacker-e6eb606022c5a96115bb""]",,,,retain_active,recovery-5ec36c25826c
animehacker-tq3-0,experiments/raw-results/animehacker-tq3-0/2026-07-18/quality/AH-03/P6.json,experiments/raw-results/retained/animehacker-tq3-0/2026-07-18/quality/AH-03/P6.json,324,62407ea8955fbf6163329904267b08ccd81108c1ccf96be7d84fc457d532b7f7,"[""animehacker-7beef1eb6354f0a22ad7""]",,,,retain_active,recovery-5ec36c25826c
animehacker-tq3-0,experiments/raw-results/animehacker-tq3-0/2026-07-18/quality/AH-03/command.json,experiments/raw-results/retained/animehacker-tq3-0/2026-07-18/quality/AH-03/command.json,758,e64e726223fbcf4a3e9b30dd452ae5bc603d3eb286e6942c9c27470639c8da17,"[""animehacker-4c6fc04c8a3b53a15bc0""]",,,,retain_active,recovery-5ec36c25826c
animehacker-tq3-0,experiments/raw-results/animehacker-tq3-0/2026-07-18/quality/AH-03/complete.json,experiments/raw-results/retained/animehacker-tq3-0/2026-07-18/quality/AH-03/complete.json,176,c923c93589f49ecd55028ca007a32197268ff6a7e26ef1b21b4d54060521e867,"[""animehacker-3ae07322447bbf3b51fa""]",,,,retain_active,recovery-5ec36c25826c
animehacker-tq3-0,experiments/raw-results/animehacker-tq3-0/2026-07-18/quality/AH-04/P1-response.txt,experiments/raw-results/retained/animehacker-tq3-0/2026-07-18/quality/AH-04/P1-response.txt,220,8007cc112a904e5e4c389f359f5614f7d9cd2793450c406f74bfc7cdaa16139d,"[""animehacker-c2545ae04a4dba84b705""]",,,,retain_active,recovery-5ec36c25826c
animehacker-tq3-0,experiments/raw-results/animehacker-tq3-0/2026-07-18/quality/AH-04/P1.json,experiments/raw-results/retained/animehacker-tq3-0/2026-07-18/quality/AH-04/P1.json,520,6458c83bbe98fb67d76412da094a53328459718f3033824e0a1b7cd5e47d71bc,"[""animehacker-44896f6602424f0af6a0""]",,,,retain_active,recovery-5ec36c25826c
animehacker-tq3-0,experiments/raw-results/animehacker-tq3-0/2026-07-18/quality/AH-04/P2-response.txt,experiments/raw-results/retained/animehacker-tq3-0/2026-07-18/quality/AH-04/P2-response.txt,247,10c4d913a6f4f8217e14e69c8d8b19a8b2ba3e1aeb15d80b20dac3fa8d07ba26,"[""animehacker-bfd4bf301dff9ddf0ac7""]",,,,retain_active,recovery-5ec36c25826c
animehacker-tq3-0,experiments/raw-results/animehacker-tq3-0/2026-07-18/quality/AH-04/P2.json,experiments/raw-results/retained/animehacker-tq3-0/2026-07-18/quality/AH-04/P2.json,547,40d8606a5489ef4e4233a126520a08b2b9fced90c8cc068b15b9e614d217f5d3,"[""animehacker-426e3ec6f469f9c842c5""]",,,,retain_active,recovery-5ec36c25826c
animehacker-tq3-0,experiments/raw-results/animehacker-tq3-0/2026-07-18/quality/AH-04/P3-response.txt,experiments/raw-results/retained/animehacker-tq3-0/2026-07-18/quality/AH-04/P3-response.txt,127,8ed5b6a6cd0034a72cc8fd950e4d2ead71ba635a057e36faea917d2d3aab1c21,"[""animehacker-ba0f71a70b4590204818""]",,,,retain_active,recovery-5ec36c25826c
animehacker-tq3-0,experiments/raw-results/animehacker-tq3-0/2026-07-18/quality/AH-04/P3.json,experiments/raw-results/retained/animehacker-tq3-0/2026-07-18/quality/AH-04/P3.json,443,f972c76f6fea71ef12af0fe8c9fd39579abe6fd8c3a7d81bd11f043a846ee170,"[""animehacker-a7f8465a2dfca3e4df72""]",,,,retain_active,recovery-5ec36c25826c
animehacker-tq3-0,experiments/raw-results/animehacker-tq3-0/2026-07-18/quality/AH-04/P4-response.txt,experiments/raw-results/retained/animehacker-tq3-0/2026-07-18/quality/AH-04/P4-response.txt,264,cd222f54800f87fa6113ba224d8ca148adf59829cfc90b7b1670cd5e89c794bd,"[""animehacker-884f638f00616d600cba""]",,,,retain_active,recovery-5ec36c25826c
animehacker-tq3-0,experiments/raw-results/animehacker-tq3-0/2026-07-18/quality/AH-04/P4.json,experiments/raw-results/retained/animehacker-tq3-0/2026-07-18/quality/AH-04/P4.json,564,5e95b07cb2ffeaed1aa524794dc779ef9a5a719809ae2b8b03c12e940c261334,"[""animehacker-5a2fedf2ea00d207a773""]",,,,retain_active,recovery-5ec36c25826c
animehacker-tq3-0,experiments/raw-results/animehacker-tq3-0/2026-07-18/quality/AH-04/P5-response.txt,experiments/raw-results/retained/animehacker-tq3-0/2026-07-18/quality/AH-04/P5-response.txt,19,2cfc153d462bdd96d9fdfea9c0a810a883167c0469df46dc1c029966483e652d,"[""animehacker-6414338dffecff84a4da""]",,,,retain_active,recovery-5ec36c25826c
animehacker-tq3-0,experiments/raw-results/animehacker-tq3-0/2026-07-18/quality/AH-04/P5-timeout-900.json,experiments/raw-results/retained/animehacker-tq3-0/2026-07-18/quality/AH-04/P5-timeout-900.json,492,28d99b3ce1cb38890580d8eab4fdf011ce0f4a7fb5feb5067b89606f6a5ad81e,"[""animehacker-2578d05e18c785d5aab4""]",,,,retain_active,recovery-5ec36c25826c
animehacker-tq3-0,experiments/raw-results/animehacker-tq3-0/2026-07-18/quality/AH-04/P5.json,experiments/raw-results/retained/animehacker-tq3-0/2026-07-18/quality/AH-04/P5.json,322,71b363452384117e005a73e6a7fc70f6dab813068c4a14dbbcc0dbf80981ead6,"[""animehacker-23e081d896a61ff211a3""]",,,,retain_active,recovery-5ec36c25826c
animehacker-tq3-0,experiments/raw-results/animehacker-tq3-0/2026-07-18/quality/AH-04/P6-response.txt,experiments/raw-results/retained/animehacker-tq3-0/2026-07-18/quality/AH-04/P6-response.txt,10,215dbcb32c4f1a1d61eedf623ed4800482e0c68b651e464352bdc4dee733871e,"[""animehacker-ba5d9884b619df29b482""]",,,,retain_active,recovery-5ec36c25826c
animehacker-tq3-0,experiments/raw-results/animehacker-tq3-0/2026-07-18/quality/AH-04/P6.json,experiments/raw-results/retained/animehacker-tq3-0/2026-07-18/quality/AH-04/P6.json,330,564ff1a2580838f9eb48a62969299f33f1088b8ab2bfbac4d28163110ac5ef58,"[""animehacker-0ba8c8d2360eba3f26ae""]",,,,retain_active,recovery-5ec36c25826c
animehacker-tq3-0,experiments/raw-results/animehacker-tq3-0/2026-07-18/quality/AH-04/command.json,experiments/raw-results/retained/animehacker-tq3-0/2026-07-18/quality/AH-04/command.json,760,f3ac3fe1f5d199ddcc2eb584dcb81e26260b00998d12bcd2e4dbf2565f9efa5c,"[""animehacker-22a6c3b6de19ac27a7e5""]",,,,retain_active,recovery-5ec36c25826c
animehacker-tq3-0,experiments/raw-results/animehacker-tq3-0/2026-07-18/quality/AH-04/complete.json,experiments/raw-results/retained/animehacker-tq3-0/2026-07-18/quality/AH-04/complete.json,176,e3748715853fbe896ab8416c28003222a8926cc4e8a5792007c9b8cb5ec14529,"[""animehacker-1f6b8b2d3a9c7e66af2b""]",,,,retain_active,recovery-5ec36c25826c
animehacker-tq3-0,experiments/raw-results/animehacker-tq3-0/2026-07-18/quality/AH-05/P1-response.txt,experiments/raw-results/retained/animehacker-tq3-0/2026-07-18/quality/AH-05/P1-response.txt,268,de398ca018c7eb48d707ae8c117e73b9104ef9d29b6fc852eda136bf15028fd9,"[""animehacker-42da5b64f62bdc465643""]",,,,retain_active,recovery-5ec36c25826c
animehacker-tq3-0,experiments/raw-results/animehacker-tq3-0/2026-07-18/quality/AH-05/P1.json,experiments/raw-results/retained/animehacker-tq3-0/2026-07-18/quality/AH-05/P1.json,569,a853c98c746cff19f1cc54960d279d5a220c4683258e64b5bd14557d81013606,"[""animehacker-1a1d34c989ab060a1104""]",,,,retain_active,recovery-5ec36c25826c
animehacker-tq3-0,experiments/raw-results/animehacker-tq3-0/2026-07-18/quality/AH-05/P2-response.txt,experiments/raw-results/retained/animehacker-tq3-0/2026-07-18/quality/AH-05/P2-response.txt,229,f06b0cf3a8d03eb2c1e086715abd83e33119022aff6a48a84ea24cd38b8f3e57,"[""animehacker-13fab231ba76db5ffe94""]",,,,retain_active,recovery-5ec36c25826c
animehacker-tq3-0,experiments/raw-results/animehacker-tq3-0/2026-07-18/quality/AH-05/P2.json,experiments/raw-results/retained/animehacker-tq3-0/2026-07-18/quality/AH-05/P2.json,530,dbcd757b97e23db8a6b647bc156a4344366cff9b3c95186be41d3276dfa5f51e,"[""animehacker-23935a58477e6da082e0""]",,,,retain_active,recovery-5ec36c25826c
animehacker-tq3-0,experiments/raw-results/animehacker-tq3-0/2026-07-18/quality/AH-05/P3-response.txt,experiments/raw-results/retained/animehacker-tq3-0/2026-07-18/quality/AH-05/P3-response.txt,93,53bfb412e4745e6ddfebc75390f55e88508d2bc0cc063d1a3f41985fc4d6c1a3,"[""animehacker-75e539466758997b7799""]",,,,retain_active,recovery-5ec36c25826c
animehacker-tq3-0,experiments/raw-results/animehacker-tq3-0/2026-07-18/quality/AH-05/P3.json,experiments/raw-results/retained/animehacker-tq3-0/2026-07-18/quality/AH-05/P3.json,406,bbff6f49e0909be552e50b11ca5308303c230cc573a9e7387da62f58b0ba2c90,"[""animehacker-b35ce31e9150fc3c9a2b""]",,,,retain_active,recovery-5ec36c25826c
animehacker-tq3-0,experiments/raw-results/animehacker-tq3-0/2026-07-18/quality/AH-05/P4-response.txt,experiments/raw-results/retained/animehacker-tq3-0/2026-07-18/quality/AH-05/P4-response.txt,245,8a4b186cdf2c570223ac54e7ebfac86a64334a651463e82cf153fef333dbc6c8,"[""animehacker-357a930ad03b2b316734""]",,,,retain_active,recovery-5ec36c25826c
animehacker-tq3-0,experiments/raw-results/animehacker-tq3-0/2026-07-18/quality/AH-05/P4.json,experiments/raw-results/retained/animehacker-tq3-0/2026-07-18/quality/AH-05/P4.json,546,0bb8bb573ff15d1449877f49f09e58f352065842ee3096c162d16e752e8f4f1f,"[""animehacker-f9c572927f866a073f90""]",,,,retain_active,recovery-5ec36c25826c
animehacker-tq3-0,experiments/raw-results/animehacker-tq3-0/2026-07-18/quality/AH-05/P5-response.txt,experiments/raw-results/retained/animehacker-tq3-0/2026-07-18/quality/AH-05/P5-response.txt,17,d8d73ad6cd1cd330d061bb290a3d33e5a9fa52bdeeb2ef7c7c4df6d5de98fbc7,"[""animehacker-77b36705cd6097a5d75f""]",,,,retain_active,recovery-5ec36c25826c
animehacker-tq3-0,experiments/raw-results/animehacker-tq3-0/2026-07-18/quality/AH-05/P5.json,experiments/raw-results/retained/animehacker-tq3-0/2026-07-18/quality/AH-05/P5.json,320,39fd6346f5d9c15b302fde89dcb515b01ca2083a9733903fea59dbf67d9696ca,"[""animehacker-b76fb14a1a8cf9434186""]",,,,retain_active,recovery-5ec36c25826c
animehacker-tq3-0,experiments/raw-results/animehacker-tq3-0/2026-07-18/quality/AH-05/P6-response.txt,experiments/raw-results/retained/animehacker-tq3-0/2026-07-18/quality/AH-05/P6-response.txt,167,07338dda8ef7482ae0bf1dafaf446f2e395816ebc0503c59253238b6f338b9ee,"[""animehacker-bbcc6b66a1b812348c21""]",,,,retain_active,recovery-5ec36c25826c
animehacker-tq3-0,experiments/raw-results/animehacker-tq3-0/2026-07-18/quality/AH-05/P6.json,experiments/raw-results/retained/animehacker-tq3-0/2026-07-18/quality/AH-05/P6.json,489,f08527f89f3bbd435b1da76f04decb7e37cf87dbf556b36b1af649466e782fd1,"[""animehacker-2b9d87a1723d41f466b0""]",,,,retain_active,recovery-5ec36c25826c
animehacker-tq3-0,experiments/raw-results/animehacker-tq3-0/2026-07-18/quality/AH-05/command.json,experiments/raw-results/retained/animehacker-tq3-0/2026-07-18/quality/AH-05/command.json,762,2bca2f0d5f674362318c87875f11ce94dd5a76dc12330a48fe8e4d1ff39b9252,"[""animehacker-71dc1887e08431a18af9""]",,,,retain_active,recovery-5ec36c25826c
animehacker-tq3-0,experiments/raw-results/animehacker-tq3-0/2026-07-18/quality/AH-05/complete.json,experiments/raw-results/retained/animehacker-tq3-0/2026-07-18/quality/AH-05/complete.json,176,9096b9ac753993863c691c96ad3b80e18e9edeff3c486944bdbadd74746028d9,"[""animehacker-8ac109017ac5b0c6790d""]",,,,retain_active,recovery-5ec36c25826c
animehacker-tq3-0,experiments/raw-results/animehacker-tq3-0/2026-07-18/quality/AH-08/P1-response.txt,experiments/raw-results/retained/animehacker-tq3-0/2026-07-18/quality/AH-08/P1-response.txt,216,ec023adc038ca28552e8dd620bd0b2690e8d305334341163a1321e603f4fdcd7,"[""animehacker-7946121811d3f34ed472""]",,,,retain_active,recovery-5ec36c25826c
animehacker-tq3-0,experiments/raw-results/animehacker-tq3-0/2026-07-18/quality/AH-08/P1.json,experiments/raw-results/retained/animehacker-tq3-0/2026-07-18/quality/AH-08/P1.json,524,a17e477fad019756febdbe5e19027f6a38e3b08bb52dfc53154d5da7be3f1bb6,"[""animehacker-3d0c60b7d63f0fd9a2a1""]",,,,retain_active,recovery-5ec36c25826c
animehacker-tq3-0,experiments/raw-results/animehacker-tq3-0/2026-07-18/quality/AH-08/P2-response.txt,experiments/raw-results/retained/animehacker-tq3-0/2026-07-18/quality/AH-08/P2-response.txt,370,f92ccdcc70e31f6e489347db76124e7713e48604a1c631e2087e03e3f3d4cfb5,"[""animehacker-49cc72f2e56e3aa85cf0""]",,,,retain_active,recovery-5ec36c25826c
animehacker-tq3-0,experiments/raw-results/animehacker-tq3-0/2026-07-18/quality/AH-08/P2.json,experiments/raw-results/retained/animehacker-tq3-0/2026-07-18/quality/AH-08/P2.json,678,0efcc96581223adf79a866b17cb9722491de72a0e183911fab56df2e8668a906,"[""animehacker-61d541f3b7635e007d58""]",,,,retain_active,recovery-5ec36c25826c
animehacker-tq3-0,experiments/raw-results/animehacker-tq3-0/2026-07-18/quality/AH-08/P3-response.txt,experiments/raw-results/retained/animehacker-tq3-0/2026-07-18/quality/AH-08/P3-response.txt,122,090ef6368b279be0906e7cdd5c3439e24745bb30e78fbe4f005db188c79a7731,"[""animehacker-14ec662a5519aca79019""]",,,,retain_active,recovery-5ec36c25826c
animehacker-tq3-0,experiments/raw-results/animehacker-tq3-0/2026-07-18/quality/AH-08/P3.json,experiments/raw-results/retained/animehacker-tq3-0/2026-07-18/quality/AH-08/P3.json,446,c8a08b4efea7f81be8eb80633c4d74e7b04f2a03dac5e9808cdb5c72bc9b9243,"[""animehacker-f4f827873e1df2038514""]",,,,retain_active,recovery-5ec36c25826c
animehacker-tq3-0,experiments/raw-results/animehacker-tq3-0/2026-07-18/quality/AH-08/P4-response.txt,experiments/raw-results/retained/animehacker-tq3-0/2026-07-18/quality/AH-08/P4-response.txt,265,22c0878c9956fd63b9b7aae990555274a38bbdba8aa6d699da6bf69d13002c9e,"[""animehacker-f6fc2e09cc604ecf8a97""]",,,,retain_active,recovery-5ec36c25826c
animehacker-tq3-0,experiments/raw-results/animehacker-tq3-0/2026-07-18/quality/AH-08/P4.json,experiments/raw-results/retained/animehacker-tq3-0/2026-07-18/quality/AH-08/P4.json,573,0b8fce2ea9bc561cbdd456ad345c19b33895d4f9aaf19380e3c98c4622510bc3,"[""animehacker-d342cfc6013140185e2d""]",,,,retain_active,recovery-5ec36c25826c
animehacker-tq3-0,experiments/raw-results/animehacker-tq3-0/2026-07-18/quality/AH-08/P5-response.txt,experiments/raw-results/retained/animehacker-tq3-0/2026-07-18/quality/AH-08/P5-response.txt,137,ada25e87e6ea9bee59b8420772ec12b72fce36a8d82a03f47657220724e21304,"[""animehacker-e36ecdc6bf414605858f""]",,,,retain_active,recovery-5ec36c25826c
animehacker-tq3-0,experiments/raw-results/animehacker-tq3-0/2026-07-18/quality/AH-08/P5.json,experiments/raw-results/retained/animehacker-tq3-0/2026-07-18/quality/AH-08/P5.json,455,8595db3f0681b3d5c12ca6e4e7ee6c50e195a899ab0b33b9c0f66405c76be7b8,"[""animehacker-9ac0f7f854a04b409083""]",,,,retain_active,recovery-5ec36c25826c
animehacker-tq3-0,experiments/raw-results/animehacker-tq3-0/2026-07-18/quality/AH-08/P6-response.txt,experiments/raw-results/retained/animehacker-tq3-0/2026-07-18/quality/AH-08/P6-response.txt,10,215dbcb32c4f1a1d61eedf623ed4800482e0c68b651e464352bdc4dee733871e,"[""animehacker-607888050737b7f2c5bd""]",,,,retain_active,recovery-5ec36c25826c
animehacker-tq3-0,experiments/raw-results/animehacker-tq3-0/2026-07-18/quality/AH-08/P6.json,experiments/raw-results/retained/animehacker-tq3-0/2026-07-18/quality/AH-08/P6.json,339,f118754a30b25071ebca3c147bf8ffe012fccbd3e45d2f13d8493276989be5a4,"[""animehacker-0c01009a8c8cbfee2a99""]",,,,retain_active,recovery-5ec36c25826c
animehacker-tq3-0,experiments/raw-results/animehacker-tq3-0/2026-07-18/quality/AH-08/command.json,experiments/raw-results/retained/animehacker-tq3-0/2026-07-18/quality/AH-08/command.json,788,3d527e178aca375657b5afd9b6d3107767ea150c02338a62636b31c7af88ed01,"[""animehacker-702e1ced7b15b200bf04""]",,,,retain_active,recovery-5ec36c25826c
animehacker-tq3-0,experiments/raw-results/animehacker-tq3-0/2026-07-18/quality/AH-08/complete.json,experiments/raw-results/retained/animehacker-tq3-0/2026-07-18/quality/AH-08/complete.json,176,902cb86289ac33a4bee5d65de6616527d46cc1b08db1ae87d49934ecc2f84172,"[""animehacker-b4c30d2f06665fff4ab1""]",,,,retain_active,recovery-5ec36c25826c
animehacker-tq3-0,experiments/raw-results/animehacker-tq3-0/2026-07-18/quality/adjudication.json,experiments/raw-results/retained/animehacker-tq3-0/2026-07-18/quality/adjudication.json,54628,5123c0fd2016159fb2b48ea2bedfa039af30798112d18b6f52fe914322fe521b,"[""animehacker-6517f74c71a0537eb162""]",,,,retain_active,recovery-5ec36c25826c
animehacker-tq3-0,experiments/raw-results/animehacker-tq3-0/2026-07-18/reconciliation.json,experiments/raw-results/retained/animehacker-tq3-0/2026-07-18/reconciliation.json,1362,02f6dea288f1b704747ec07b0adacd2644990e645eb7fa45ff32fa71098ebc15,"[""animehacker-34ab10f0a8210699f64b""]",,,,retain_active,recovery-5ec36c25826c
animehacker-tq3-0,experiments/raw-results/animehacker-tq3-0/2026-07-18/runtime-recovery/AH-09/environment.json,experiments/raw-results/retained/animehacker-tq3-0/2026-07-18/runtime-recovery/AH-09/environment.json,46,e5007d948038ca0d5a77b6265ccee9d7a2e6b205a899235ed572c2fc8636f3cb,"[""animehacker-d878718bdb6c50ecfd57""]",,,,retain_active,recovery-5ec36c25826c
animehacker-tq3-0,experiments/raw-results/animehacker-tq3-0/2026-07-18/runtime-recovery/AH-09/model.json,experiments/raw-results/retained/animehacker-tq3-0/2026-07-18/runtime-recovery/AH-09/model.json,236,ef47576d50939008fe638786a2a8492509b3f81b1c3f7f5a48ba9ccd19c8bdcb,"[""animehacker-86603b026caf4a7a2bfa""]",,,,retain_active,recovery-5ec36c25826c
animehacker-tq3-0,experiments/raw-results/animehacker-tq3-0/2026-07-18/runtime-recovery/AH-09/pilot/.utilization-ready,experiments/raw-results/retained/animehacker-tq3-0/2026-07-18/runtime-recovery/AH-09/pilot/.utilization-ready,7,83e24203f3532a5d379e2dfcab2a0bffa0b0d059eddc22ab04155ed229343ef3,"[""animehacker-5a86bc31ac6696249ac0""]",,,,retain_active,recovery-5ec36c25826c
animehacker-tq3-0,experiments/raw-results/animehacker-tq3-0/2026-07-18/runtime-recovery/AH-09/pilot/.utilization-stop,experiments/raw-results/retained/animehacker-tq3-0/2026-07-18/runtime-recovery/AH-09/pilot/.utilization-stop,4,6c45cb72a36e63d522aa54ed8adbd7a29a989474f2f77e0458af8800564ef3cb,"[""animehacker-eadca2b0c6b89f531e7b""]",,,,retain_active,recovery-5ec36c25826c
animehacker-tq3-0,experiments/raw-results/animehacker-tq3-0/2026-07-18/runtime-recovery/AH-09/pilot/activation.json,experiments/raw-results/retained/animehacker-tq3-0/2026-07-18/runtime-recovery/AH-09/pilot/activation.json,224,b281fafc1d4ca0ece2c0abc878d34e9180f62f213c86c20f579ed81effa82ad8,"[""animehacker-e6029de8cdb786bd752e""]",,,,retain_active,recovery-5ec36c25826c
animehacker-tq3-0,experiments/raw-results/animehacker-tq3-0/2026-07-18/runtime-recovery/AH-09/pilot/command.json,experiments/raw-results/retained/animehacker-tq3-0/2026-07-18/runtime-recovery/AH-09/pilot/command.json,2388,240e489f5fb54d131b9b80fd27191b3814a9aa8c2f55caf40d71d1b6bea3736b,"[""animehacker-5dc8fe719d4648adfc0a""]",,,,retain_active,recovery-5ec36c25826c
animehacker-tq3-0,experiments/raw-results/animehacker-tq3-0/2026-07-18/runtime-recovery/AH-09/pilot/controller-stderr.txt,experiments/raw-results/retained/animehacker-tq3-0/2026-07-18/runtime-recovery/AH-09/pilot/controller-stderr.txt,0,e3b0c44298fc1c149afbf4c8996fb92427ae41e4649b934ca495991b7852b855,"[""animehacker-de1bddc46cf9ca13fcb5""]",,,,retain_active,recovery-5ec36c25826c
animehacker-tq3-0,experiments/raw-results/animehacker-tq3-0/2026-07-18/runtime-recovery/AH-09/pilot/controller-stdout.txt,experiments/raw-results/retained/animehacker-tq3-0/2026-07-18/runtime-recovery/AH-09/pilot/controller-stdout.txt,1266,cc2e3a0a31355e95a77908938bbbd8ebf022fb6bc5807b4ad057dc01e9cbe94a,"[""animehacker-90670df668eac04eca95""]",,,,retain_active,recovery-5ec36c25826c
animehacker-tq3-0,experiments/raw-results/animehacker-tq3-0/2026-07-18/runtime-recovery/AH-09/pilot/events.jsonl,experiments/raw-results/retained/animehacker-tq3-0/2026-07-18/runtime-recovery/AH-09/pilot/events.jsonl,492895,4ef37156816f5c2cf6bad7d91cf172671959770f874865854509e04b4c40476c,"[""animehacker-9fda0d6a777e2dcd7e65""]",,,,retain_active,recovery-5ec36c25826c
animehacker-tq3-0,experiments/raw-results/animehacker-tq3-0/2026-07-18/runtime-recovery/AH-09/pilot/measurement.json,experiments/raw-results/retained/animehacker-tq3-0/2026-07-18/runtime-recovery/AH-09/pilot/measurement.json,1436,a6121b3e0dd689a82e101e26de0c7e5a6bf9ad65b17c6a3f79b0e55b10c6f296,"[""animehacker-d554250a8a4f6de468fb""]",,,,retain_active,recovery-5ec36c25826c
animehacker-tq3-0,experiments/raw-results/animehacker-tq3-0/2026-07-18/runtime-recovery/AH-09/pilot/stderr.txt,experiments/raw-results/retained/animehacker-tq3-0/2026-07-18/runtime-recovery/AH-09/pilot/stderr.txt,282589,f423b7dffe2bfd6fbc60ffa5b98664b9b145d600bb070289f37320957792242d,"[""animehacker-1bd10112aaf5e73884c5""]",,,,retain_active,recovery-5ec36c25826c
animehacker-tq3-0,experiments/raw-results/animehacker-tq3-0/2026-07-18/runtime-recovery/AH-09/pilot/stdout.txt,experiments/raw-results/retained/animehacker-tq3-0/2026-07-18/runtime-recovery/AH-09/pilot/stdout.txt,0,e3b0c44298fc1c149afbf4c8996fb92427ae41e4649b934ca495991b7852b855,"[""animehacker-941659eb14249862f9ed""]",,,,retain_active,recovery-5ec36c25826c
animehacker-tq3-0,experiments/raw-results/animehacker-tq3-0/2026-07-18/runtime-recovery/AH-09/pilot/utilization-samples.csv,experiments/raw-results/retained/animehacker-tq3-0/2026-07-18/runtime-recovery/AH-09/pilot/utilization-samples.csv,1184,f7a1f3704ae4f0466cefc1e8ec9a7713107bf7ca672f9047952b2ae98df160ea,"[""animehacker-22139e5bd1e9bf14d548""]",,,,retain_active,recovery-5ec36c25826c
animehacker-tq3-0,experiments/raw-results/animehacker-tq3-0/2026-07-18/runtime-recovery/AH-09/sample-1/.utilization-ready,experiments/raw-results/retained/animehacker-tq3-0/2026-07-18/runtime-recovery/AH-09/sample-1/.utilization-ready,7,83e24203f3532a5d379e2dfcab2a0bffa0b0d059eddc22ab04155ed229343ef3,"[""animehacker-2064b977d20c41d7328b""]",,,,retain_active,recovery-5ec36c25826c
animehacker-tq3-0,experiments/raw-results/animehacker-tq3-0/2026-07-18/runtime-recovery/AH-09/sample-1/.utilization-stop,experiments/raw-results/retained/animehacker-tq3-0/2026-07-18/runtime-recovery/AH-09/sample-1/.utilization-stop,4,6c45cb72a36e63d522aa54ed8adbd7a29a989474f2f77e0458af8800564ef3cb,"[""animehacker-a939a6779adf7d923223""]",,,,retain_active,recovery-5ec36c25826c
animehacker-tq3-0,experiments/raw-results/animehacker-tq3-0/2026-07-18/runtime-recovery/AH-09/sample-1/activation.json,experiments/raw-results/retained/animehacker-tq3-0/2026-07-18/runtime-recovery/AH-09/sample-1/activation.json,224,b281fafc1d4ca0ece2c0abc878d34e9180f62f213c86c20f579ed81effa82ad8,"[""animehacker-4b4406b319d9e6953b6a""]",,,,retain_active,recovery-5ec36c25826c
animehacker-tq3-0,experiments/raw-results/animehacker-tq3-0/2026-07-18/runtime-recovery/AH-09/sample-1/command.json,experiments/raw-results/retained/animehacker-tq3-0/2026-07-18/runtime-recovery/AH-09/sample-1/command.json,2394,6dfcd1020e76a23c04f59a6ed7a0077970cc5e0b9837d64c619588959d47793a,"[""animehacker-d0df8edc60a675d8735d""]",,,,retain_active,recovery-5ec36c25826c
animehacker-tq3-0,experiments/raw-results/animehacker-tq3-0/2026-07-18/runtime-recovery/AH-09/sample-1/controller-stderr.txt,experiments/raw-results/retained/animehacker-tq3-0/2026-07-18/runtime-recovery/AH-09/sample-1/controller-stderr.txt,0,e3b0c44298fc1c149afbf4c8996fb92427ae41e4649b934ca495991b7852b855,"[""animehacker-90166dba3386f99afd30""]",,,,retain_active,recovery-5ec36c25826c
animehacker-tq3-0,experiments/raw-results/animehacker-tq3-0/2026-07-18/runtime-recovery/AH-09/sample-1/controller-stdout.txt,experiments/raw-results/retained/animehacker-tq3-0/2026-07-18/runtime-recovery/AH-09/sample-1/controller-stdout.txt,1306,67d938de7c3077c00cb9c407e5c5d378217d3047e4bf6a714022c3810a42187d,"[""animehacker-b73b081c6ac28c88018b""]",,,,retain_active,recovery-5ec36c25826c
animehacker-tq3-0,experiments/raw-results/animehacker-tq3-0/2026-07-18/runtime-recovery/AH-09/sample-1/events.jsonl,experiments/raw-results/retained/animehacker-tq3-0/2026-07-18/runtime-recovery/AH-09/sample-1/events.jsonl,492428,d2a3443e49630f999c9bde7eb600a7b5d63f7f31890fbfded9791d99c659293f,"[""animehacker-35238f99cb2c8c5d308d""]",,,,retain_active,recovery-5ec36c25826c
animehacker-tq3-0,experiments/raw-results/animehacker-tq3-0/2026-07-18/runtime-recovery/AH-09/sample-1/measurement.json,experiments/raw-results/retained/animehacker-tq3-0/2026-07-18/runtime-recovery/AH-09/sample-1/measurement.json,1476,35dce082d33298bebbee85f1b25cbee4cc90b00af2d82735370e676f479c61da,"[""animehacker-d90f96a6cadd555ff5d9""]",,,,retain_active,recovery-5ec36c25826c
animehacker-tq3-0,experiments/raw-results/animehacker-tq3-0/2026-07-18/runtime-recovery/AH-09/sample-1/stderr.txt,experiments/raw-results/retained/animehacker-tq3-0/2026-07-18/runtime-recovery/AH-09/sample-1/stderr.txt,282611,c70a30ea5c94cf5db8ef2820ac22a1febb3d7c720efd7229f9b98d261dcec867,"[""animehacker-f45e3a76dbcca63c1461""]",,,,retain_active,recovery-5ec36c25826c
animehacker-tq3-0,experiments/raw-results/animehacker-tq3-0/2026-07-18/runtime-recovery/AH-09/sample-1/stdout.txt,experiments/raw-results/retained/animehacker-tq3-0/2026-07-18/runtime-recovery/AH-09/sample-1/stdout.txt,0,e3b0c44298fc1c149afbf4c8996fb92427ae41e4649b934ca495991b7852b855,"[""animehacker-f666c7937f53039216b5""]",,,,retain_active,recovery-5ec36c25826c
animehacker-tq3-0,experiments/raw-results/animehacker-tq3-0/2026-07-18/runtime-recovery/AH-09/sample-1/utilization-samples.csv,experiments/raw-results/retained/animehacker-tq3-0/2026-07-18/runtime-recovery/AH-09/sample-1/utilization-samples.csv,1184,54869707dc73ab5f212ce8dbc97dc5b3f296d1a8091f2d4cba82e3a8c5ea04ff,"[""animehacker-863f092cbcbaa4dd93f1""]",,,,retain_active,recovery-5ec36c25826c
animehacker-tq3-0,experiments/raw-results/animehacker-tq3-0/2026-07-18/runtime-recovery/AH-09/sample-2/.utilization-ready,experiments/raw-results/retained/animehacker-tq3-0/2026-07-18/runtime-recovery/AH-09/sample-2/.utilization-ready,7,83e24203f3532a5d379e2dfcab2a0bffa0b0d059eddc22ab04155ed229343ef3,"[""animehacker-121eb69f1d6ea17ceae5""]",,,,retain_active,recovery-5ec36c25826c
animehacker-tq3-0,experiments/raw-results/animehacker-tq3-0/2026-07-18/runtime-recovery/AH-09/sample-2/.utilization-stop,experiments/raw-results/retained/animehacker-tq3-0/2026-07-18/runtime-recovery/AH-09/sample-2/.utilization-stop,4,6c45cb72a36e63d522aa54ed8adbd7a29a989474f2f77e0458af8800564ef3cb,"[""animehacker-2b7a713540c72b10c3cf""]",,,,retain_active,recovery-5ec36c25826c
animehacker-tq3-0,experiments/raw-results/animehacker-tq3-0/2026-07-18/runtime-recovery/AH-09/sample-2/activation.json,experiments/raw-results/retained/animehacker-tq3-0/2026-07-18/runtime-recovery/AH-09/sample-2/activation.json,224,b281fafc1d4ca0ece2c0abc878d34e9180f62f213c86c20f579ed81effa82ad8,"[""animehacker-16d69e26d44535fe762a""]",,,,retain_active,recovery-5ec36c25826c
animehacker-tq3-0,experiments/raw-results/animehacker-tq3-0/2026-07-18/runtime-recovery/AH-09/sample-2/command.json,experiments/raw-results/retained/animehacker-tq3-0/2026-07-18/runtime-recovery/AH-09/sample-2/command.json,2394,ac2a4fad11273ba244241c617d6cf97d410dee6e02092f3343025540a1dbec5c,"[""animehacker-96bfb576690b7a578be6""]",,,,retain_active,recovery-5ec36c25826c
animehacker-tq3-0,experiments/raw-results/animehacker-tq3-0/2026-07-18/runtime-recovery/AH-09/sample-2/controller-stderr.txt,experiments/raw-results/retained/animehacker-tq3-0/2026-07-18/runtime-recovery/AH-09/sample-2/controller-stderr.txt,0,e3b0c44298fc1c149afbf4c8996fb92427ae41e4649b934ca495991b7852b855,"[""animehacker-634edc35fb10ca2eb5e7""]",,,,retain_active,recovery-5ec36c25826c
animehacker-tq3-0,experiments/raw-results/animehacker-tq3-0/2026-07-18/runtime-recovery/AH-09/sample-2/controller-stdout.txt,experiments/raw-results/retained/animehacker-tq3-0/2026-07-18/runtime-recovery/AH-09/sample-2/controller-stdout.txt,1285,73c26511b0fa70207c9fb44dcf8c48dc06462b259a81e90ed744cd9122ad2baa,"[""animehacker-e6835c2a5439cf706a7c""]",,,,retain_active,recovery-5ec36c25826c
animehacker-tq3-0,experiments/raw-results/animehacker-tq3-0/2026-07-18/runtime-recovery/AH-09/sample-2/events.jsonl,experiments/raw-results/retained/animehacker-tq3-0/2026-07-18/runtime-recovery/AH-09/sample-2/events.jsonl,495311,bb884110f3e0698fef60bdddffd17c4ed517c5988a5e69dc3a7b53c62622617f,"[""animehacker-99ba2ec2743b6d4edc7f""]",,,,retain_active,recovery-5ec36c25826c
animehacker-tq3-0,experiments/raw-results/animehacker-tq3-0/2026-07-18/runtime-recovery/AH-09/sample-2/measurement.json,experiments/raw-results/retained/animehacker-tq3-0/2026-07-18/runtime-recovery/AH-09/sample-2/measurement.json,1455,abab1bcb0bf4221f78ae7d39610d3e30ab1ae4bbac99891a721fa5da5db9185c,"[""animehacker-102fcb716f6653e9f210""]",,,,retain_active,recovery-5ec36c25826c
animehacker-tq3-0,experiments/raw-results/animehacker-tq3-0/2026-07-18/runtime-recovery/AH-09/sample-2/stderr.txt,experiments/raw-results/retained/animehacker-tq3-0/2026-07-18/runtime-recovery/AH-09/sample-2/stderr.txt,282590,476d802193b938a40e2cd4802eea51919fd6c22247078cdc78c16db6a9db2205,"[""animehacker-5de065e695868316ad12""]",,,,retain_active,recovery-5ec36c25826c
animehacker-tq3-0,experiments/raw-results/animehacker-tq3-0/2026-07-18/runtime-recovery/AH-09/sample-2/stdout.txt,experiments/raw-results/retained/animehacker-tq3-0/2026-07-18/runtime-recovery/AH-09/sample-2/stdout.txt,0,e3b0c44298fc1c149afbf4c8996fb92427ae41e4649b934ca495991b7852b855,"[""animehacker-8365c2c7874f17f82526""]",,,,retain_active,recovery-5ec36c25826c
animehacker-tq3-0,experiments/raw-results/animehacker-tq3-0/2026-07-18/runtime-recovery/AH-09/sample-2/utilization-samples.csv,experiments/raw-results/retained/animehacker-tq3-0/2026-07-18/runtime-recovery/AH-09/sample-2/utilization-samples.csv,1330,4d2be82e67e8910bb84555830068dafad4b33995c1e49139239122ebbeb7cffa,"[""animehacker-a7cfb93a222f4ac6fae1""]",,,,retain_active,recovery-5ec36c25826c
animehacker-tq3-0,experiments/raw-results/animehacker-tq3-0/2026-07-18/runtime-recovery/AH-09/sample-3/.utilization-ready,experiments/raw-results/retained/animehacker-tq3-0/2026-07-18/runtime-recovery/AH-09/sample-3/.utilization-ready,7,83e24203f3532a5d379e2dfcab2a0bffa0b0d059eddc22ab04155ed229343ef3,"[""animehacker-6477867566316af271d4""]",,,,retain_active,recovery-5ec36c25826c
animehacker-tq3-0,experiments/raw-results/animehacker-tq3-0/2026-07-18/runtime-recovery/AH-09/sample-3/.utilization-stop,experiments/raw-results/retained/animehacker-tq3-0/2026-07-18/runtime-recovery/AH-09/sample-3/.utilization-stop,4,6c45cb72a36e63d522aa54ed8adbd7a29a989474f2f77e0458af8800564ef3cb,"[""animehacker-1ef9162be06d94818126""]",,,,retain_active,recovery-5ec36c25826c
animehacker-tq3-0,experiments/raw-results/animehacker-tq3-0/2026-07-18/runtime-recovery/AH-09/sample-3/activation.json,experiments/raw-results/retained/animehacker-tq3-0/2026-07-18/runtime-recovery/AH-09/sample-3/activation.json,224,b281fafc1d4ca0ece2c0abc878d34e9180f62f213c86c20f579ed81effa82ad8,"[""animehacker-a0445680aceb540a2e8b""]",,,,retain_active,recovery-5ec36c25826c
animehacker-tq3-0,experiments/raw-results/animehacker-tq3-0/2026-07-18/runtime-recovery/AH-09/sample-3/command.json,experiments/raw-results/retained/animehacker-tq3-0/2026-07-18/runtime-recovery/AH-09/sample-3/command.json,2394,e72870ac69c84396917996372a89d4ff3ba3f4478ee0df173a0fb1da983a8c67,"[""animehacker-60a2cd6861d4d07c8bd7""]",,,,retain_active,recovery-5ec36c25826c
animehacker-tq3-0,experiments/raw-results/animehacker-tq3-0/2026-07-18/runtime-recovery/AH-09/sample-3/controller-stderr.txt,experiments/raw-results/retained/animehacker-tq3-0/2026-07-18/runtime-recovery/AH-09/sample-3/controller-stderr.txt,0,e3b0c44298fc1c149afbf4c8996fb92427ae41e4649b934ca495991b7852b855,"[""animehacker-6658fa295f8dd4a925de""]",,,,retain_active,recovery-5ec36c25826c
animehacker-tq3-0,experiments/raw-results/animehacker-tq3-0/2026-07-18/runtime-recovery/AH-09/sample-3/controller-stdout.txt,experiments/raw-results/retained/animehacker-tq3-0/2026-07-18/runtime-recovery/AH-09/sample-3/controller-stdout.txt,1285,975206e5f032cce6c0c10519098dc9cc88f35eeb1151c003f603f0f55e4c5d24,"[""animehacker-4eed07076e66d2a93857""]",,,,retain_active,recovery-5ec36c25826c
animehacker-tq3-0,experiments/raw-results/animehacker-tq3-0/2026-07-18/runtime-recovery/AH-09/sample-3/events.jsonl,experiments/raw-results/retained/animehacker-tq3-0/2026-07-18/runtime-recovery/AH-09/sample-3/events.jsonl,495298,8d1c382839c5d48cc0477dbadd73cc7e4787b1ffc924e4b97ea13ce305462861,"[""animehacker-8a6e4bdb298a07ac4920""]",,,,retain_active,recovery-5ec36c25826c
animehacker-tq3-0,experiments/raw-results/animehacker-tq3-0/2026-07-18/runtime-recovery/AH-09/sample-3/measurement.json,experiments/raw-results/retained/animehacker-tq3-0/2026-07-18/runtime-recovery/AH-09/sample-3/measurement.json,1455,e4227bd4cb3c761bb64569c4428ca01ad4cab47359dd0fc94af070f83316dfcf,"[""animehacker-884ffc5e78cb3f6a697c""]",,,,retain_active,recovery-5ec36c25826c
animehacker-tq3-0,experiments/raw-results/animehacker-tq3-0/2026-07-18/runtime-recovery/AH-09/sample-3/stderr.txt,experiments/raw-results/retained/animehacker-tq3-0/2026-07-18/runtime-recovery/AH-09/sample-3/stderr.txt,282589,1f24caa9a7871f9741819639fe97571943d25cfe25a0530d2591949b5019d4f8,"[""animehacker-194d8c0686d1d9407a3c""]",,,,retain_active,recovery-5ec36c25826c
animehacker-tq3-0,experiments/raw-results/animehacker-tq3-0/2026-07-18/runtime-recovery/AH-09/sample-3/stdout.txt,experiments/raw-results/retained/animehacker-tq3-0/2026-07-18/runtime-recovery/AH-09/sample-3/stdout.txt,0,e3b0c44298fc1c149afbf4c8996fb92427ae41e4649b934ca495991b7852b855,"[""animehacker-d1e7e6e2ce67c32ffe67""]",,,,retain_active,recovery-5ec36c25826c
animehacker-tq3-0,experiments/raw-results/animehacker-tq3-0/2026-07-18/runtime-recovery/AH-09/sample-3/utilization-samples.csv,experiments/raw-results/retained/animehacker-tq3-0/2026-07-18/runtime-recovery/AH-09/sample-3/utilization-samples.csv,1330,8cdc0d9736447dd36eca3bf4993b0b4436e5b8b44a52ee38f01e8eed91f332c4,"[""animehacker-3670e75fa4730b65a3ba""]",,,,retain_active,recovery-5ec36c25826c
animehacker-tq3-0,experiments/raw-results/animehacker-tq3-0/2026-07-18/runtime-recovery/AH-09/summary.json,experiments/raw-results/retained/animehacker-tq3-0/2026-07-18/runtime-recovery/AH-09/summary.json,7753,ce70725382f957501398a0425997c7a8d20909033dcfe909da69c87f95375928,"[""animehacker-7fa35879b72853a189cc""]",,,,retain_active,recovery-5ec36c25826c
animehacker-tq3-0,experiments/raw-results/animehacker-tq3-0/2026-07-18/runtime-recovery/AH-09/warmup/.utilization-ready,experiments/raw-results/retained/animehacker-tq3-0/2026-07-18/runtime-recovery/AH-09/warmup/.utilization-ready,7,83e24203f3532a5d379e2dfcab2a0bffa0b0d059eddc22ab04155ed229343ef3,"[""animehacker-4f8a88568b33e46a6b66""]",,,,retain_active,recovery-5ec36c25826c
animehacker-tq3-0,experiments/raw-results/animehacker-tq3-0/2026-07-18/runtime-recovery/AH-09/warmup/.utilization-stop,experiments/raw-results/retained/animehacker-tq3-0/2026-07-18/runtime-recovery/AH-09/warmup/.utilization-stop,4,6c45cb72a36e63d522aa54ed8adbd7a29a989474f2f77e0458af8800564ef3cb,"[""animehacker-f2c5fe70f1457d4a9ff5""]",,,,retain_active,recovery-5ec36c25826c
animehacker-tq3-0,experiments/raw-results/animehacker-tq3-0/2026-07-18/runtime-recovery/AH-09/warmup/activation.json,experiments/raw-results/retained/animehacker-tq3-0/2026-07-18/runtime-recovery/AH-09/warmup/activation.json,224,b281fafc1d4ca0ece2c0abc878d34e9180f62f213c86c20f579ed81effa82ad8,"[""animehacker-c542e015f9b8334af9c0""]",,,,retain_active,recovery-5ec36c25826c
animehacker-tq3-0,experiments/raw-results/animehacker-tq3-0/2026-07-18/runtime-recovery/AH-09/warmup/command.json,experiments/raw-results/retained/animehacker-tq3-0/2026-07-18/runtime-recovery/AH-09/warmup/command.json,2390,c77a0278d9fc7caa2ac87fc3bafc7de59f88468d528d398981cca7c2d483fb69,"[""animehacker-99104f69c18b1cf83218""]",,,,retain_active,recovery-5ec36c25826c
animehacker-tq3-0,experiments/raw-results/animehacker-tq3-0/2026-07-18/runtime-recovery/AH-09/warmup/controller-stderr.txt,experiments/raw-results/retained/animehacker-tq3-0/2026-07-18/runtime-recovery/AH-09/warmup/controller-stderr.txt,0,e3b0c44298fc1c149afbf4c8996fb92427ae41e4649b934ca495991b7852b855,"[""animehacker-e9cc2c5c355240d520db""]",,,,retain_active,recovery-5ec36c25826c
animehacker-tq3-0,experiments/raw-results/animehacker-tq3-0/2026-07-18/runtime-recovery/AH-09/warmup/controller-stdout.txt,experiments/raw-results/retained/animehacker-tq3-0/2026-07-18/runtime-recovery/AH-09/warmup/controller-stdout.txt,1292,6dd660296c39c384fa0a3d1aabac893427e4c5e368e9edd1b8fd2387d8bcbcc3,"[""animehacker-b13b94ebedc137c07f29""]",,,,retain_active,recovery-5ec36c25826c
animehacker-tq3-0,experiments/raw-results/animehacker-tq3-0/2026-07-18/runtime-recovery/AH-09/warmup/events.jsonl,experiments/raw-results/retained/animehacker-tq3-0/2026-07-18/runtime-recovery/AH-09/warmup/events.jsonl,492392,026217a96ba9ddc64f9c5a8f59067dc425cc4f4ef12ea4c7380586658c1660a1,"[""animehacker-47636e2d3eb2ca5b9f47""]",,,,retain_active,recovery-5ec36c25826c
animehacker-tq3-0,experiments/raw-results/animehacker-tq3-0/2026-07-18/runtime-recovery/AH-09/warmup/measurement.json,experiments/raw-results/retained/animehacker-tq3-0/2026-07-18/runtime-recovery/AH-09/warmup/measurement.json,1462,b4747f275f5e915e6d5ffea7180340b858d3c326b01324d3d5c85ab99e884a01,"[""animehacker-3eccc7d4d882d4a0e449""]",,,,retain_active,recovery-5ec36c25826c
animehacker-tq3-0,experiments/raw-results/animehacker-tq3-0/2026-07-18/runtime-recovery/AH-09/warmup/stderr.txt,experiments/raw-results/retained/animehacker-tq3-0/2026-07-18/runtime-recovery/AH-09/warmup/stderr.txt,282591,57613ee1fc0ae59f53df7cbbc9b47cd1b860ef4d4821d94ab4b6f50cad24ac12,"[""animehacker-7ccedc5fd0563dfac522""]",,,,retain_active,recovery-5ec36c25826c
animehacker-tq3-0,experiments/raw-results/animehacker-tq3-0/2026-07-18/runtime-recovery/AH-09/warmup/stdout.txt,experiments/raw-results/retained/animehacker-tq3-0/2026-07-18/runtime-recovery/AH-09/warmup/stdout.txt,0,e3b0c44298fc1c149afbf4c8996fb92427ae41e4649b934ca495991b7852b855,"[""animehacker-ec59554c2152c4c86970""]",,,,retain_active,recovery-5ec36c25826c
animehacker-tq3-0,experiments/raw-results/animehacker-tq3-0/2026-07-18/runtime-recovery/AH-09/warmup/utilization-samples.csv,experiments/raw-results/retained/animehacker-tq3-0/2026-07-18/runtime-recovery/AH-09/warmup/utilization-samples.csv,1184,6919fcdaf0e1666194df12e5648a27cf31faae5b77e10bb0fb5b049bbe63badd,"[""animehacker-08b8bb8a78960dcb7fe0""]",,,,retain_active,recovery-5ec36c25826c
animehacker-tq3-0,experiments/raw-results/animehacker-tq3-0/2026-07-18/runtime-recovery/AH-10/environment.json,experiments/raw-results/retained/animehacker-tq3-0/2026-07-18/runtime-recovery/AH-10/environment.json,46,e5007d948038ca0d5a77b6265ccee9d7a2e6b205a899235ed572c2fc8636f3cb,"[""animehacker-d98d5eaaf985e55ca9ad""]",,,,retain_active,recovery-5ec36c25826c
animehacker-tq3-0,experiments/raw-results/animehacker-tq3-0/2026-07-18/runtime-recovery/AH-10/model.json,experiments/raw-results/retained/animehacker-tq3-0/2026-07-18/runtime-recovery/AH-10/model.json,232,ca114a6a46218212be6cbb1bd9658458e177adaa57501443204488c5ae97a7a6,"[""animehacker-8d57c3903bae1a08db56""]",,,,retain_active,recovery-5ec36c25826c
animehacker-tq3-0,experiments/raw-results/animehacker-tq3-0/2026-07-18/runtime-recovery/AH-10/pilot-attempt-1/command.json,experiments/raw-results/retained/animehacker-tq3-0/2026-07-18/runtime-recovery/AH-10/pilot-attempt-1/command.json,2380,c6751bd55bebd16bd718cd522f19f09f13c5c23ea9d8d900f378984f4d4054f7,"[""animehacker-706eb8bd8e88fd4672cd""]",,,,retain_active,recovery-5ec36c25826c
animehacker-tq3-0,experiments/raw-results/animehacker-tq3-0/2026-07-18/runtime-recovery/AH-10/pilot-attempt-1/controller-stderr.txt,experiments/raw-results/retained/animehacker-tq3-0/2026-07-18/runtime-recovery/AH-10/pilot-attempt-1/controller-stderr.txt,0,e3b0c44298fc1c149afbf4c8996fb92427ae41e4649b934ca495991b7852b855,"[""animehacker-dd0cef744252004f638a""]",,,,retain_active,recovery-5ec36c25826c
animehacker-tq3-0,experiments/raw-results/animehacker-tq3-0/2026-07-18/runtime-recovery/AH-10/pilot-attempt-1/controller-stdout.txt,experiments/raw-results/retained/animehacker-tq3-0/2026-07-18/runtime-recovery/AH-10/pilot-attempt-1/controller-stdout.txt,1016,d8dee85c339c31f70d348f20acd17299720900f7e301c1722d47bb927ff15337,"[""animehacker-070679cd429e663fe18d""]",,,,retain_active,recovery-5ec36c25826c
animehacker-tq3-0,experiments/raw-results/animehacker-tq3-0/2026-07-18/runtime-recovery/AH-10/pilot-attempt-1/events.jsonl,experiments/raw-results/retained/animehacker-tq3-0/2026-07-18/runtime-recovery/AH-10/pilot-attempt-1/events.jsonl,75588,bdee6dc019cab9d3d561df33a95e78810b6469449feb2fffcaed1738237f3b01,"[""animehacker-dad0e58978d8bb064bcc""]",,,,retain_active,recovery-5ec36c25826c
animehacker-tq3-0,experiments/raw-results/animehacker-tq3-0/2026-07-18/runtime-recovery/AH-10/pilot-attempt-1/measurement.json,experiments/raw-results/retained/animehacker-tq3-0/2026-07-18/runtime-recovery/AH-10/pilot-attempt-1/measurement.json,1122,eaec09944ea3c3b87a7d66058434cfeabf5f6cb6cdec9684e3ac5965b45293b2,"[""animehacker-4e706dc3298dfec7f664""]",,,,retain_active,recovery-5ec36c25826c
animehacker-tq3-0,experiments/raw-results/animehacker-tq3-0/2026-07-18/runtime-recovery/AH-10/pilot-attempt-1/stderr.txt,experiments/raw-results/retained/animehacker-tq3-0/2026-07-18/runtime-recovery/AH-10/pilot-attempt-1/stderr.txt,36584,bac076f80b101611b36f5fe08c30300854ef6915d82bae886a02bb97c81bb6d1,"[""animehacker-be9edba239ab54c4eb34""]",,,,retain_active,recovery-5ec36c25826c
animehacker-tq3-0,experiments/raw-results/animehacker-tq3-0/2026-07-18/runtime-recovery/AH-10/pilot-attempt-1/stdout.txt,experiments/raw-results/retained/animehacker-tq3-0/2026-07-18/runtime-recovery/AH-10/pilot-attempt-1/stdout.txt,0,e3b0c44298fc1c149afbf4c8996fb92427ae41e4649b934ca495991b7852b855,"[""animehacker-35fe07f9b5dc440d6ad2""]",,,,retain_active,recovery-5ec36c25826c
animehacker-tq3-0,experiments/raw-results/animehacker-tq3-0/2026-07-18/runtime-recovery/AH-10/pilot-attempt-2/command.json,experiments/raw-results/retained/animehacker-tq3-0/2026-07-18/runtime-recovery/AH-10/pilot-attempt-2/command.json,2380,c6751bd55bebd16bd718cd522f19f09f13c5c23ea9d8d900f378984f4d4054f7,"[""animehacker-4b17b8e7e3df4dc3f91e""]",,,,retain_active,recovery-5ec36c25826c
animehacker-tq3-0,experiments/raw-results/animehacker-tq3-0/2026-07-18/runtime-recovery/AH-10/pilot-attempt-2/controller-stderr.txt,experiments/raw-results/retained/animehacker-tq3-0/2026-07-18/runtime-recovery/AH-10/pilot-attempt-2/controller-stderr.txt,0,e3b0c44298fc1c149afbf4c8996fb92427ae41e4649b934ca495991b7852b855,"[""animehacker-e2c5a0a412b53294ae1b""]",,,,retain_active,recovery-5ec36c25826c
animehacker-tq3-0,experiments/raw-results/animehacker-tq3-0/2026-07-18/runtime-recovery/AH-10/pilot-attempt-2/controller-stdout.txt,experiments/raw-results/retained/animehacker-tq3-0/2026-07-18/runtime-recovery/AH-10/pilot-attempt-2/controller-stdout.txt,1020,1cd710776ec73b189a175ef0716211263b1f7c4fdc3a38362f36766a916580e0,"[""animehacker-7fca3e47e764ec12324b""]",,,,retain_active,recovery-5ec36c25826c
animehacker-tq3-0,experiments/raw-results/animehacker-tq3-0/2026-07-18/runtime-recovery/AH-10/pilot-attempt-2/events.jsonl,experiments/raw-results/retained/animehacker-tq3-0/2026-07-18/runtime-recovery/AH-10/pilot-attempt-2/events.jsonl,75289,99fa77cc90ecf47a877a98a9c7fbe83d8178a792e24b2d3529f7b044757facb2,"[""animehacker-3a5e5a67d2df34c737cd""]",,,,retain_active,recovery-5ec36c25826c
animehacker-tq3-0,experiments/raw-results/animehacker-tq3-0/2026-07-18/runtime-recovery/AH-10/pilot-attempt-2/measurement.json,experiments/raw-results/retained/animehacker-tq3-0/2026-07-18/runtime-recovery/AH-10/pilot-attempt-2/measurement.json,1126,92398f3a2a977b5f65a43ba1166a77005d3a1830722d47d0ad5ecb87c12a0dd7,"[""animehacker-1543f47bc4b8ff080932""]",,,,retain_active,recovery-5ec36c25826c
animehacker-tq3-0,experiments/raw-results/animehacker-tq3-0/2026-07-18/runtime-recovery/AH-10/pilot-attempt-2/post-stop-cleanup.json,experiments/raw-results/retained/animehacker-tq3-0/2026-07-18/runtime-recovery/AH-10/pilot-attempt-2/post-stop-cleanup.json,2126,8ed333f46e54ea025209c4177c878b51f7cb10877b15fcc01e56a01ecad007f9,"[""animehacker-8d5f8b3a8ce4ea60f4a2""]",,,,retain_active,recovery-5ec36c25826c
animehacker-tq3-0,experiments/raw-results/animehacker-tq3-0/2026-07-18/runtime-recovery/AH-10/pilot-attempt-2/preflight.json,experiments/raw-results/retained/animehacker-tq3-0/2026-07-18/runtime-recovery/AH-10/pilot-attempt-2/preflight.json,1892,c52b2acb29867219b19b90485567e38f9a521587125f5cff3ba839b17033b7b0,"[""animehacker-55e59c26fb6f4466c9b7""]",,,,retain_active,recovery-5ec36c25826c
animehacker-tq3-0,experiments/raw-results/animehacker-tq3-0/2026-07-18/runtime-recovery/AH-10/pilot-attempt-2/stderr.txt,experiments/raw-results/retained/animehacker-tq3-0/2026-07-18/runtime-recovery/AH-10/pilot-attempt-2/stderr.txt,36584,b50a3613917c660a048b0b14922122cfc98ee60b4cda9d88867016a59be33fef,"[""animehacker-b0791abaaea41b05f3ab""]",,,,retain_active,recovery-5ec36c25826c
animehacker-tq3-0,experiments/raw-results/animehacker-tq3-0/2026-07-18/runtime-recovery/AH-10/pilot-attempt-2/stdout.txt,experiments/raw-results/retained/animehacker-tq3-0/2026-07-18/runtime-recovery/AH-10/pilot-attempt-2/stdout.txt,0,e3b0c44298fc1c149afbf4c8996fb92427ae41e4649b934ca495991b7852b855,"[""animehacker-9bb815bafe5473a080a4""]",,,,retain_active,recovery-5ec36c25826c
animehacker-tq3-0,experiments/raw-results/animehacker-tq3-0/2026-07-18/runtime-recovery/AH-10/pilot-attempt-2/wrapper-execution.json,experiments/raw-results/retained/animehacker-tq3-0/2026-07-18/runtime-recovery/AH-10/pilot-attempt-2/wrapper-execution.json,1474,373e10dfbb6090b6e8f997c943110a4bda81e0a1b3220fa20cff58a77799ebb7,"[""animehacker-4e677821f6286aa4012d""]",,,,retain_active,recovery-5ec36c25826c
animehacker-tq3-0,experiments/raw-results/animehacker-tq3-0/2026-07-18/runtime-recovery/AH-10/pilot/command.json,experiments/raw-results/retained/animehacker-tq3-0/2026-07-18/runtime-recovery/AH-10/pilot/command.json,2380,c6751bd55bebd16bd718cd522f19f09f13c5c23ea9d8d900f378984f4d4054f7,"[""animehacker-228de56a1bde9306045b""]",,,,retain_active,recovery-5ec36c25826c
animehacker-tq3-0,experiments/raw-results/animehacker-tq3-0/2026-07-18/runtime-recovery/AH-10/pilot/controller-stderr.txt,experiments/raw-results/retained/animehacker-tq3-0/2026-07-18/runtime-recovery/AH-10/pilot/controller-stderr.txt,0,e3b0c44298fc1c149afbf4c8996fb92427ae41e4649b934ca495991b7852b855,"[""animehacker-7f2847fcf56a2bd2a0b4""]",,,,retain_active,recovery-5ec36c25826c
animehacker-tq3-0,experiments/raw-results/animehacker-tq3-0/2026-07-18/runtime-recovery/AH-10/pilot/controller-stdout.txt,experiments/raw-results/retained/animehacker-tq3-0/2026-07-18/runtime-recovery/AH-10/pilot/controller-stdout.txt,1011,0907c4f0ae7386d902027418d117b4b213b9559f0bd12d61d16f40bcfaf193de,"[""animehacker-e507a20224681c6e4281""]",,,,retain_active,recovery-5ec36c25826c
animehacker-tq3-0,experiments/raw-results/animehacker-tq3-0/2026-07-18/runtime-recovery/AH-10/pilot/events.jsonl,experiments/raw-results/retained/animehacker-tq3-0/2026-07-18/runtime-recovery/AH-10/pilot/events.jsonl,75446,a3ad19ca144a0369298833e8a7494f0900ef6a1f41725882d592c2baf7571f06,"[""animehacker-8bed28b41f67bdc1f6b2""]",,,,retain_active,recovery-5ec36c25826c
animehacker-tq3-0,experiments/raw-results/animehacker-tq3-0/2026-07-18/runtime-recovery/AH-10/pilot/measurement.json,experiments/raw-results/retained/animehacker-tq3-0/2026-07-18/runtime-recovery/AH-10/pilot/measurement.json,1117,97c05b25918a3f369889353165cead9cf057c96e0233034b93bc779fc3736f5c,"[""animehacker-993c82e73a1b79e1b4ee""]",AH-10,AH-10--terminal,blocked,retain_active,recovery-5ec36c25826c
animehacker-tq3-0,experiments/raw-results/animehacker-tq3-0/2026-07-18/runtime-recovery/AH-10/pilot/stderr.txt,experiments/raw-results/retained/animehacker-tq3-0/2026-07-18/runtime-recovery/AH-10/pilot/stderr.txt,36584,db9fac9ed25981ede33c1cb2b7ea6d17e8166df7a720d6d9194889b500d72594,"[""animehacker-8f4df3314baacf860f89""]",,,,retain_active,recovery-5ec36c25826c
animehacker-tq3-0,experiments/raw-results/animehacker-tq3-0/2026-07-18/runtime-recovery/AH-10/pilot/stdout.txt,experiments/raw-results/retained/animehacker-tq3-0/2026-07-18/runtime-recovery/AH-10/pilot/stdout.txt,0,e3b0c44298fc1c149afbf4c8996fb92427ae41e4649b934ca495991b7852b855,"[""animehacker-7f07ef6b2aa0bb0957d2""]",,,,retain_active,recovery-5ec36c25826c
animehacker-tq3-0,experiments/raw-results/animehacker-tq3-0/2026-07-18/runtime-recovery/AH-10/post-stop-cleanup.json,experiments/raw-results/retained/animehacker-tq3-0/2026-07-18/runtime-recovery/AH-10/post-stop-cleanup.json,2280,d099f150e0cd7006af9cbdf5ab02359ce7d123d36bf35d81f2772a742dab52b5,"[""animehacker-cf287465f06f8f7ef7f4""]",,,,retain_active,recovery-5ec36c25826c
animehacker-tq3-0,experiments/raw-results/animehacker-tq3-0/2026-07-18/runtime-recovery/AH-10/preflight.json,experiments/raw-results/retained/animehacker-tq3-0/2026-07-18/runtime-recovery/AH-10/preflight.json,2109,5f2c70fcf237dfe8a817a106773543481593fbeefbd84202ef3fb047bcc42935,"[""animehacker-29b3fd8a540d80c7229a""]",,,,retain_active,recovery-5ec36c25826c
animehacker-tq3-0,experiments/raw-results/animehacker-tq3-0/2026-07-18/runtime-recovery/AH-10/wrapper-execution.json,experiments/raw-results/retained/animehacker-tq3-0/2026-07-18/runtime-recovery/AH-10/wrapper-execution.json,1633,0f3da6c5b89176253eb7f45bbb5df3112ee2648694b93d2c20eae2382969670f,"[""animehacker-565b40139c87308e63e8""]",,,,retain_active,recovery-5ec36c25826c
animehacker-tq3-0,experiments/raw-results/animehacker-tq3-0/2026-07-18/runtime-recovery/state.json,experiments/raw-results/retained/animehacker-tq3-0/2026-07-18/runtime-recovery/state.json,564,6bfd0e30352e587ef1036bdee4ea5fd474cd530c50c882412e3e9cef877d9cea,"[""animehacker-79e759f5588cae2c50d5""]",,,,retain_active,recovery-5ec36c25826c
animehacker-tq3-0,experiments/raw-results/animehacker-tq3-0/2026-07-18/runtime/AH-01/environment.json,experiments/raw-results/retained/animehacker-tq3-0/2026-07-18/runtime/AH-01/environment.json,2,44136fa355b3678a1146ad16f7e8649e94fb4fc21fe77e8310c060f61caaff8a,"[""animehacker-3dfbf15c04b74d32b8f1""]",,,,retain_active,recovery-5ec36c25826c
animehacker-tq3-0,experiments/raw-results/animehacker-tq3-0/2026-07-18/runtime/AH-01/model.json,experiments/raw-results/retained/animehacker-tq3-0/2026-07-18/runtime/AH-01/model.json,244,b200a4d05f761ef68e52ff26febfb50c42afd0f301cd11eb8829e8f4f4c43243,"[""animehacker-3884459d2737fd45d0fb""]",,,,retain_active,recovery-5ec36c25826c
animehacker-tq3-0,experiments/raw-results/animehacker-tq3-0/2026-07-18/runtime/AH-01/pilot/.utilization-ready,experiments/raw-results/retained/animehacker-tq3-0/2026-07-18/runtime/AH-01/pilot/.utilization-ready,7,83e24203f3532a5d379e2dfcab2a0bffa0b0d059eddc22ab04155ed229343ef3,"[""animehacker-7f8a9f7104024c64226b""]",,,,retain_active,recovery-5ec36c25826c
animehacker-tq3-0,experiments/raw-results/animehacker-tq3-0/2026-07-18/runtime/AH-01/pilot/.utilization-stop,experiments/raw-results/retained/animehacker-tq3-0/2026-07-18/runtime/AH-01/pilot/.utilization-stop,4,6c45cb72a36e63d522aa54ed8adbd7a29a989474f2f77e0458af8800564ef3cb,"[""animehacker-8d5e2b4a90dc9d5e2380""]",,,,retain_active,recovery-5ec36c25826c
animehacker-tq3-0,experiments/raw-results/animehacker-tq3-0/2026-07-18/runtime/AH-01/pilot/activation.json,experiments/raw-results/retained/animehacker-tq3-0/2026-07-18/runtime/AH-01/pilot/activation.json,168,11d2d0235114f3e3332986edc98b0f8f65359325486eb93943ad018a141a6cbc,"[""animehacker-5947e10bf071ae74f577""]",,,,retain_active,recovery-5ec36c25826c
animehacker-tq3-0,experiments/raw-results/animehacker-tq3-0/2026-07-18/runtime/AH-01/pilot/command.json,experiments/raw-results/retained/animehacker-tq3-0/2026-07-18/runtime/AH-01/pilot/command.json,2150,2caf44b248acc52cd315a5cd702ad82d5eb6c308702475e504b2d8e40e9e5229,"[""animehacker-3a68dc8e049a1e8c5776""]",,,,retain_active,recovery-5ec36c25826c
animehacker-tq3-0,experiments/raw-results/animehacker-tq3-0/2026-07-18/runtime/AH-01/pilot/controller-stderr.txt,experiments/raw-results/retained/animehacker-tq3-0/2026-07-18/runtime/AH-01/pilot/controller-stderr.txt,0,e3b0c44298fc1c149afbf4c8996fb92427ae41e4649b934ca495991b7852b855,"[""animehacker-af62b85e685cafcb13c4""]",,,,retain_active,recovery-5ec36c25826c
animehacker-tq3-0,experiments/raw-results/animehacker-tq3-0/2026-07-18/runtime/AH-01/pilot/controller-stdout.txt,experiments/raw-results/retained/animehacker-tq3-0/2026-07-18/runtime/AH-01/pilot/controller-stdout.txt,1244,65dab061d1bab77623249ff40880a9886ab453e29364822dfa984ae0fd5dd357,"[""animehacker-428461290a53101b7952""]",,,,retain_active,recovery-5ec36c25826c
animehacker-tq3-0,experiments/raw-results/animehacker-tq3-0/2026-07-18/runtime/AH-01/pilot/events.jsonl,experiments/raw-results/retained/animehacker-tq3-0/2026-07-18/runtime/AH-01/pilot/events.jsonl,495749,47bc05a992bbd500ec3c0511b638ef0b608bd6973a96e4c5957a4722e453ee7e,"[""animehacker-9b242f62385b371b94b1""]",,,,retain_active,recovery-5ec36c25826c
animehacker-tq3-0,experiments/raw-results/animehacker-tq3-0/2026-07-18/runtime/AH-01/pilot/measurement.json,experiments/raw-results/retained/animehacker-tq3-0/2026-07-18/runtime/AH-01/pilot/measurement.json,1414,d1a58a60132d2ddf993d084aa10c66d1b45d43610a8b2f922584ae05eae75ee7,"[""animehacker-47bb155a82df3ea14bc3""]",,,,retain_active,recovery-5ec36c25826c
animehacker-tq3-0,experiments/raw-results/animehacker-tq3-0/2026-07-18/runtime/AH-01/pilot/stderr.txt,experiments/raw-results/retained/animehacker-tq3-0/2026-07-18/runtime/AH-01/pilot/stderr.txt,274720,0a62e560505196f6aa934661a8fff76b6174fea11c7d85b355e99dd1867e2e06,"[""animehacker-6accf71099c98c654aa8""]",,,,retain_active,recovery-5ec36c25826c
animehacker-tq3-0,experiments/raw-results/animehacker-tq3-0/2026-07-18/runtime/AH-01/pilot/stdout.txt,experiments/raw-results/retained/animehacker-tq3-0/2026-07-18/runtime/AH-01/pilot/stdout.txt,0,e3b0c44298fc1c149afbf4c8996fb92427ae41e4649b934ca495991b7852b855,"[""animehacker-8008b1adba037e161f18""]",,,,retain_active,recovery-5ec36c25826c
animehacker-tq3-0,experiments/raw-results/animehacker-tq3-0/2026-07-18/runtime/AH-01/pilot/utilization-samples.csv,experiments/raw-results/retained/animehacker-tq3-0/2026-07-18/runtime/AH-01/pilot/utilization-samples.csv,435,087c7a4fa1f51d6c03ac9e059e0701b432a2d11eeae05927bdfa49c9f036ad7e,"[""animehacker-75d53773ffe73d62d2c6""]",,,,retain_active,recovery-5ec36c25826c
animehacker-tq3-0,experiments/raw-results/animehacker-tq3-0/2026-07-18/runtime/AH-01/sample-1/.utilization-ready,experiments/raw-results/retained/animehacker-tq3-0/2026-07-18/runtime/AH-01/sample-1/.utilization-ready,7,83e24203f3532a5d379e2dfcab2a0bffa0b0d059eddc22ab04155ed229343ef3,"[""animehacker-dbff0e00be8d127c0fb3""]",,,,retain_active,recovery-5ec36c25826c
animehacker-tq3-0,experiments/raw-results/animehacker-tq3-0/2026-07-18/runtime/AH-01/sample-1/.utilization-stop,experiments/raw-results/retained/animehacker-tq3-0/2026-07-18/runtime/AH-01/sample-1/.utilization-stop,4,6c45cb72a36e63d522aa54ed8adbd7a29a989474f2f77e0458af8800564ef3cb,"[""animehacker-aa94980a503157871aeb""]",,,,retain_active,recovery-5ec36c25826c
animehacker-tq3-0,experiments/raw-results/animehacker-tq3-0/2026-07-18/runtime/AH-01/sample-1/activation.json,experiments/raw-results/retained/animehacker-tq3-0/2026-07-18/runtime/AH-01/sample-1/activation.json,168,11d2d0235114f3e3332986edc98b0f8f65359325486eb93943ad018a141a6cbc,"[""animehacker-dbd557b50b456a0e6a44""]",,,,retain_active,recovery-5ec36c25826c
animehacker-tq3-0,experiments/raw-results/animehacker-tq3-0/2026-07-18/runtime/AH-01/sample-1/command.json,experiments/raw-results/retained/animehacker-tq3-0/2026-07-18/runtime/AH-01/sample-1/command.json,2156,dc6c9e111dddf13235e5fa19b2d4491686d6509f73ec056c63873274762cc0f2,"[""animehacker-9ffba26ddea7e6b38baa""]",,,,retain_active,recovery-5ec36c25826c
animehacker-tq3-0,experiments/raw-results/animehacker-tq3-0/2026-07-18/runtime/AH-01/sample-1/controller-stderr.txt,experiments/raw-results/retained/animehacker-tq3-0/2026-07-18/runtime/AH-01/sample-1/controller-stderr.txt,0,e3b0c44298fc1c149afbf4c8996fb92427ae41e4649b934ca495991b7852b855,"[""animehacker-9fe8102e6d9cc5c32013""]",,,,retain_active,recovery-5ec36c25826c
animehacker-tq3-0,experiments/raw-results/animehacker-tq3-0/2026-07-18/runtime/AH-01/sample-1/controller-stdout.txt,experiments/raw-results/retained/animehacker-tq3-0/2026-07-18/runtime/AH-01/sample-1/controller-stdout.txt,1267,5ffc5b54efe4df5722d2a69cff8141c3a65d6600b4ec47e89c1f56dd2a907c42,"[""animehacker-b74803c3e0812b0c548b""]",,,,retain_active,recovery-5ec36c25826c
animehacker-tq3-0,experiments/raw-results/animehacker-tq3-0/2026-07-18/runtime/AH-01/sample-1/events.jsonl,experiments/raw-results/retained/animehacker-tq3-0/2026-07-18/runtime/AH-01/sample-1/events.jsonl,495744,4b468d363ec4b956e3f3e5a0aa529e0ef25e768adc2299a7118872e5428b0b75,"[""animehacker-a439e76791ee04b75bbf""]",,,,retain_active,recovery-5ec36c25826c
animehacker-tq3-0,experiments/raw-results/animehacker-tq3-0/2026-07-18/runtime/AH-01/sample-1/measurement.json,experiments/raw-results/retained/animehacker-tq3-0/2026-07-18/runtime/AH-01/sample-1/measurement.json,1437,ef54e107b624967499f1b6ce001ae1d4d2396d65833186cff56b23b3b60490a7,"[""animehacker-4aa8f98c974e998e1399""]",,,,retain_active,recovery-5ec36c25826c
animehacker-tq3-0,experiments/raw-results/animehacker-tq3-0/2026-07-18/runtime/AH-01/sample-1/stderr.txt,experiments/raw-results/retained/animehacker-tq3-0/2026-07-18/runtime/AH-01/sample-1/stderr.txt,274728,e9902afcb37db0982089758de800c4118cd1499f6ce314dd721429728351de37,"[""animehacker-29985dd98ec41e8aa18c""]",,,,retain_active,recovery-5ec36c25826c
animehacker-tq3-0,experiments/raw-results/animehacker-tq3-0/2026-07-18/runtime/AH-01/sample-1/stdout.txt,experiments/raw-results/retained/animehacker-tq3-0/2026-07-18/runtime/AH-01/sample-1/stdout.txt,0,e3b0c44298fc1c149afbf4c8996fb92427ae41e4649b934ca495991b7852b855,"[""animehacker-273c5672564d27951cdd""]",,,,retain_active,recovery-5ec36c25826c
animehacker-tq3-0,experiments/raw-results/animehacker-tq3-0/2026-07-18/runtime/AH-01/sample-1/utilization-samples.csv,experiments/raw-results/retained/animehacker-tq3-0/2026-07-18/runtime/AH-01/sample-1/utilization-samples.csv,435,2736451c5dbe490fb76d229add5b91d612b365005d5d8a9983a365e5d81d9ae7,"[""animehacker-88a96a8c517bede8a576""]",,,,retain_active,recovery-5ec36c25826c
animehacker-tq3-0,experiments/raw-results/animehacker-tq3-0/2026-07-18/runtime/AH-01/sample-2/.utilization-ready,experiments/raw-results/retained/animehacker-tq3-0/2026-07-18/runtime/AH-01/sample-2/.utilization-ready,7,83e24203f3532a5d379e2dfcab2a0bffa0b0d059eddc22ab04155ed229343ef3,"[""animehacker-cc55c26f7cba24f196d2""]",,,,retain_active,recovery-5ec36c25826c
animehacker-tq3-0,experiments/raw-results/animehacker-tq3-0/2026-07-18/runtime/AH-01/sample-2/.utilization-stop,experiments/raw-results/retained/animehacker-tq3-0/2026-07-18/runtime/AH-01/sample-2/.utilization-stop,4,6c45cb72a36e63d522aa54ed8adbd7a29a989474f2f77e0458af8800564ef3cb,"[""animehacker-b667a4cd1f97ac52b1b5""]",,,,retain_active,recovery-5ec36c25826c
animehacker-tq3-0,experiments/raw-results/animehacker-tq3-0/2026-07-18/runtime/AH-01/sample-2/activation.json,experiments/raw-results/retained/animehacker-tq3-0/2026-07-18/runtime/AH-01/sample-2/activation.json,168,11d2d0235114f3e3332986edc98b0f8f65359325486eb93943ad018a141a6cbc,"[""animehacker-0d036a9fad64a5dc293b""]",,,,retain_active,recovery-5ec36c25826c
animehacker-tq3-0,experiments/raw-results/animehacker-tq3-0/2026-07-18/runtime/AH-01/sample-2/command.json,experiments/raw-results/retained/animehacker-tq3-0/2026-07-18/runtime/AH-01/sample-2/command.json,2156,1fd972ab98a4657f4c1e83ecda7b0ff7e1e36bd739b68f9afad639ab83f28873,"[""animehacker-f6802bdf058030b5039f""]",,,,retain_active,recovery-5ec36c25826c
animehacker-tq3-0,experiments/raw-results/animehacker-tq3-0/2026-07-18/runtime/AH-01/sample-2/controller-stderr.txt,experiments/raw-results/retained/animehacker-tq3-0/2026-07-18/runtime/AH-01/sample-2/controller-stderr.txt,0,e3b0c44298fc1c149afbf4c8996fb92427ae41e4649b934ca495991b7852b855,"[""animehacker-3ae3cba30ef53326647c""]",,,,retain_active,recovery-5ec36c25826c
animehacker-tq3-0,experiments/raw-results/animehacker-tq3-0/2026-07-18/runtime/AH-01/sample-2/controller-stdout.txt,experiments/raw-results/retained/animehacker-tq3-0/2026-07-18/runtime/AH-01/sample-2/controller-stdout.txt,1265,9623162d29897c17c9d3a73f1c5f1827b4f87255608ee2c4516e4daa0364fcc6,"[""animehacker-c10b056413840da4b0e4""]",,,,retain_active,recovery-5ec36c25826c
animehacker-tq3-0,experiments/raw-results/animehacker-tq3-0/2026-07-18/runtime/AH-01/sample-2/events.jsonl,experiments/raw-results/retained/animehacker-tq3-0/2026-07-18/runtime/AH-01/sample-2/events.jsonl,496034,5eb5e4f1db825b73e8f17c18cbf5baf0db8fd892b07ef831bcffe1e6d967e09e,"[""animehacker-1eaf6e6525e788ea6954""]",,,,retain_active,recovery-5ec36c25826c
animehacker-tq3-0,experiments/raw-results/animehacker-tq3-0/2026-07-18/runtime/AH-01/sample-2/measurement.json,experiments/raw-results/retained/animehacker-tq3-0/2026-07-18/runtime/AH-01/sample-2/measurement.json,1435,fa3589cdb8784fb0c97150b869132aa2e618c7b4618434ae8aa2494158587fdb,"[""animehacker-5683b4717c7cfc33b6c0""]",,,,retain_active,recovery-5ec36c25826c
animehacker-tq3-0,experiments/raw-results/animehacker-tq3-0/2026-07-18/runtime/AH-01/sample-2/stderr.txt,experiments/raw-results/retained/animehacker-tq3-0/2026-07-18/runtime/AH-01/sample-2/stderr.txt,274726,ecf3f5dae5162bbf6495b1e3982e4e8cc960e7e224975b407ff6b9fb6a5989cd,"[""animehacker-5a010ea94c96cc1d1205""]",,,,retain_active,recovery-5ec36c25826c
animehacker-tq3-0,experiments/raw-results/animehacker-tq3-0/2026-07-18/runtime/AH-01/sample-2/stdout.txt,experiments/raw-results/retained/animehacker-tq3-0/2026-07-18/runtime/AH-01/sample-2/stdout.txt,0,e3b0c44298fc1c149afbf4c8996fb92427ae41e4649b934ca495991b7852b855,"[""animehacker-5433f659439d5ed949a2""]",,,,retain_active,recovery-5ec36c25826c
animehacker-tq3-0,experiments/raw-results/animehacker-tq3-0/2026-07-18/runtime/AH-01/sample-2/utilization-samples.csv,experiments/raw-results/retained/animehacker-tq3-0/2026-07-18/runtime/AH-01/sample-2/utilization-samples.csv,435,bdd3010d097742cfa2f2c3e04e2ee73298b01dff47b5b8befe445f6b71b7df87,"[""animehacker-a0a73ebc55b87259f515""]",,,,retain_active,recovery-5ec36c25826c
animehacker-tq3-0,experiments/raw-results/animehacker-tq3-0/2026-07-18/runtime/AH-01/sample-3/.utilization-ready,experiments/raw-results/retained/animehacker-tq3-0/2026-07-18/runtime/AH-01/sample-3/.utilization-ready,7,83e24203f3532a5d379e2dfcab2a0bffa0b0d059eddc22ab04155ed229343ef3,"[""animehacker-227aba43f2bfc1198660""]",,,,retain_active,recovery-5ec36c25826c
animehacker-tq3-0,experiments/raw-results/animehacker-tq3-0/2026-07-18/runtime/AH-01/sample-3/.utilization-stop,experiments/raw-results/retained/animehacker-tq3-0/2026-07-18/runtime/AH-01/sample-3/.utilization-stop,4,6c45cb72a36e63d522aa54ed8adbd7a29a989474f2f77e0458af8800564ef3cb,"[""animehacker-4b3c2f9e7a58df91f35b""]",,,,retain_active,recovery-5ec36c25826c
animehacker-tq3-0,experiments/raw-results/animehacker-tq3-0/2026-07-18/runtime/AH-01/sample-3/activation.json,experiments/raw-results/retained/animehacker-tq3-0/2026-07-18/runtime/AH-01/sample-3/activation.json,168,11d2d0235114f3e3332986edc98b0f8f65359325486eb93943ad018a141a6cbc,"[""animehacker-2ed5d32e758e7eec266f""]",,,,retain_active,recovery-5ec36c25826c
animehacker-tq3-0,experiments/raw-results/animehacker-tq3-0/2026-07-18/runtime/AH-01/sample-3/command.json,experiments/raw-results/retained/animehacker-tq3-0/2026-07-18/runtime/AH-01/sample-3/command.json,2156,26e627d11b61ae128decf5e0f6dd941ca1fd44a361f0d426a76a13edc2e76581,"[""animehacker-a45b4f8d4c6ffdc25e72""]",,,,retain_active,recovery-5ec36c25826c
animehacker-tq3-0,experiments/raw-results/animehacker-tq3-0/2026-07-18/runtime/AH-01/sample-3/controller-stderr.txt,experiments/raw-results/retained/animehacker-tq3-0/2026-07-18/runtime/AH-01/sample-3/controller-stderr.txt,0,e3b0c44298fc1c149afbf4c8996fb92427ae41e4649b934ca495991b7852b855,"[""animehacker-95aab57a147ddd9464ae""]",,,,retain_active,recovery-5ec36c25826c
animehacker-tq3-0,experiments/raw-results/animehacker-tq3-0/2026-07-18/runtime/AH-01/sample-3/controller-stdout.txt,experiments/raw-results/retained/animehacker-tq3-0/2026-07-18/runtime/AH-01/sample-3/controller-stdout.txt,1267,6cbae2f0ff6606609862989f74bb6aa85b78f0d55670403a70f8244ee241b5d5,"[""animehacker-3406e98f848fc0cd1775""]",,,,retain_active,recovery-5ec36c25826c
animehacker-tq3-0,experiments/raw-results/animehacker-tq3-0/2026-07-18/runtime/AH-01/sample-3/events.jsonl,experiments/raw-results/retained/animehacker-tq3-0/2026-07-18/runtime/AH-01/sample-3/events.jsonl,495755,15e95c00b10b89e464b71e29db4026097be4fab09e26ff2f75ad5d53071c5abd,"[""animehacker-ab3c91a2b85f67949b75""]",,,,retain_active,recovery-5ec36c25826c
animehacker-tq3-0,experiments/raw-results/animehacker-tq3-0/2026-07-18/runtime/AH-01/sample-3/measurement.json,experiments/raw-results/retained/animehacker-tq3-0/2026-07-18/runtime/AH-01/sample-3/measurement.json,1437,c266390c6f87c2a862ae3ecdf12171f1e9111a54717eef98259301ff9b07fbe2,"[""animehacker-2ef6f5ce59734b8854a2""]",,,,retain_active,recovery-5ec36c25826c
animehacker-tq3-0,experiments/raw-results/animehacker-tq3-0/2026-07-18/runtime/AH-01/sample-3/stderr.txt,experiments/raw-results/retained/animehacker-tq3-0/2026-07-18/runtime/AH-01/sample-3/stderr.txt,274729,c0897500a04a7db7fe3cce70b2f497f326f82be1c0d09a9c17f4c3bb2095842f,"[""animehacker-8ced2abe6363792a45a7""]",,,,retain_active,recovery-5ec36c25826c
animehacker-tq3-0,experiments/raw-results/animehacker-tq3-0/2026-07-18/runtime/AH-01/sample-3/stdout.txt,experiments/raw-results/retained/animehacker-tq3-0/2026-07-18/runtime/AH-01/sample-3/stdout.txt,0,e3b0c44298fc1c149afbf4c8996fb92427ae41e4649b934ca495991b7852b855,"[""animehacker-65b61b1cf3474a088ff8""]",,,,retain_active,recovery-5ec36c25826c
animehacker-tq3-0,experiments/raw-results/animehacker-tq3-0/2026-07-18/runtime/AH-01/sample-3/utilization-samples.csv,experiments/raw-results/retained/animehacker-tq3-0/2026-07-18/runtime/AH-01/sample-3/utilization-samples.csv,435,02e8782afd4f3a4b7db7a06ff60690480b345a5260fd53ca56e53b06245addf0,"[""animehacker-83116e04a0868ac7443c""]",,,,retain_active,recovery-5ec36c25826c
animehacker-tq3-0,experiments/raw-results/animehacker-tq3-0/2026-07-18/runtime/AH-01/summary.json,experiments/raw-results/retained/animehacker-tq3-0/2026-07-18/runtime/AH-01/summary.json,7417,350209734d19cd68c577ea29a8d23ba77eb325490fa2b5b72c9efbf6dce11fca,"[""animehacker-2c8711c6ef06a0aae448""]",,,,retain_active,recovery-5ec36c25826c
animehacker-tq3-0,experiments/raw-results/animehacker-tq3-0/2026-07-18/runtime/AH-01/warmup/.utilization-ready,experiments/raw-results/retained/animehacker-tq3-0/2026-07-18/runtime/AH-01/warmup/.utilization-ready,7,83e24203f3532a5d379e2dfcab2a0bffa0b0d059eddc22ab04155ed229343ef3,"[""animehacker-8e88a01842d4a1dd0b92""]",,,,retain_active,recovery-5ec36c25826c
animehacker-tq3-0,experiments/raw-results/animehacker-tq3-0/2026-07-18/runtime/AH-01/warmup/.utilization-stop,experiments/raw-results/retained/animehacker-tq3-0/2026-07-18/runtime/AH-01/warmup/.utilization-stop,4,6c45cb72a36e63d522aa54ed8adbd7a29a989474f2f77e0458af8800564ef3cb,"[""animehacker-3b9b45039917ffeea287""]",,,,retain_active,recovery-5ec36c25826c
animehacker-tq3-0,experiments/raw-results/animehacker-tq3-0/2026-07-18/runtime/AH-01/warmup/activation.json,experiments/raw-results/retained/animehacker-tq3-0/2026-07-18/runtime/AH-01/warmup/activation.json,168,11d2d0235114f3e3332986edc98b0f8f65359325486eb93943ad018a141a6cbc,"[""animehacker-c940120df25212fa1edd""]",,,,retain_active,recovery-5ec36c25826c
animehacker-tq3-0,experiments/raw-results/animehacker-tq3-0/2026-07-18/runtime/AH-01/warmup/command.json,experiments/raw-results/retained/animehacker-tq3-0/2026-07-18/runtime/AH-01/warmup/command.json,2152,2ddcd39980743a69f2f81e5faf5c58a5a52fc20ab14cbb828e977df94bce1a98,"[""animehacker-c690eae60d6c4771096a""]",,,,retain_active,recovery-5ec36c25826c
animehacker-tq3-0,experiments/raw-results/animehacker-tq3-0/2026-07-18/runtime/AH-01/warmup/controller-stderr.txt,experiments/raw-results/retained/animehacker-tq3-0/2026-07-18/runtime/AH-01/warmup/controller-stderr.txt,0,e3b0c44298fc1c149afbf4c8996fb92427ae41e4649b934ca495991b7852b855,"[""animehacker-fddf14778f1c27c18b8b""]",,,,retain_active,recovery-5ec36c25826c
animehacker-tq3-0,experiments/raw-results/animehacker-tq3-0/2026-07-18/runtime/AH-01/warmup/controller-stdout.txt,experiments/raw-results/retained/animehacker-tq3-0/2026-07-18/runtime/AH-01/warmup/controller-stdout.txt,1253,2c6d232cfc61598dda293358e301f59e926d8cb09e457f772483b0b14e517e8c,"[""animehacker-965cd8669bb4dc3a2152""]",,,,retain_active,recovery-5ec36c25826c
animehacker-tq3-0,experiments/raw-results/animehacker-tq3-0/2026-07-18/runtime/AH-01/warmup/events.jsonl,experiments/raw-results/retained/animehacker-tq3-0/2026-07-18/runtime/AH-01/warmup/events.jsonl,495906,541403044b9da348bfbc23d23e87aaaa17f1afce83340d7bfa78bbd01956de88,"[""animehacker-cabe2efcfce145723bec""]",,,,retain_active,recovery-5ec36c25826c
animehacker-tq3-0,experiments/raw-results/animehacker-tq3-0/2026-07-18/runtime/AH-01/warmup/measurement.json,experiments/raw-results/retained/animehacker-tq3-0/2026-07-18/runtime/AH-01/warmup/measurement.json,1423,3fcb52d89ea0e1b43d94ecfc99c5be32295b44005daf10a507b5505e5feb6369,"[""animehacker-ec7c85093fd2c082d885""]",,,,retain_active,recovery-5ec36c25826c
animehacker-tq3-0,experiments/raw-results/animehacker-tq3-0/2026-07-18/runtime/AH-01/warmup/stderr.txt,experiments/raw-results/retained/animehacker-tq3-0/2026-07-18/runtime/AH-01/warmup/stderr.txt,274730,45bbfab270f14a6a1741e99c784e8528ba72bc229853d859c35ec302d861bd9c,"[""animehacker-65851f7f5f9e06bb5b82""]",,,,retain_active,recovery-5ec36c25826c
animehacker-tq3-0,experiments/raw-results/animehacker-tq3-0/2026-07-18/runtime/AH-01/warmup/stdout.txt,experiments/raw-results/retained/animehacker-tq3-0/2026-07-18/runtime/AH-01/warmup/stdout.txt,0,e3b0c44298fc1c149afbf4c8996fb92427ae41e4649b934ca495991b7852b855,"[""animehacker-7b3dd931a51eca061a7d""]",,,,retain_active,recovery-5ec36c25826c
animehacker-tq3-0,experiments/raw-results/animehacker-tq3-0/2026-07-18/runtime/AH-01/warmup/utilization-samples.csv,experiments/raw-results/retained/animehacker-tq3-0/2026-07-18/runtime/AH-01/warmup/utilization-samples.csv,435,d430dda3e324ad85467ce11ba6ec17e1560161d68b59d36131f1982dfc6abf09,"[""animehacker-83fe3511a97cad79c36f""]",,,,retain_active,recovery-5ec36c25826c
animehacker-tq3-0,experiments/raw-results/animehacker-tq3-0/2026-07-18/runtime/AH-02/environment.json,experiments/raw-results/retained/animehacker-tq3-0/2026-07-18/runtime/AH-02/environment.json,2,44136fa355b3678a1146ad16f7e8649e94fb4fc21fe77e8310c060f61caaff8a,"[""animehacker-972b791900f1b7c3f47c""]",,,,retain_active,recovery-5ec36c25826c
animehacker-tq3-0,experiments/raw-results/animehacker-tq3-0/2026-07-18/runtime/AH-02/model.json,experiments/raw-results/retained/animehacker-tq3-0/2026-07-18/runtime/AH-02/model.json,244,b200a4d05f761ef68e52ff26febfb50c42afd0f301cd11eb8829e8f4f4c43243,"[""animehacker-0b45921ed223e91ef584""]",,,,retain_active,recovery-5ec36c25826c
animehacker-tq3-0,experiments/raw-results/animehacker-tq3-0/2026-07-18/runtime/AH-02/pilot/.utilization-ready,experiments/raw-results/retained/animehacker-tq3-0/2026-07-18/runtime/AH-02/pilot/.utilization-ready,7,83e24203f3532a5d379e2dfcab2a0bffa0b0d059eddc22ab04155ed229343ef3,"[""animehacker-7ce837fde594215db974""]",,,,retain_active,recovery-5ec36c25826c
animehacker-tq3-0,experiments/raw-results/animehacker-tq3-0/2026-07-18/runtime/AH-02/pilot/.utilization-stop,experiments/raw-results/retained/animehacker-tq3-0/2026-07-18/runtime/AH-02/pilot/.utilization-stop,4,6c45cb72a36e63d522aa54ed8adbd7a29a989474f2f77e0458af8800564ef3cb,"[""animehacker-9706703140e52c65a3e9""]",,,,retain_active,recovery-5ec36c25826c
animehacker-tq3-0,experiments/raw-results/animehacker-tq3-0/2026-07-18/runtime/AH-02/pilot/activation.json,experiments/raw-results/retained/animehacker-tq3-0/2026-07-18/runtime/AH-02/pilot/activation.json,177,96a62ae0f193725923c219c7d7386998648acbb59ce9c2dbc4e087d43e892cd0,"[""animehacker-0043ac7f47ac35f9d99e""]",,,,retain_active,recovery-5ec36c25826c
animehacker-tq3-0,experiments/raw-results/animehacker-tq3-0/2026-07-18/runtime/AH-02/pilot/command.json,experiments/raw-results/retained/animehacker-tq3-0/2026-07-18/runtime/AH-02/pilot/command.json,2158,823c7ead8ebaa711a8f6cbfa34d05646e0d7e3a68a8ad88db1a7aea1cef00e0a,"[""animehacker-341871b9a8edb42237ee""]",,,,retain_active,recovery-5ec36c25826c
animehacker-tq3-0,experiments/raw-results/animehacker-tq3-0/2026-07-18/runtime/AH-02/pilot/controller-stderr.txt,experiments/raw-results/retained/animehacker-tq3-0/2026-07-18/runtime/AH-02/pilot/controller-stderr.txt,0,e3b0c44298fc1c149afbf4c8996fb92427ae41e4649b934ca495991b7852b855,"[""animehacker-a917596bc4ee6d2dfcce""]",,,,retain_active,recovery-5ec36c25826c
animehacker-tq3-0,experiments/raw-results/animehacker-tq3-0/2026-07-18/runtime/AH-02/pilot/controller-stdout.txt,experiments/raw-results/retained/animehacker-tq3-0/2026-07-18/runtime/AH-02/pilot/controller-stdout.txt,1278,53a418b72ec6a7d5a58f527e06cc8b2b90fd09c059804594fde3c35ad5ed9c7c,"[""animehacker-70fb254df8974581f108""]",,,,retain_active,recovery-5ec36c25826c
animehacker-tq3-0,experiments/raw-results/animehacker-tq3-0/2026-07-18/runtime/AH-02/pilot/events.jsonl,experiments/raw-results/retained/animehacker-tq3-0/2026-07-18/runtime/AH-02/pilot/events.jsonl,531215,88cf84abf3a1a4f042ffe604cdfee4127380fe3165ae62f9ea00016bf6720ef4,"[""animehacker-b34b708dcf35b8d9e4d8""]",,,,retain_active,recovery-5ec36c25826c
animehacker-tq3-0,experiments/raw-results/animehacker-tq3-0/2026-07-18/runtime/AH-02/pilot/measurement.json,experiments/raw-results/retained/animehacker-tq3-0/2026-07-18/runtime/AH-02/pilot/measurement.json,1448,4e6a8f16b7ca89ab92b39b0262a62af7ba339b61cc0c286e0802956d856b4f24,"[""animehacker-5da9a1e6f664efc66f04""]",,,,retain_active,recovery-5ec36c25826c
animehacker-tq3-0,experiments/raw-results/animehacker-tq3-0/2026-07-18/runtime/AH-02/pilot/stderr.txt,experiments/raw-results/retained/animehacker-tq3-0/2026-07-18/runtime/AH-02/pilot/stderr.txt,276049,2276607ac0a400d787e0d9f89fad2d781a3252455787060184d36cfd945b6fb6,"[""animehacker-f73b94e73189213a41da""]",,,,retain_active,recovery-5ec36c25826c
animehacker-tq3-0,experiments/raw-results/animehacker-tq3-0/2026-07-18/runtime/AH-02/pilot/stdout.txt,experiments/raw-results/retained/animehacker-tq3-0/2026-07-18/runtime/AH-02/pilot/stdout.txt,0,e3b0c44298fc1c149afbf4c8996fb92427ae41e4649b934ca495991b7852b855,"[""animehacker-c0acc2b15bc0d8f1c8a2""]",,,,retain_active,recovery-5ec36c25826c
animehacker-tq3-0,experiments/raw-results/animehacker-tq3-0/2026-07-18/runtime/AH-02/pilot/utilization-samples.csv,experiments/raw-results/retained/animehacker-tq3-0/2026-07-18/runtime/AH-02/pilot/utilization-samples.csv,504,065bc92b847d44bfbc8932084527ef798a326e20b0ffb1e19aa54edb397212cd,"[""animehacker-16bf338c6e0a2bf1c618""]",,,,retain_active,recovery-5ec36c25826c
animehacker-tq3-0,experiments/raw-results/animehacker-tq3-0/2026-07-18/runtime/AH-02/sample-1/.utilization-ready,experiments/raw-results/retained/animehacker-tq3-0/2026-07-18/runtime/AH-02/sample-1/.utilization-ready,7,83e24203f3532a5d379e2dfcab2a0bffa0b0d059eddc22ab04155ed229343ef3,"[""animehacker-f21017e4f2b48f8e8f81""]",,,,retain_active,recovery-5ec36c25826c
animehacker-tq3-0,experiments/raw-results/animehacker-tq3-0/2026-07-18/runtime/AH-02/sample-1/.utilization-stop,experiments/raw-results/retained/animehacker-tq3-0/2026-07-18/runtime/AH-02/sample-1/.utilization-stop,4,6c45cb72a36e63d522aa54ed8adbd7a29a989474f2f77e0458af8800564ef3cb,"[""animehacker-e6ff1ec114cc19e4ee65""]",,,,retain_active,recovery-5ec36c25826c
animehacker-tq3-0,experiments/raw-results/animehacker-tq3-0/2026-07-18/runtime/AH-02/sample-1/activation.json,experiments/raw-results/retained/animehacker-tq3-0/2026-07-18/runtime/AH-02/sample-1/activation.json,177,96a62ae0f193725923c219c7d7386998648acbb59ce9c2dbc4e087d43e892cd0,"[""animehacker-62eac93f56c6a925a9d2""]",,,,retain_active,recovery-5ec36c25826c
animehacker-tq3-0,experiments/raw-results/animehacker-tq3-0/2026-07-18/runtime/AH-02/sample-1/command.json,experiments/raw-results/retained/animehacker-tq3-0/2026-07-18/runtime/AH-02/sample-1/command.json,2164,96fa971cb661b9af941262e67d63bd674be0bfd8043be04bef329c4da5d74c2b,"[""animehacker-19c1118230cf9965053b""]",,,,retain_active,recovery-5ec36c25826c
animehacker-tq3-0,experiments/raw-results/animehacker-tq3-0/2026-07-18/runtime/AH-02/sample-1/controller-stderr.txt,experiments/raw-results/retained/animehacker-tq3-0/2026-07-18/runtime/AH-02/sample-1/controller-stderr.txt,0,e3b0c44298fc1c149afbf4c8996fb92427ae41e4649b934ca495991b7852b855,"[""animehacker-dbed2e4bd4a5cc532c3e""]",,,,retain_active,recovery-5ec36c25826c
animehacker-tq3-0,experiments/raw-results/animehacker-tq3-0/2026-07-18/runtime/AH-02/sample-1/controller-stdout.txt,experiments/raw-results/retained/animehacker-tq3-0/2026-07-18/runtime/AH-02/sample-1/controller-stdout.txt,1273,d67a0ed62040fcfe199323e278a98a215a81a6c6fd64e9cef8940685a8335e35,"[""animehacker-f9918400f60fa30fe543""]",,,,retain_active,recovery-5ec36c25826c
animehacker-tq3-0,experiments/raw-results/animehacker-tq3-0/2026-07-18/runtime/AH-02/sample-1/events.jsonl,experiments/raw-results/retained/animehacker-tq3-0/2026-07-18/runtime/AH-02/sample-1/events.jsonl,531004,adc1958620f0ed1c7298934ce6d205a35bffdceaf4fbfd01db1ab37afbf52418,"[""animehacker-080e6063da983b06a12d""]",,,,retain_active,recovery-5ec36c25826c
animehacker-tq3-0,experiments/raw-results/animehacker-tq3-0/2026-07-18/runtime/AH-02/sample-1/measurement.json,experiments/raw-results/retained/animehacker-tq3-0/2026-07-18/runtime/AH-02/sample-1/measurement.json,1443,8c64e15e1b0996a7f10fa3b261d1cac629ecec4212a946e9dfd20a5dfa66b4b6,"[""animehacker-00a62adfff844adaba6b""]",,,,retain_active,recovery-5ec36c25826c
animehacker-tq3-0,experiments/raw-results/animehacker-tq3-0/2026-07-18/runtime/AH-02/sample-1/stderr.txt,experiments/raw-results/retained/animehacker-tq3-0/2026-07-18/runtime/AH-02/sample-1/stderr.txt,276044,e82afe7fd0967871ba76ac69b13ca74d81c7a9dcc214d5e73cd9c23bca46dafe,"[""animehacker-2e9074c42c0cd789c422""]",,,,retain_active,recovery-5ec36c25826c
animehacker-tq3-0,experiments/raw-results/animehacker-tq3-0/2026-07-18/runtime/AH-02/sample-1/stdout.txt,experiments/raw-results/retained/animehacker-tq3-0/2026-07-18/runtime/AH-02/sample-1/stdout.txt,0,e3b0c44298fc1c149afbf4c8996fb92427ae41e4649b934ca495991b7852b855,"[""animehacker-6a7b4b4fdbe1eb9b6cf9""]",,,,retain_active,recovery-5ec36c25826c
animehacker-tq3-0,experiments/raw-results/animehacker-tq3-0/2026-07-18/runtime/AH-02/sample-1/utilization-samples.csv,experiments/raw-results/retained/animehacker-tq3-0/2026-07-18/runtime/AH-02/sample-1/utilization-samples.csv,504,d8a26c529630585d5a34dad92d03a9b5ce09abda21bd6268bfa854fc1b8a12a0,"[""animehacker-b1e4a3d8970e87fa867b""]",,,,retain_active,recovery-5ec36c25826c
animehacker-tq3-0,experiments/raw-results/animehacker-tq3-0/2026-07-18/runtime/AH-02/sample-2/.utilization-ready,experiments/raw-results/retained/animehacker-tq3-0/2026-07-18/runtime/AH-02/sample-2/.utilization-ready,7,83e24203f3532a5d379e2dfcab2a0bffa0b0d059eddc22ab04155ed229343ef3,"[""animehacker-c28d5db2b9f589730f80""]",,,,retain_active,recovery-5ec36c25826c
animehacker-tq3-0,experiments/raw-results/animehacker-tq3-0/2026-07-18/runtime/AH-02/sample-2/.utilization-stop,experiments/raw-results/retained/animehacker-tq3-0/2026-07-18/runtime/AH-02/sample-2/.utilization-stop,4,6c45cb72a36e63d522aa54ed8adbd7a29a989474f2f77e0458af8800564ef3cb,"[""animehacker-fc484eee5e1aa7f87171""]",,,,retain_active,recovery-5ec36c25826c
animehacker-tq3-0,experiments/raw-results/animehacker-tq3-0/2026-07-18/runtime/AH-02/sample-2/activation.json,experiments/raw-results/retained/animehacker-tq3-0/2026-07-18/runtime/AH-02/sample-2/activation.json,177,96a62ae0f193725923c219c7d7386998648acbb59ce9c2dbc4e087d43e892cd0,"[""animehacker-e7421d260818c3e29a88""]",,,,retain_active,recovery-5ec36c25826c
animehacker-tq3-0,experiments/raw-results/animehacker-tq3-0/2026-07-18/runtime/AH-02/sample-2/command.json,experiments/raw-results/retained/animehacker-tq3-0/2026-07-18/runtime/AH-02/sample-2/command.json,2164,4133205e21cc938ce98ea2174a30a7ed8a6889f33b1c7b6e21aea16efc4e7199,"[""animehacker-2cb734d89aa9a5d26279""]",,,,retain_active,recovery-5ec36c25826c
animehacker-tq3-0,experiments/raw-results/animehacker-tq3-0/2026-07-18/runtime/AH-02/sample-2/controller-stderr.txt,experiments/raw-results/retained/animehacker-tq3-0/2026-07-18/runtime/AH-02/sample-2/controller-stderr.txt,0,e3b0c44298fc1c149afbf4c8996fb92427ae41e4649b934ca495991b7852b855,"[""animehacker-94065b89205607a5b8aa""]",,,,retain_active,recovery-5ec36c25826c
animehacker-tq3-0,experiments/raw-results/animehacker-tq3-0/2026-07-18/runtime/AH-02/sample-2/controller-stdout.txt,experiments/raw-results/retained/animehacker-tq3-0/2026-07-18/runtime/AH-02/sample-2/controller-stdout.txt,1276,06b3b4ee10ccbf161417c68bdc32898f400d7c6c35e343d95b1d911847837b3f,"[""animehacker-11509606c7e932548c8b""]",,,,retain_active,recovery-5ec36c25826c
animehacker-tq3-0,experiments/raw-results/animehacker-tq3-0/2026-07-18/runtime/AH-02/sample-2/events.jsonl,experiments/raw-results/retained/animehacker-tq3-0/2026-07-18/runtime/AH-02/sample-2/events.jsonl,531041,0dfb91ac139a7c6e3abb47fe61c84d470c1d6a64e0b9e929d9cc2a7e82aaca7e,"[""animehacker-5c62eb7ea8bafe502792""]",,,,retain_active,recovery-5ec36c25826c
animehacker-tq3-0,experiments/raw-results/animehacker-tq3-0/2026-07-18/runtime/AH-02/sample-2/measurement.json,experiments/raw-results/retained/animehacker-tq3-0/2026-07-18/runtime/AH-02/sample-2/measurement.json,1446,a2e61cf2b3b9ca7a46ed19e7586bec72fb759e98125e9a41332288745e23b220,"[""animehacker-f3ade4da4ceb41168a3c""]",,,,retain_active,recovery-5ec36c25826c
animehacker-tq3-0,experiments/raw-results/animehacker-tq3-0/2026-07-18/runtime/AH-02/sample-2/stderr.txt,experiments/raw-results/retained/animehacker-tq3-0/2026-07-18/runtime/AH-02/sample-2/stderr.txt,276050,9433059c9709062f3d9b8b9fa45a168b31908ea6b30c86f510473afe1ad24508,"[""animehacker-8510255bdf332c06dfe1""]",,,,retain_active,recovery-5ec36c25826c
animehacker-tq3-0,experiments/raw-results/animehacker-tq3-0/2026-07-18/runtime/AH-02/sample-2/stdout.txt,experiments/raw-results/retained/animehacker-tq3-0/2026-07-18/runtime/AH-02/sample-2/stdout.txt,0,e3b0c44298fc1c149afbf4c8996fb92427ae41e4649b934ca495991b7852b855,"[""animehacker-f3fe17057c6b528bde13""]",,,,retain_active,recovery-5ec36c25826c
animehacker-tq3-0,experiments/raw-results/animehacker-tq3-0/2026-07-18/runtime/AH-02/sample-2/utilization-samples.csv,experiments/raw-results/retained/animehacker-tq3-0/2026-07-18/runtime/AH-02/sample-2/utilization-samples.csv,504,1b083b36bad44d6fa46008040b22d0d0dea6e6f6594c8e2506bb2b2ca12b2c72,"[""animehacker-84b6b99925e55b52229a""]",,,,retain_active,recovery-5ec36c25826c
animehacker-tq3-0,experiments/raw-results/animehacker-tq3-0/2026-07-18/runtime/AH-02/sample-3/.utilization-ready,experiments/raw-results/retained/animehacker-tq3-0/2026-07-18/runtime/AH-02/sample-3/.utilization-ready,7,83e24203f3532a5d379e2dfcab2a0bffa0b0d059eddc22ab04155ed229343ef3,"[""animehacker-93925d2cc3a15ceafb20""]",,,,retain_active,recovery-5ec36c25826c
animehacker-tq3-0,experiments/raw-results/animehacker-tq3-0/2026-07-18/runtime/AH-02/sample-3/.utilization-stop,experiments/raw-results/retained/animehacker-tq3-0/2026-07-18/runtime/AH-02/sample-3/.utilization-stop,4,6c45cb72a36e63d522aa54ed8adbd7a29a989474f2f77e0458af8800564ef3cb,"[""animehacker-79f4d9f6e2b5b661afcb""]",,,,retain_active,recovery-5ec36c25826c
animehacker-tq3-0,experiments/raw-results/animehacker-tq3-0/2026-07-18/runtime/AH-02/sample-3/activation.json,experiments/raw-results/retained/animehacker-tq3-0/2026-07-18/runtime/AH-02/sample-3/activation.json,177,96a62ae0f193725923c219c7d7386998648acbb59ce9c2dbc4e087d43e892cd0,"[""animehacker-fe772bd8ba7c7a91a4b5""]",,,,retain_active,recovery-5ec36c25826c
animehacker-tq3-0,experiments/raw-results/animehacker-tq3-0/2026-07-18/runtime/AH-02/sample-3/command.json,experiments/raw-results/retained/animehacker-tq3-0/2026-07-18/runtime/AH-02/sample-3/command.json,2164,294370688da6e5d3d6c151d63e7a3499e21b02ef754c9781aa5965fc7f1720df,"[""animehacker-6f2432e6fa420a1335af""]",,,,retain_active,recovery-5ec36c25826c
animehacker-tq3-0,experiments/raw-results/animehacker-tq3-0/2026-07-18/runtime/AH-02/sample-3/controller-stderr.txt,experiments/raw-results/retained/animehacker-tq3-0/2026-07-18/runtime/AH-02/sample-3/controller-stderr.txt,0,e3b0c44298fc1c149afbf4c8996fb92427ae41e4649b934ca495991b7852b855,"[""animehacker-7ae6c00685d50036daa9""]",,,,retain_active,recovery-5ec36c25826c
animehacker-tq3-0,experiments/raw-results/animehacker-tq3-0/2026-07-18/runtime/AH-02/sample-3/controller-stdout.txt,experiments/raw-results/retained/animehacker-tq3-0/2026-07-18/runtime/AH-02/sample-3/controller-stdout.txt,1269,7aca70b17722427582ec76849d52ba2f36a742a0760040966b2fac62559e2337,"[""animehacker-f707513bc2341cb05202""]",,,,retain_active,recovery-5ec36c25826c
animehacker-tq3-0,experiments/raw-results/animehacker-tq3-0/2026-07-18/runtime/AH-02/sample-3/events.jsonl,experiments/raw-results/retained/animehacker-tq3-0/2026-07-18/runtime/AH-02/sample-3/events.jsonl,530856,eff72cfa94a56c93264ffbd905936f591a9e8a7af2fe250cb1a4b61de417b0f8,"[""animehacker-85d2a5b50fc4e26298d2""]",,,,retain_active,recovery-5ec36c25826c
animehacker-tq3-0,experiments/raw-results/animehacker-tq3-0/2026-07-18/runtime/AH-02/sample-3/measurement.json,experiments/raw-results/retained/animehacker-tq3-0/2026-07-18/runtime/AH-02/sample-3/measurement.json,1439,f67794c1c4c99ec2896738e153717fe7233780ec90af557823e2b6f73010aa29,"[""animehacker-f49146a6eb4f727ce88a""]",,,,retain_active,recovery-5ec36c25826c
animehacker-tq3-0,experiments/raw-results/animehacker-tq3-0/2026-07-18/runtime/AH-02/sample-3/stderr.txt,experiments/raw-results/retained/animehacker-tq3-0/2026-07-18/runtime/AH-02/sample-3/stderr.txt,276038,084664b9a7d7874cfd34794d2566c17e5aa147490c882c1cb02c9ba819f4ebb5,"[""animehacker-9f63f6c063491a93a5e8""]",,,,retain_active,recovery-5ec36c25826c
animehacker-tq3-0,experiments/raw-results/animehacker-tq3-0/2026-07-18/runtime/AH-02/sample-3/stdout.txt,experiments/raw-results/retained/animehacker-tq3-0/2026-07-18/runtime/AH-02/sample-3/stdout.txt,0,e3b0c44298fc1c149afbf4c8996fb92427ae41e4649b934ca495991b7852b855,"[""animehacker-7f8cd077942b369c2a45""]",,,,retain_active,recovery-5ec36c25826c
animehacker-tq3-0,experiments/raw-results/animehacker-tq3-0/2026-07-18/runtime/AH-02/sample-3/utilization-samples.csv,experiments/raw-results/retained/animehacker-tq3-0/2026-07-18/runtime/AH-02/sample-3/utilization-samples.csv,504,09e7c6e8e8a0c81f0e18f788e4f014a9d35d71f4b2a935eb7e2c39ba227176c7,"[""animehacker-aaf535a6e19a4c416e44""]",,,,retain_active,recovery-5ec36c25826c
animehacker-tq3-0,experiments/raw-results/animehacker-tq3-0/2026-07-18/runtime/AH-02/summary.json,experiments/raw-results/retained/animehacker-tq3-0/2026-07-18/runtime/AH-02/summary.json,7511,64620e979c389a9e01db23a957af57cd3710fc59eefe44ced690386a741ef7e7,"[""animehacker-7be5a350bf466da3eaaf""]",,,,retain_active,recovery-5ec36c25826c
animehacker-tq3-0,experiments/raw-results/animehacker-tq3-0/2026-07-18/runtime/AH-02/warmup/.utilization-ready,experiments/raw-results/retained/animehacker-tq3-0/2026-07-18/runtime/AH-02/warmup/.utilization-ready,7,83e24203f3532a5d379e2dfcab2a0bffa0b0d059eddc22ab04155ed229343ef3,"[""animehacker-5464e343f1da58a76041""]",,,,retain_active,recovery-5ec36c25826c
animehacker-tq3-0,experiments/raw-results/animehacker-tq3-0/2026-07-18/runtime/AH-02/warmup/.utilization-stop,experiments/raw-results/retained/animehacker-tq3-0/2026-07-18/runtime/AH-02/warmup/.utilization-stop,4,6c45cb72a36e63d522aa54ed8adbd7a29a989474f2f77e0458af8800564ef3cb,"[""animehacker-f85a26de1a2cdf0cc6b2""]",,,,retain_active,recovery-5ec36c25826c
animehacker-tq3-0,experiments/raw-results/animehacker-tq3-0/2026-07-18/runtime/AH-02/warmup/activation.json,experiments/raw-results/retained/animehacker-tq3-0/2026-07-18/runtime/AH-02/warmup/activation.json,177,96a62ae0f193725923c219c7d7386998648acbb59ce9c2dbc4e087d43e892cd0,"[""animehacker-a2664645c5b82258be17""]",,,,retain_active,recovery-5ec36c25826c
animehacker-tq3-0,experiments/raw-results/animehacker-tq3-0/2026-07-18/runtime/AH-02/warmup/command.json,experiments/raw-results/retained/animehacker-tq3-0/2026-07-18/runtime/AH-02/warmup/command.json,2160,c2229624927974871800f8bcfd8a3e13b48fb9c4729c2a6d492e40ecd675aead,"[""animehacker-71c707492a24088f90a8""]",,,,retain_active,recovery-5ec36c25826c
animehacker-tq3-0,experiments/raw-results/animehacker-tq3-0/2026-07-18/runtime/AH-02/warmup/controller-stderr.txt,experiments/raw-results/retained/animehacker-tq3-0/2026-07-18/runtime/AH-02/warmup/controller-stderr.txt,0,e3b0c44298fc1c149afbf4c8996fb92427ae41e4649b934ca495991b7852b855,"[""animehacker-b9309b84e85fbafa40b1""]",,,,retain_active,recovery-5ec36c25826c
animehacker-tq3-0,experiments/raw-results/animehacker-tq3-0/2026-07-18/runtime/AH-02/warmup/controller-stdout.txt,experiments/raw-results/retained/animehacker-tq3-0/2026-07-18/runtime/AH-02/warmup/controller-stdout.txt,1279,0ac79b0ded3a6d238d381c7c09c82e1fafd234d873c385e92575bfdae2e79972,"[""animehacker-ec47408394832efd4d53""]",,,,retain_active,recovery-5ec36c25826c
animehacker-tq3-0,experiments/raw-results/animehacker-tq3-0/2026-07-18/runtime/AH-02/warmup/events.jsonl,experiments/raw-results/retained/animehacker-tq3-0/2026-07-18/runtime/AH-02/warmup/events.jsonl,531157,20fbd1f2fa14a73b708b992a73421e4fc31b0af1fb9c2395fb85338b2f5ea3bb,"[""animehacker-14f804608c8036fecd0c""]",,,,retain_active,recovery-5ec36c25826c
animehacker-tq3-0,experiments/raw-results/animehacker-tq3-0/2026-07-18/runtime/AH-02/warmup/measurement.json,experiments/raw-results/retained/animehacker-tq3-0/2026-07-18/runtime/AH-02/warmup/measurement.json,1449,a27502c6bf1913507cbd0317ce5dfb8361ac3bade4a280ee43283b683513f273,"[""animehacker-53d97ddbac1680999c00""]",,,,retain_active,recovery-5ec36c25826c
animehacker-tq3-0,experiments/raw-results/animehacker-tq3-0/2026-07-18/runtime/AH-02/warmup/stderr.txt,experiments/raw-results/retained/animehacker-tq3-0/2026-07-18/runtime/AH-02/warmup/stderr.txt,276050,3c7c08ed787a07a9b5218527f397cf2f16a416d180a8754204f47c7cc3da4f0e,"[""animehacker-16415e0519d995eba960""]",,,,retain_active,recovery-5ec36c25826c
animehacker-tq3-0,experiments/raw-results/animehacker-tq3-0/2026-07-18/runtime/AH-02/warmup/stdout.txt,experiments/raw-results/retained/animehacker-tq3-0/2026-07-18/runtime/AH-02/warmup/stdout.txt,0,e3b0c44298fc1c149afbf4c8996fb92427ae41e4649b934ca495991b7852b855,"[""animehacker-faa2bc37ef22bc10221a""]",,,,retain_active,recovery-5ec36c25826c
animehacker-tq3-0,experiments/raw-results/animehacker-tq3-0/2026-07-18/runtime/AH-02/warmup/utilization-samples.csv,experiments/raw-results/retained/animehacker-tq3-0/2026-07-18/runtime/AH-02/warmup/utilization-samples.csv,504,d8b8235ad8fb16692cec00b30697c6bb0d116706354404d10efc78987cc6188a,"[""animehacker-e780bd0e481fce183637""]",,,,retain_active,recovery-5ec36c25826c
animehacker-tq3-0,experiments/raw-results/animehacker-tq3-0/2026-07-18/runtime/AH-03/environment.json,experiments/raw-results/retained/animehacker-tq3-0/2026-07-18/runtime/AH-03/environment.json,2,44136fa355b3678a1146ad16f7e8649e94fb4fc21fe77e8310c060f61caaff8a,"[""animehacker-43c28b024e124d0dab56""]",,,,retain_active,recovery-5ec36c25826c
animehacker-tq3-0,experiments/raw-results/animehacker-tq3-0/2026-07-18/runtime/AH-03/model.json,experiments/raw-results/retained/animehacker-tq3-0/2026-07-18/runtime/AH-03/model.json,236,ef47576d50939008fe638786a2a8492509b3f81b1c3f7f5a48ba9ccd19c8bdcb,"[""animehacker-2bac2818642cd584ee43""]",,,,retain_active,recovery-5ec36c25826c
animehacker-tq3-0,experiments/raw-results/animehacker-tq3-0/2026-07-18/runtime/AH-03/pilot/.utilization-ready,experiments/raw-results/retained/animehacker-tq3-0/2026-07-18/runtime/AH-03/pilot/.utilization-ready,7,83e24203f3532a5d379e2dfcab2a0bffa0b0d059eddc22ab04155ed229343ef3,"[""animehacker-d11edcf73906286f57e5""]",,,,retain_active,recovery-5ec36c25826c
animehacker-tq3-0,experiments/raw-results/animehacker-tq3-0/2026-07-18/runtime/AH-03/pilot/.utilization-stop,experiments/raw-results/retained/animehacker-tq3-0/2026-07-18/runtime/AH-03/pilot/.utilization-stop,4,6c45cb72a36e63d522aa54ed8adbd7a29a989474f2f77e0458af8800564ef3cb,"[""animehacker-9a672de2e04b95ba9bc4""]",,,,retain_active,recovery-5ec36c25826c
animehacker-tq3-0,experiments/raw-results/animehacker-tq3-0/2026-07-18/runtime/AH-03/pilot/activation.json,experiments/raw-results/retained/animehacker-tq3-0/2026-07-18/runtime/AH-03/pilot/activation.json,170,6e0d238fc2e86a9f100a3f5cab108f53dffee65c38b2bf0694f0ff343fa50649,"[""animehacker-f412282ebf460f402d05""]",,,,retain_active,recovery-5ec36c25826c
animehacker-tq3-0,experiments/raw-results/animehacker-tq3-0/2026-07-18/runtime/AH-03/pilot/command.json,experiments/raw-results/retained/animehacker-tq3-0/2026-07-18/runtime/AH-03/pilot/command.json,2132,df18aceafc908b80a39126e6ed0157aef6a63e9ba5aa59e9aae850e31f8e9e90,"[""animehacker-b0c1bf190ae08d958384""]",,,,retain_active,recovery-5ec36c25826c
animehacker-tq3-0,experiments/raw-results/animehacker-tq3-0/2026-07-18/runtime/AH-03/pilot/controller-stderr.txt,experiments/raw-results/retained/animehacker-tq3-0/2026-07-18/runtime/AH-03/pilot/controller-stderr.txt,0,e3b0c44298fc1c149afbf4c8996fb92427ae41e4649b934ca495991b7852b855,"[""animehacker-1a83c81391d009189a8c""]",,,,retain_active,recovery-5ec36c25826c
animehacker-tq3-0,experiments/raw-results/animehacker-tq3-0/2026-07-18/runtime/AH-03/pilot/controller-stdout.txt,experiments/raw-results/retained/animehacker-tq3-0/2026-07-18/runtime/AH-03/pilot/controller-stdout.txt,1271,d3be42caf0d40ba3049abc96e6f297b429d2411f93cfb2a2eec3827e3b3dd51a,"[""animehacker-6855fa8a01521c845974""]",,,,retain_active,recovery-5ec36c25826c
animehacker-tq3-0,experiments/raw-results/animehacker-tq3-0/2026-07-18/runtime/AH-03/pilot/events.jsonl,experiments/raw-results/retained/animehacker-tq3-0/2026-07-18/runtime/AH-03/pilot/events.jsonl,505683,e95cfa6ed0a86256f12e1601192f06c54676c853ffa71f7ce0a047fb4c39d878,"[""animehacker-9871ab42156fd2b012a8""]",,,,retain_active,recovery-5ec36c25826c
animehacker-tq3-0,experiments/raw-results/animehacker-tq3-0/2026-07-18/runtime/AH-03/pilot/measurement.json,experiments/raw-results/retained/animehacker-tq3-0/2026-07-18/runtime/AH-03/pilot/measurement.json,1441,77d496f6eda487f0199ec2747f60c72e967454086f88e38e03d2122986ff1965,"[""animehacker-72eea2e28a8a09926038""]",,,,retain_active,recovery-5ec36c25826c
animehacker-tq3-0,experiments/raw-results/animehacker-tq3-0/2026-07-18/runtime/AH-03/pilot/stderr.txt,experiments/raw-results/retained/animehacker-tq3-0/2026-07-18/runtime/AH-03/pilot/stderr.txt,294356,50b14b609e73d6ff57c7372ebff9ca877f5c6d24aa189200cbff2e56aed70d64,"[""animehacker-12fc6acbe93a4a25309b""]",,,,retain_active,recovery-5ec36c25826c
animehacker-tq3-0,experiments/raw-results/animehacker-tq3-0/2026-07-18/runtime/AH-03/pilot/stdout.txt,experiments/raw-results/retained/animehacker-tq3-0/2026-07-18/runtime/AH-03/pilot/stdout.txt,0,e3b0c44298fc1c149afbf4c8996fb92427ae41e4649b934ca495991b7852b855,"[""animehacker-9335389918ae88155bec""]",,,,retain_active,recovery-5ec36c25826c
animehacker-tq3-0,experiments/raw-results/animehacker-tq3-0/2026-07-18/runtime/AH-03/pilot/utilization-samples.csv,experiments/raw-results/retained/animehacker-tq3-0/2026-07-18/runtime/AH-03/pilot/utilization-samples.csv,918,c94b16ddefe1aa0937144dc915ef8a364069890e641710d46c5c0bb9d2b2ba6e,"[""animehacker-4838eeeb2df1174b7d9b""]",,,,retain_active,recovery-5ec36c25826c
animehacker-tq3-0,experiments/raw-results/animehacker-tq3-0/2026-07-18/runtime/AH-03/sample-1/.utilization-ready,experiments/raw-results/retained/animehacker-tq3-0/2026-07-18/runtime/AH-03/sample-1/.utilization-ready,7,83e24203f3532a5d379e2dfcab2a0bffa0b0d059eddc22ab04155ed229343ef3,"[""animehacker-9a9fc358a59c6692611d""]",,,,retain_active,recovery-5ec36c25826c
animehacker-tq3-0,experiments/raw-results/animehacker-tq3-0/2026-07-18/runtime/AH-03/sample-1/.utilization-stop,experiments/raw-results/retained/animehacker-tq3-0/2026-07-18/runtime/AH-03/sample-1/.utilization-stop,4,6c45cb72a36e63d522aa54ed8adbd7a29a989474f2f77e0458af8800564ef3cb,"[""animehacker-9166f761756d87ef87d0""]",,,,retain_active,recovery-5ec36c25826c
animehacker-tq3-0,experiments/raw-results/animehacker-tq3-0/2026-07-18/runtime/AH-03/sample-1/activation.json,experiments/raw-results/retained/animehacker-tq3-0/2026-07-18/runtime/AH-03/sample-1/activation.json,170,6e0d238fc2e86a9f100a3f5cab108f53dffee65c38b2bf0694f0ff343fa50649,"[""animehacker-001dfad8c2aaeaa7b748""]",,,,retain_active,recovery-5ec36c25826c
animehacker-tq3-0,experiments/raw-results/animehacker-tq3-0/2026-07-18/runtime/AH-03/sample-1/command.json,experiments/raw-results/retained/animehacker-tq3-0/2026-07-18/runtime/AH-03/sample-1/command.json,2138,01dd9e7b70b4b50147a06300322346dc5cd1bd8d5ca8aa8a3b30c124491b244d,"[""animehacker-32ec96b0c40fe85da955""]",,,,retain_active,recovery-5ec36c25826c
animehacker-tq3-0,experiments/raw-results/animehacker-tq3-0/2026-07-18/runtime/AH-03/sample-1/controller-stderr.txt,experiments/raw-results/retained/animehacker-tq3-0/2026-07-18/runtime/AH-03/sample-1/controller-stderr.txt,0,e3b0c44298fc1c149afbf4c8996fb92427ae41e4649b934ca495991b7852b855,"[""animehacker-82529c9bb208321f21a2""]",,,,retain_active,recovery-5ec36c25826c
animehacker-tq3-0,experiments/raw-results/animehacker-tq3-0/2026-07-18/runtime/AH-03/sample-1/controller-stdout.txt,experiments/raw-results/retained/animehacker-tq3-0/2026-07-18/runtime/AH-03/sample-1/controller-stdout.txt,1274,905fd0b020c9d6b356e5f9c97ea091dc72490918564680a53abb42f2c054a92d,"[""animehacker-93cbc14fa43f490f1b67""]",,,,retain_active,recovery-5ec36c25826c
animehacker-tq3-0,experiments/raw-results/animehacker-tq3-0/2026-07-18/runtime/AH-03/sample-1/events.jsonl,experiments/raw-results/retained/animehacker-tq3-0/2026-07-18/runtime/AH-03/sample-1/events.jsonl,507097,f958c9fad973aad2c65d343573cbde24f0d12296579a23f5361b95cf2b2a452b,"[""animehacker-6364c8cdf36af642ba98""]",,,,retain_active,recovery-5ec36c25826c
animehacker-tq3-0,experiments/raw-results/animehacker-tq3-0/2026-07-18/runtime/AH-03/sample-1/measurement.json,experiments/raw-results/retained/animehacker-tq3-0/2026-07-18/runtime/AH-03/sample-1/measurement.json,1444,f6bda79102045f36d49dfda9d1806d43ac395345ce1f18a8536b1ae229d79b32,"[""animehacker-de11a998480c09ab2693""]",,,,retain_active,recovery-5ec36c25826c
animehacker-tq3-0,experiments/raw-results/animehacker-tq3-0/2026-07-18/runtime/AH-03/sample-1/stderr.txt,experiments/raw-results/retained/animehacker-tq3-0/2026-07-18/runtime/AH-03/sample-1/stderr.txt,294355,d0cd2b093914549c36dadb5ae70a7b35d77e361a87249dcda40a19fcde08610f,"[""animehacker-337ac7a9d7da88beaa52""]",,,,retain_active,recovery-5ec36c25826c
animehacker-tq3-0,experiments/raw-results/animehacker-tq3-0/2026-07-18/runtime/AH-03/sample-1/stdout.txt,experiments/raw-results/retained/animehacker-tq3-0/2026-07-18/runtime/AH-03/sample-1/stdout.txt,0,e3b0c44298fc1c149afbf4c8996fb92427ae41e4649b934ca495991b7852b855,"[""animehacker-07c9facf9e697d2af669""]",,,,retain_active,recovery-5ec36c25826c
animehacker-tq3-0,experiments/raw-results/animehacker-tq3-0/2026-07-18/runtime/AH-03/sample-1/utilization-samples.csv,experiments/raw-results/retained/animehacker-tq3-0/2026-07-18/runtime/AH-03/sample-1/utilization-samples.csv,987,24c34c979875ccde144866fe203f34e29dcf321312b87b5cc2784d912f49571a,"[""animehacker-43ef386540728f53cb06""]",,,,retain_active,recovery-5ec36c25826c
animehacker-tq3-0,experiments/raw-results/animehacker-tq3-0/2026-07-18/runtime/AH-03/sample-2/.utilization-ready,experiments/raw-results/retained/animehacker-tq3-0/2026-07-18/runtime/AH-03/sample-2/.utilization-ready,7,83e24203f3532a5d379e2dfcab2a0bffa0b0d059eddc22ab04155ed229343ef3,"[""animehacker-4ac6cd369e6a661cd629""]",,,,retain_active,recovery-5ec36c25826c
animehacker-tq3-0,experiments/raw-results/animehacker-tq3-0/2026-07-18/runtime/AH-03/sample-2/.utilization-stop,experiments/raw-results/retained/animehacker-tq3-0/2026-07-18/runtime/AH-03/sample-2/.utilization-stop,4,6c45cb72a36e63d522aa54ed8adbd7a29a989474f2f77e0458af8800564ef3cb,"[""animehacker-55271c3d4c662d83f82f""]",,,,retain_active,recovery-5ec36c25826c
animehacker-tq3-0,experiments/raw-results/animehacker-tq3-0/2026-07-18/runtime/AH-03/sample-2/activation.json,experiments/raw-results/retained/animehacker-tq3-0/2026-07-18/runtime/AH-03/sample-2/activation.json,170,6e0d238fc2e86a9f100a3f5cab108f53dffee65c38b2bf0694f0ff343fa50649,"[""animehacker-780ece7e219e6dbbadcd""]",,,,retain_active,recovery-5ec36c25826c
animehacker-tq3-0,experiments/raw-results/animehacker-tq3-0/2026-07-18/runtime/AH-03/sample-2/command.json,experiments/raw-results/retained/animehacker-tq3-0/2026-07-18/runtime/AH-03/sample-2/command.json,2138,8a86d8e43d545654ec035544635b156690f9ae659a71e13a9b36606454ae55ff,"[""animehacker-543cb9dbb97abcbb5658""]",,,,retain_active,recovery-5ec36c25826c
animehacker-tq3-0,experiments/raw-results/animehacker-tq3-0/2026-07-18/runtime/AH-03/sample-2/controller-stderr.txt,experiments/raw-results/retained/animehacker-tq3-0/2026-07-18/runtime/AH-03/sample-2/controller-stderr.txt,0,e3b0c44298fc1c149afbf4c8996fb92427ae41e4649b934ca495991b7852b855,"[""animehacker-b13465b44b4680732a4b""]",,,,retain_active,recovery-5ec36c25826c
animehacker-tq3-0,experiments/raw-results/animehacker-tq3-0/2026-07-18/runtime/AH-03/sample-2/controller-stdout.txt,experiments/raw-results/retained/animehacker-tq3-0/2026-07-18/runtime/AH-03/sample-2/controller-stdout.txt,1276,6a84b057d1f8aa72f23a587fbd8ce9456abc0402098d69385abc240b1e7ceae3,"[""animehacker-a7cea83f0759c6106e14""]",,,,retain_active,recovery-5ec36c25826c
animehacker-tq3-0,experiments/raw-results/animehacker-tq3-0/2026-07-18/runtime/AH-03/sample-2/events.jsonl,experiments/raw-results/retained/animehacker-tq3-0/2026-07-18/runtime/AH-03/sample-2/events.jsonl,507125,1c0af386924fd26cae0693b6dc23c58500a729046099e7ae4eab6d9079634971,"[""animehacker-7614894d1f375fc5f335""]",,,,retain_active,recovery-5ec36c25826c
animehacker-tq3-0,experiments/raw-results/animehacker-tq3-0/2026-07-18/runtime/AH-03/sample-2/measurement.json,experiments/raw-results/retained/animehacker-tq3-0/2026-07-18/runtime/AH-03/sample-2/measurement.json,1446,3dd89bea2ef6dff0164c367cbe16f96989509b5ca0a0cb47ae19ceff43a01eb4,"[""animehacker-24d1d054808b4d5e8d92""]",,,,retain_active,recovery-5ec36c25826c
animehacker-tq3-0,experiments/raw-results/animehacker-tq3-0/2026-07-18/runtime/AH-03/sample-2/stderr.txt,experiments/raw-results/retained/animehacker-tq3-0/2026-07-18/runtime/AH-03/sample-2/stderr.txt,294359,4003f7ab740e6630ef2d46b26858f40c5e9465c6aae0ceea0da9faf9d9798ff4,"[""animehacker-ea8cbc8d712398c3cbb2""]",,,,retain_active,recovery-5ec36c25826c
animehacker-tq3-0,experiments/raw-results/animehacker-tq3-0/2026-07-18/runtime/AH-03/sample-2/stdout.txt,experiments/raw-results/retained/animehacker-tq3-0/2026-07-18/runtime/AH-03/sample-2/stdout.txt,0,e3b0c44298fc1c149afbf4c8996fb92427ae41e4649b934ca495991b7852b855,"[""animehacker-b0910e28bbebcbc2dcf1""]",,,,retain_active,recovery-5ec36c25826c
animehacker-tq3-0,experiments/raw-results/animehacker-tq3-0/2026-07-18/runtime/AH-03/sample-2/utilization-samples.csv,experiments/raw-results/retained/animehacker-tq3-0/2026-07-18/runtime/AH-03/sample-2/utilization-samples.csv,987,2dd65fad95d3291025e1654b046fd38a3234bc0962c15a2e4999aae4d2bebe17,"[""animehacker-9543df268c36ff815205""]",,,,retain_active,recovery-5ec36c25826c
animehacker-tq3-0,experiments/raw-results/animehacker-tq3-0/2026-07-18/runtime/AH-03/sample-3/.utilization-ready,experiments/raw-results/retained/animehacker-tq3-0/2026-07-18/runtime/AH-03/sample-3/.utilization-ready,7,83e24203f3532a5d379e2dfcab2a0bffa0b0d059eddc22ab04155ed229343ef3,"[""animehacker-411205bc5fd1ec12fc63""]",,,,retain_active,recovery-5ec36c25826c
animehacker-tq3-0,experiments/raw-results/animehacker-tq3-0/2026-07-18/runtime/AH-03/sample-3/.utilization-stop,experiments/raw-results/retained/animehacker-tq3-0/2026-07-18/runtime/AH-03/sample-3/.utilization-stop,4,6c45cb72a36e63d522aa54ed8adbd7a29a989474f2f77e0458af8800564ef3cb,"[""animehacker-1832e4050f9713317fe5""]",,,,retain_active,recovery-5ec36c25826c
animehacker-tq3-0,experiments/raw-results/animehacker-tq3-0/2026-07-18/runtime/AH-03/sample-3/activation.json,experiments/raw-results/retained/animehacker-tq3-0/2026-07-18/runtime/AH-03/sample-3/activation.json,170,6e0d238fc2e86a9f100a3f5cab108f53dffee65c38b2bf0694f0ff343fa50649,"[""animehacker-608feba6e7ec519ee736""]",,,,retain_active,recovery-5ec36c25826c
animehacker-tq3-0,experiments/raw-results/animehacker-tq3-0/2026-07-18/runtime/AH-03/sample-3/command.json,experiments/raw-results/retained/animehacker-tq3-0/2026-07-18/runtime/AH-03/sample-3/command.json,2138,0f9c93a7ef60ada04f23e036e57b71c329b925b68397cf4acf056556ba4d1123,"[""animehacker-b2119cb93df7842a48c9""]",,,,retain_active,recovery-5ec36c25826c
animehacker-tq3-0,experiments/raw-results/animehacker-tq3-0/2026-07-18/runtime/AH-03/sample-3/controller-stderr.txt,experiments/raw-results/retained/animehacker-tq3-0/2026-07-18/runtime/AH-03/sample-3/controller-stderr.txt,0,e3b0c44298fc1c149afbf4c8996fb92427ae41e4649b934ca495991b7852b855,"[""animehacker-8e827286804afce46a0e""]",,,,retain_active,recovery-5ec36c25826c
animehacker-tq3-0,experiments/raw-results/animehacker-tq3-0/2026-07-18/runtime/AH-03/sample-3/controller-stdout.txt,experiments/raw-results/retained/animehacker-tq3-0/2026-07-18/runtime/AH-03/sample-3/controller-stdout.txt,1266,b3480b098a56ae69aeccee7348253b92cdf4af6b2cc6014c3dd1cd8e365fc367,"[""animehacker-27eec86cd17d01ed43f7""]",,,,retain_active,recovery-5ec36c25826c
animehacker-tq3-0,experiments/raw-results/animehacker-tq3-0/2026-07-18/runtime/AH-03/sample-3/events.jsonl,experiments/raw-results/retained/animehacker-tq3-0/2026-07-18/runtime/AH-03/sample-3/events.jsonl,507167,12b3353b5cd520f7d45510fe6c71d13260afb50837cf0527114c8e77185598d8,"[""animehacker-db3146fe23c2aa1573a2""]",,,,retain_active,recovery-5ec36c25826c
animehacker-tq3-0,experiments/raw-results/animehacker-tq3-0/2026-07-18/runtime/AH-03/sample-3/measurement.json,experiments/raw-results/retained/animehacker-tq3-0/2026-07-18/runtime/AH-03/sample-3/measurement.json,1436,bbde43906bd65eea56693fda6049905ab4f7d7feb2967be3bd8cc9c9b87a5cad,"[""animehacker-40a5f35a78f7b237254f""]",,,,retain_active,recovery-5ec36c25826c
animehacker-tq3-0,experiments/raw-results/animehacker-tq3-0/2026-07-18/runtime/AH-03/sample-3/stderr.txt,experiments/raw-results/retained/animehacker-tq3-0/2026-07-18/runtime/AH-03/sample-3/stderr.txt,294357,a43a1eb8f2c8f6347cf4774a4bc1b4d49f711ead7bf8f4437b0c3d3e144d6e0b,"[""animehacker-7e24037ccbc80ddfe1fc""]",,,,retain_active,recovery-5ec36c25826c
animehacker-tq3-0,experiments/raw-results/animehacker-tq3-0/2026-07-18/runtime/AH-03/sample-3/stdout.txt,experiments/raw-results/retained/animehacker-tq3-0/2026-07-18/runtime/AH-03/sample-3/stdout.txt,0,e3b0c44298fc1c149afbf4c8996fb92427ae41e4649b934ca495991b7852b855,"[""animehacker-3cfcb83a370a53ab1dd6""]",,,,retain_active,recovery-5ec36c25826c
animehacker-tq3-0,experiments/raw-results/animehacker-tq3-0/2026-07-18/runtime/AH-03/sample-3/utilization-samples.csv,experiments/raw-results/retained/animehacker-tq3-0/2026-07-18/runtime/AH-03/sample-3/utilization-samples.csv,987,36663eade915fa2d1f95e2c2a64cb67506705de19894f998e4e5b0991430b473,"[""animehacker-524b53416c726cbd2f89""]",,,,retain_active,recovery-5ec36c25826c
animehacker-tq3-0,experiments/raw-results/animehacker-tq3-0/2026-07-18/runtime/AH-03/summary.json,experiments/raw-results/retained/animehacker-tq3-0/2026-07-18/runtime/AH-03/summary.json,7457,1aeca53d8eeb9c4a7a8511d7e158a66e21bed54ae548cb154ecb72fd92d8d3c8,"[""animehacker-ff5d663228531b9bb284""]",,,,retain_active,recovery-5ec36c25826c
animehacker-tq3-0,experiments/raw-results/animehacker-tq3-0/2026-07-18/runtime/AH-03/warmup/.utilization-ready,experiments/raw-results/retained/animehacker-tq3-0/2026-07-18/runtime/AH-03/warmup/.utilization-ready,7,83e24203f3532a5d379e2dfcab2a0bffa0b0d059eddc22ab04155ed229343ef3,"[""animehacker-060e70a692e91390835a""]",,,,retain_active,recovery-5ec36c25826c
animehacker-tq3-0,experiments/raw-results/animehacker-tq3-0/2026-07-18/runtime/AH-03/warmup/.utilization-stop,experiments/raw-results/retained/animehacker-tq3-0/2026-07-18/runtime/AH-03/warmup/.utilization-stop,4,6c45cb72a36e63d522aa54ed8adbd7a29a989474f2f77e0458af8800564ef3cb,"[""animehacker-fa0104e95a5de7ec276b""]",,,,retain_active,recovery-5ec36c25826c
animehacker-tq3-0,experiments/raw-results/animehacker-tq3-0/2026-07-18/runtime/AH-03/warmup/activation.json,experiments/raw-results/retained/animehacker-tq3-0/2026-07-18/runtime/AH-03/warmup/activation.json,170,6e0d238fc2e86a9f100a3f5cab108f53dffee65c38b2bf0694f0ff343fa50649,"[""animehacker-a5151b563b69d0443340""]",,,,retain_active,recovery-5ec36c25826c
animehacker-tq3-0,experiments/raw-results/animehacker-tq3-0/2026-07-18/runtime/AH-03/warmup/command.json,experiments/raw-results/retained/animehacker-tq3-0/2026-07-18/runtime/AH-03/warmup/command.json,2134,36687cd19238c85869005046bc79979c5fb8a93f90bf2f847be35db80e5e2907,"[""animehacker-f483f649b21f0a971f99""]",,,,retain_active,recovery-5ec36c25826c
animehacker-tq3-0,experiments/raw-results/animehacker-tq3-0/2026-07-18/runtime/AH-03/warmup/controller-stderr.txt,experiments/raw-results/retained/animehacker-tq3-0/2026-07-18/runtime/AH-03/warmup/controller-stderr.txt,0,e3b0c44298fc1c149afbf4c8996fb92427ae41e4649b934ca495991b7852b855,"[""animehacker-8cae03cd58a6a443af1f""]",,,,retain_active,recovery-5ec36c25826c
animehacker-tq3-0,experiments/raw-results/animehacker-tq3-0/2026-07-18/runtime/AH-03/warmup/controller-stdout.txt,experiments/raw-results/retained/animehacker-tq3-0/2026-07-18/runtime/AH-03/warmup/controller-stdout.txt,1279,1ed0eeb2f0539a518826fd9159662bc442f6ef8e39d86c0ef5b0720e66a25b1f,"[""animehacker-ccb2f49995c076f60f0b""]",,,,retain_active,recovery-5ec36c25826c
animehacker-tq3-0,experiments/raw-results/animehacker-tq3-0/2026-07-18/runtime/AH-03/warmup/events.jsonl,experiments/raw-results/retained/animehacker-tq3-0/2026-07-18/runtime/AH-03/warmup/events.jsonl,505639,4da62df2c12969483b8319ede291bdf1eae44d03fe21fb959d6277eb5fa93571,"[""animehacker-57d30ebf31e2c7251082""]",,,,retain_active,recovery-5ec36c25826c
animehacker-tq3-0,experiments/raw-results/animehacker-tq3-0/2026-07-18/runtime/AH-03/warmup/measurement.json,experiments/raw-results/retained/animehacker-tq3-0/2026-07-18/runtime/AH-03/warmup/measurement.json,1449,539207a177b6f806711aeb3974cbbbc59bb5047b3b9879f56d87dbb71e9509ba,"[""animehacker-814f810e65eb157d562d""]",,,,retain_active,recovery-5ec36c25826c
animehacker-tq3-0,experiments/raw-results/animehacker-tq3-0/2026-07-18/runtime/AH-03/warmup/stderr.txt,experiments/raw-results/retained/animehacker-tq3-0/2026-07-18/runtime/AH-03/warmup/stderr.txt,294354,a7790b987971c9b87468f69d5d25c959dd929c0fbb16bea71a69304331ef0926,"[""animehacker-276003fe592f211f341c""]",,,,retain_active,recovery-5ec36c25826c
animehacker-tq3-0,experiments/raw-results/animehacker-tq3-0/2026-07-18/runtime/AH-03/warmup/stdout.txt,experiments/raw-results/retained/animehacker-tq3-0/2026-07-18/runtime/AH-03/warmup/stdout.txt,0,e3b0c44298fc1c149afbf4c8996fb92427ae41e4649b934ca495991b7852b855,"[""animehacker-e0785d866c76d43a97db""]",,,,retain_active,recovery-5ec36c25826c
animehacker-tq3-0,experiments/raw-results/animehacker-tq3-0/2026-07-18/runtime/AH-03/warmup/utilization-samples.csv,experiments/raw-results/retained/animehacker-tq3-0/2026-07-18/runtime/AH-03/warmup/utilization-samples.csv,918,20c93e48c30632ca3a8e7c4f27ece88cad9fa790af978932f652a2a6f8f5c119,"[""animehacker-2e468d22f2c874c98a02""]",,,,retain_active,recovery-5ec36c25826c
animehacker-tq3-0,experiments/raw-results/animehacker-tq3-0/2026-07-18/runtime/AH-04/environment.json,experiments/raw-results/retained/animehacker-tq3-0/2026-07-18/runtime/AH-04/environment.json,2,44136fa355b3678a1146ad16f7e8649e94fb4fc21fe77e8310c060f61caaff8a,"[""animehacker-8bd503332e5b1b65b14e""]",,,,retain_active,recovery-5ec36c25826c
animehacker-tq3-0,experiments/raw-results/animehacker-tq3-0/2026-07-18/runtime/AH-04/model.json,experiments/raw-results/retained/animehacker-tq3-0/2026-07-18/runtime/AH-04/model.json,236,ef47576d50939008fe638786a2a8492509b3f81b1c3f7f5a48ba9ccd19c8bdcb,"[""animehacker-446f3cfabfebf7d080b7""]",,,,retain_active,recovery-5ec36c25826c
animehacker-tq3-0,experiments/raw-results/animehacker-tq3-0/2026-07-18/runtime/AH-04/pilot/.utilization-ready,experiments/raw-results/retained/animehacker-tq3-0/2026-07-18/runtime/AH-04/pilot/.utilization-ready,7,83e24203f3532a5d379e2dfcab2a0bffa0b0d059eddc22ab04155ed229343ef3,"[""animehacker-04536f492ee6d7a211be""]",,,,retain_active,recovery-5ec36c25826c
animehacker-tq3-0,experiments/raw-results/animehacker-tq3-0/2026-07-18/runtime/AH-04/pilot/.utilization-stop,experiments/raw-results/retained/animehacker-tq3-0/2026-07-18/runtime/AH-04/pilot/.utilization-stop,4,6c45cb72a36e63d522aa54ed8adbd7a29a989474f2f77e0458af8800564ef3cb,"[""animehacker-2afcc1fbabaca170fdb9""]",,,,retain_active,recovery-5ec36c25826c
animehacker-tq3-0,experiments/raw-results/animehacker-tq3-0/2026-07-18/runtime/AH-04/pilot/activation.json,experiments/raw-results/retained/animehacker-tq3-0/2026-07-18/runtime/AH-04/pilot/activation.json,170,7c38cad7b77babedc22579f3e3b79d1ddc69f7852ea819572e36191096a582eb,"[""animehacker-599365e5595354af12b3""]",,,,retain_active,recovery-5ec36c25826c
animehacker-tq3-0,experiments/raw-results/animehacker-tq3-0/2026-07-18/runtime/AH-04/pilot/command.json,experiments/raw-results/retained/animehacker-tq3-0/2026-07-18/runtime/AH-04/pilot/command.json,2136,765ddfb5a7d569d6a0eab82b77f957d3f9942e8b7a03986a280a72f2f4238be6,"[""animehacker-d91cacf14360e1c27425""]",,,,retain_active,recovery-5ec36c25826c
animehacker-tq3-0,experiments/raw-results/animehacker-tq3-0/2026-07-18/runtime/AH-04/pilot/controller-stderr.txt,experiments/raw-results/retained/animehacker-tq3-0/2026-07-18/runtime/AH-04/pilot/controller-stderr.txt,0,e3b0c44298fc1c149afbf4c8996fb92427ae41e4649b934ca495991b7852b855,"[""animehacker-5f3cfcdc6707247c8662""]",,,,retain_active,recovery-5ec36c25826c
animehacker-tq3-0,experiments/raw-results/animehacker-tq3-0/2026-07-18/runtime/AH-04/pilot/controller-stdout.txt,experiments/raw-results/retained/animehacker-tq3-0/2026-07-18/runtime/AH-04/pilot/controller-stdout.txt,1271,7c5a88e3bd9452d62035c1b70c42516ddde73160f62b6de2f2a0d913df782c68,"[""animehacker-00ec789914a2884f797b""]",,,,retain_active,recovery-5ec36c25826c
animehacker-tq3-0,experiments/raw-results/animehacker-tq3-0/2026-07-18/runtime/AH-04/pilot/events.jsonl,experiments/raw-results/retained/animehacker-tq3-0/2026-07-18/runtime/AH-04/pilot/events.jsonl,511743,78c72c66f18ca65fb3301e59a399dae40fc681578efabfe14b1510773755da7c,"[""animehacker-9b60a8e67d4a27041678""]",,,,retain_active,recovery-5ec36c25826c
animehacker-tq3-0,experiments/raw-results/animehacker-tq3-0/2026-07-18/runtime/AH-04/pilot/measurement.json,experiments/raw-results/retained/animehacker-tq3-0/2026-07-18/runtime/AH-04/pilot/measurement.json,1441,1f699530eeb2e6f3e6f8e21307701d9572c5d3480cb22435a809d3263d675053,"[""animehacker-9bad06779d95262607e2""]",,,,retain_active,recovery-5ec36c25826c
animehacker-tq3-0,experiments/raw-results/animehacker-tq3-0/2026-07-18/runtime/AH-04/pilot/stderr.txt,experiments/raw-results/retained/animehacker-tq3-0/2026-07-18/runtime/AH-04/pilot/stderr.txt,299312,1fa1bda73bb61aedf3a2f783c8e4cc54f90f765db8675e7ae94b0e75f2195243,"[""animehacker-e4a1ce22892b60c0b838""]",,,,retain_active,recovery-5ec36c25826c
animehacker-tq3-0,experiments/raw-results/animehacker-tq3-0/2026-07-18/runtime/AH-04/pilot/stdout.txt,experiments/raw-results/retained/animehacker-tq3-0/2026-07-18/runtime/AH-04/pilot/stdout.txt,0,e3b0c44298fc1c149afbf4c8996fb92427ae41e4649b934ca495991b7852b855,"[""animehacker-c38194f3ca100a15fcd9""]",,,,retain_active,recovery-5ec36c25826c
animehacker-tq3-0,experiments/raw-results/animehacker-tq3-0/2026-07-18/runtime/AH-04/pilot/utilization-samples.csv,experiments/raw-results/retained/animehacker-tq3-0/2026-07-18/runtime/AH-04/pilot/utilization-samples.csv,987,1723a2bf9d73b7d756c8a1cf3bc5d564b4e37f2cf5865632de8258c9c107af1f,"[""animehacker-e18e6f336a7f54b660a0""]",,,,retain_active,recovery-5ec36c25826c
animehacker-tq3-0,experiments/raw-results/animehacker-tq3-0/2026-07-18/runtime/AH-04/sample-1/.utilization-ready,experiments/raw-results/retained/animehacker-tq3-0/2026-07-18/runtime/AH-04/sample-1/.utilization-ready,7,83e24203f3532a5d379e2dfcab2a0bffa0b0d059eddc22ab04155ed229343ef3,"[""animehacker-c9c34596595e68da68fe""]",,,,retain_active,recovery-5ec36c25826c
animehacker-tq3-0,experiments/raw-results/animehacker-tq3-0/2026-07-18/runtime/AH-04/sample-1/.utilization-stop,experiments/raw-results/retained/animehacker-tq3-0/2026-07-18/runtime/AH-04/sample-1/.utilization-stop,4,6c45cb72a36e63d522aa54ed8adbd7a29a989474f2f77e0458af8800564ef3cb,"[""animehacker-8d8c753861855282445f""]",,,,retain_active,recovery-5ec36c25826c
animehacker-tq3-0,experiments/raw-results/animehacker-tq3-0/2026-07-18/runtime/AH-04/sample-1/activation.json,experiments/raw-results/retained/animehacker-tq3-0/2026-07-18/runtime/AH-04/sample-1/activation.json,170,7c38cad7b77babedc22579f3e3b79d1ddc69f7852ea819572e36191096a582eb,"[""animehacker-a34e043fa2d775905a92""]",,,,retain_active,recovery-5ec36c25826c
animehacker-tq3-0,experiments/raw-results/animehacker-tq3-0/2026-07-18/runtime/AH-04/sample-1/command.json,experiments/raw-results/retained/animehacker-tq3-0/2026-07-18/runtime/AH-04/sample-1/command.json,2142,402a8919b0171352f8515e0ac3e81005bb47ff976e22490779bcf70b06bb0feb,"[""animehacker-6679788f52cd649a693c""]",,,,retain_active,recovery-5ec36c25826c
animehacker-tq3-0,experiments/raw-results/animehacker-tq3-0/2026-07-18/runtime/AH-04/sample-1/controller-stderr.txt,experiments/raw-results/retained/animehacker-tq3-0/2026-07-18/runtime/AH-04/sample-1/controller-stderr.txt,0,e3b0c44298fc1c149afbf4c8996fb92427ae41e4649b934ca495991b7852b855,"[""animehacker-eb09fb0ac1f3efb95e23""]",,,,retain_active,recovery-5ec36c25826c
animehacker-tq3-0,experiments/raw-results/animehacker-tq3-0/2026-07-18/runtime/AH-04/sample-1/controller-stdout.txt,experiments/raw-results/retained/animehacker-tq3-0/2026-07-18/runtime/AH-04/sample-1/controller-stdout.txt,1269,f9df360e3c177d2b25c0b8291a755e949bf3ac2d8d29afe89d0667227b2f8526,"[""animehacker-7005f2fec72cbac5ea66""]",,,,retain_active,recovery-5ec36c25826c
animehacker-tq3-0,experiments/raw-results/animehacker-tq3-0/2026-07-18/runtime/AH-04/sample-1/events.jsonl,experiments/raw-results/retained/animehacker-tq3-0/2026-07-18/runtime/AH-04/sample-1/events.jsonl,511291,3e6dca328f91489448c29ab223eb343f20256142d6963301e28acfba52a8be5c,"[""animehacker-c891fd789249983079e5""]",,,,retain_active,recovery-5ec36c25826c
animehacker-tq3-0,experiments/raw-results/animehacker-tq3-0/2026-07-18/runtime/AH-04/sample-1/measurement.json,experiments/raw-results/retained/animehacker-tq3-0/2026-07-18/runtime/AH-04/sample-1/measurement.json,1439,73055d73aa5f635829803b35fbbf01a31f50d9efbc15142ec7c94b0f1746e040,"[""animehacker-e41c8f839eebccf071ec""]",,,,retain_active,recovery-5ec36c25826c
animehacker-tq3-0,experiments/raw-results/animehacker-tq3-0/2026-07-18/runtime/AH-04/sample-1/stderr.txt,experiments/raw-results/retained/animehacker-tq3-0/2026-07-18/runtime/AH-04/sample-1/stderr.txt,299307,d619be5eba6335464ab6cdd5631df451db4990bf3559863fe5f6582c4b2c7818,"[""animehacker-f57fdcefa2f38ca3bf4f""]",,,,retain_active,recovery-5ec36c25826c
animehacker-tq3-0,experiments/raw-results/animehacker-tq3-0/2026-07-18/runtime/AH-04/sample-1/stdout.txt,experiments/raw-results/retained/animehacker-tq3-0/2026-07-18/runtime/AH-04/sample-1/stdout.txt,0,e3b0c44298fc1c149afbf4c8996fb92427ae41e4649b934ca495991b7852b855,"[""animehacker-2533d6308676f83195af""]",,,,retain_active,recovery-5ec36c25826c
animehacker-tq3-0,experiments/raw-results/animehacker-tq3-0/2026-07-18/runtime/AH-04/sample-1/utilization-samples.csv,experiments/raw-results/retained/animehacker-tq3-0/2026-07-18/runtime/AH-04/sample-1/utilization-samples.csv,918,8be17fb9d17e7515dcb0ef46bb1c7953a60228881c474e7503a88a4188fda46b,"[""animehacker-f63474de01e15d277d7a""]",,,,retain_active,recovery-5ec36c25826c
animehacker-tq3-0,experiments/raw-results/animehacker-tq3-0/2026-07-18/runtime/AH-04/sample-2/.utilization-ready,experiments/raw-results/retained/animehacker-tq3-0/2026-07-18/runtime/AH-04/sample-2/.utilization-ready,7,83e24203f3532a5d379e2dfcab2a0bffa0b0d059eddc22ab04155ed229343ef3,"[""animehacker-6769c8a12ea62ce7f0ed""]",,,,retain_active,recovery-5ec36c25826c
animehacker-tq3-0,experiments/raw-results/animehacker-tq3-0/2026-07-18/runtime/AH-04/sample-2/.utilization-stop,experiments/raw-results/retained/animehacker-tq3-0/2026-07-18/runtime/AH-04/sample-2/.utilization-stop,4,6c45cb72a36e63d522aa54ed8adbd7a29a989474f2f77e0458af8800564ef3cb,"[""animehacker-30199bb5b4b909a912b2""]",,,,retain_active,recovery-5ec36c25826c
animehacker-tq3-0,experiments/raw-results/animehacker-tq3-0/2026-07-18/runtime/AH-04/sample-2/activation.json,experiments/raw-results/retained/animehacker-tq3-0/2026-07-18/runtime/AH-04/sample-2/activation.json,170,7c38cad7b77babedc22579f3e3b79d1ddc69f7852ea819572e36191096a582eb,"[""animehacker-fb755de22eb19126a769""]",,,,retain_active,recovery-5ec36c25826c
animehacker-tq3-0,experiments/raw-results/animehacker-tq3-0/2026-07-18/runtime/AH-04/sample-2/command.json,experiments/raw-results/retained/animehacker-tq3-0/2026-07-18/runtime/AH-04/sample-2/command.json,2142,1df79b038280d9118c9ffff9cc1d72b347f237232cce460e5e4f5195dc646940,"[""animehacker-ce067478e22517c16961""]",,,,retain_active,recovery-5ec36c25826c
animehacker-tq3-0,experiments/raw-results/animehacker-tq3-0/2026-07-18/runtime/AH-04/sample-2/controller-stderr.txt,experiments/raw-results/retained/animehacker-tq3-0/2026-07-18/runtime/AH-04/sample-2/controller-stderr.txt,0,e3b0c44298fc1c149afbf4c8996fb92427ae41e4649b934ca495991b7852b855,"[""animehacker-6eee99f2f27ac7967f3f""]",,,,retain_active,recovery-5ec36c25826c
animehacker-tq3-0,experiments/raw-results/animehacker-tq3-0/2026-07-18/runtime/AH-04/sample-2/controller-stdout.txt,experiments/raw-results/retained/animehacker-tq3-0/2026-07-18/runtime/AH-04/sample-2/controller-stdout.txt,1273,4a337acd7112506d6be3618fb8fd942b813c469cd1e12399dc6a0fb6c0bb4daf,"[""animehacker-659c2813985f402bed38""]",,,,retain_active,recovery-5ec36c25826c
animehacker-tq3-0,experiments/raw-results/animehacker-tq3-0/2026-07-18/runtime/AH-04/sample-2/events.jsonl,experiments/raw-results/retained/animehacker-tq3-0/2026-07-18/runtime/AH-04/sample-2/events.jsonl,512099,59d4f6924322daf29ba67951ef2a71e5bfdfd8b8121ba5b8eb9b4e3b81a4c63e,"[""animehacker-3d8a59941ae429120e20""]",,,,retain_active,recovery-5ec36c25826c
animehacker-tq3-0,experiments/raw-results/animehacker-tq3-0/2026-07-18/runtime/AH-04/sample-2/measurement.json,experiments/raw-results/retained/animehacker-tq3-0/2026-07-18/runtime/AH-04/sample-2/measurement.json,1443,eb5581e5ec45f1c8da62911b0ba439bf7d1efb3bcd4c763d3940685e006b2623,"[""animehacker-63fb6de330a89f70f936""]",,,,retain_active,recovery-5ec36c25826c
animehacker-tq3-0,experiments/raw-results/animehacker-tq3-0/2026-07-18/runtime/AH-04/sample-2/stderr.txt,experiments/raw-results/retained/animehacker-tq3-0/2026-07-18/runtime/AH-04/sample-2/stderr.txt,299311,8aa209add4af0e70c02f3e9b05289e24b9addfd9ad5290f21aa00b30a59468af,"[""animehacker-a5dc6ffd02cad63c165f""]",,,,retain_active,recovery-5ec36c25826c
animehacker-tq3-0,experiments/raw-results/animehacker-tq3-0/2026-07-18/runtime/AH-04/sample-2/stdout.txt,experiments/raw-results/retained/animehacker-tq3-0/2026-07-18/runtime/AH-04/sample-2/stdout.txt,0,e3b0c44298fc1c149afbf4c8996fb92427ae41e4649b934ca495991b7852b855,"[""animehacker-6c429f518a9ee03bd608""]",,,,retain_active,recovery-5ec36c25826c
animehacker-tq3-0,experiments/raw-results/animehacker-tq3-0/2026-07-18/runtime/AH-04/sample-2/utilization-samples.csv,experiments/raw-results/retained/animehacker-tq3-0/2026-07-18/runtime/AH-04/sample-2/utilization-samples.csv,987,ba1689b7466751b0ba0a381874dd25ecfdd8694e3dcca381229f93b6ba7de169,"[""animehacker-406d96725810028465bd""]",,,,retain_active,recovery-5ec36c25826c
animehacker-tq3-0,experiments/raw-results/animehacker-tq3-0/2026-07-18/runtime/AH-04/sample-3/.utilization-ready,experiments/raw-results/retained/animehacker-tq3-0/2026-07-18/runtime/AH-04/sample-3/.utilization-ready,7,83e24203f3532a5d379e2dfcab2a0bffa0b0d059eddc22ab04155ed229343ef3,"[""animehacker-9fd8d13762cd662895ef""]",,,,retain_active,recovery-5ec36c25826c
animehacker-tq3-0,experiments/raw-results/animehacker-tq3-0/2026-07-18/runtime/AH-04/sample-3/.utilization-stop,experiments/raw-results/retained/animehacker-tq3-0/2026-07-18/runtime/AH-04/sample-3/.utilization-stop,4,6c45cb72a36e63d522aa54ed8adbd7a29a989474f2f77e0458af8800564ef3cb,"[""animehacker-d40efa594d09b0a70d6e""]",,,,retain_active,recovery-5ec36c25826c
animehacker-tq3-0,experiments/raw-results/animehacker-tq3-0/2026-07-18/runtime/AH-04/sample-3/activation.json,experiments/raw-results/retained/animehacker-tq3-0/2026-07-18/runtime/AH-04/sample-3/activation.json,170,7c38cad7b77babedc22579f3e3b79d1ddc69f7852ea819572e36191096a582eb,"[""animehacker-084d425fa12b43796a1b""]",,,,retain_active,recovery-5ec36c25826c
animehacker-tq3-0,experiments/raw-results/animehacker-tq3-0/2026-07-18/runtime/AH-04/sample-3/command.json,experiments/raw-results/retained/animehacker-tq3-0/2026-07-18/runtime/AH-04/sample-3/command.json,2142,dba4e20882a57f63207b7f861a2ae484603474f5ee6646e54e0445199ea1c4f2,"[""animehacker-d198c22bbc4c1a190848""]",,,,retain_active,recovery-5ec36c25826c
animehacker-tq3-0,experiments/raw-results/animehacker-tq3-0/2026-07-18/runtime/AH-04/sample-3/controller-stderr.txt,experiments/raw-results/retained/animehacker-tq3-0/2026-07-18/runtime/AH-04/sample-3/controller-stderr.txt,0,e3b0c44298fc1c149afbf4c8996fb92427ae41e4649b934ca495991b7852b855,"[""animehacker-c659c01f49f9cfaf9201""]",,,,retain_active,recovery-5ec36c25826c
animehacker-tq3-0,experiments/raw-results/animehacker-tq3-0/2026-07-18/runtime/AH-04/sample-3/controller-stdout.txt,experiments/raw-results/retained/animehacker-tq3-0/2026-07-18/runtime/AH-04/sample-3/controller-stdout.txt,1275,64ff6770e92b1439cb26f930b39f311f2a019427887181d9c1d4acc6437efaa3,"[""animehacker-a582300f0c9919d53178""]",,,,retain_active,recovery-5ec36c25826c
animehacker-tq3-0,experiments/raw-results/animehacker-tq3-0/2026-07-18/runtime/AH-04/sample-3/events.jsonl,experiments/raw-results/retained/animehacker-tq3-0/2026-07-18/runtime/AH-04/sample-3/events.jsonl,511682,1b12d0b06b7247bb47aad81e7d28bb0a884827e6a45a81d9e6476854a4db952a,"[""animehacker-b4c30a1cc86fba2d634c""]",,,,retain_active,recovery-5ec36c25826c
animehacker-tq3-0,experiments/raw-results/animehacker-tq3-0/2026-07-18/runtime/AH-04/sample-3/measurement.json,experiments/raw-results/retained/animehacker-tq3-0/2026-07-18/runtime/AH-04/sample-3/measurement.json,1445,b3e33c68ce126128232cec921a387c30982d2f817f6e345e555ba2478544a995,"[""animehacker-5cdb66c658307b63e23b""]",,,,retain_active,recovery-5ec36c25826c
animehacker-tq3-0,experiments/raw-results/animehacker-tq3-0/2026-07-18/runtime/AH-04/sample-3/stderr.txt,experiments/raw-results/retained/animehacker-tq3-0/2026-07-18/runtime/AH-04/sample-3/stderr.txt,299312,84d1a02d0e0d70f5c4d50b97b043895755dc878283b70e924d656a179cfe29d2,"[""animehacker-b2a3335b09c6abd4195e""]",,,,retain_active,recovery-5ec36c25826c
animehacker-tq3-0,experiments/raw-results/animehacker-tq3-0/2026-07-18/runtime/AH-04/sample-3/stdout.txt,experiments/raw-results/retained/animehacker-tq3-0/2026-07-18/runtime/AH-04/sample-3/stdout.txt,0,e3b0c44298fc1c149afbf4c8996fb92427ae41e4649b934ca495991b7852b855,"[""animehacker-63355b20d6bc8031a045""]",,,,retain_active,recovery-5ec36c25826c
animehacker-tq3-0,experiments/raw-results/animehacker-tq3-0/2026-07-18/runtime/AH-04/sample-3/utilization-samples.csv,experiments/raw-results/retained/animehacker-tq3-0/2026-07-18/runtime/AH-04/sample-3/utilization-samples.csv,987,983271fae9aaf468667195b48ae09fcc9efff1a3374c921156d2d11fcfb10310,"[""animehacker-7765a065af10daace485""]",,,,retain_active,recovery-5ec36c25826c
animehacker-tq3-0,experiments/raw-results/animehacker-tq3-0/2026-07-18/runtime/AH-04/summary.json,experiments/raw-results/retained/animehacker-tq3-0/2026-07-18/runtime/AH-04/summary.json,7449,55730afbd1061d12a9a8edad8ab6e0dbca7f5a014a7fb11c9f5c541b5529a73a,"[""animehacker-f57e698215bd476a2ed4""]",,,,retain_active,recovery-5ec36c25826c
animehacker-tq3-0,experiments/raw-results/animehacker-tq3-0/2026-07-18/runtime/AH-04/warmup/.utilization-ready,experiments/raw-results/retained/animehacker-tq3-0/2026-07-18/runtime/AH-04/warmup/.utilization-ready,7,83e24203f3532a5d379e2dfcab2a0bffa0b0d059eddc22ab04155ed229343ef3,"[""animehacker-b0b4b545b9e1d3dbbc20""]",,,,retain_active,recovery-5ec36c25826c
animehacker-tq3-0,experiments/raw-results/animehacker-tq3-0/2026-07-18/runtime/AH-04/warmup/.utilization-stop,experiments/raw-results/retained/animehacker-tq3-0/2026-07-18/runtime/AH-04/warmup/.utilization-stop,4,6c45cb72a36e63d522aa54ed8adbd7a29a989474f2f77e0458af8800564ef3cb,"[""animehacker-b449e3ee1e5a84faf85a""]",,,,retain_active,recovery-5ec36c25826c
animehacker-tq3-0,experiments/raw-results/animehacker-tq3-0/2026-07-18/runtime/AH-04/warmup/activation.json,experiments/raw-results/retained/animehacker-tq3-0/2026-07-18/runtime/AH-04/warmup/activation.json,170,7c38cad7b77babedc22579f3e3b79d1ddc69f7852ea819572e36191096a582eb,"[""animehacker-d9b139cd4761b92be216""]",,,,retain_active,recovery-5ec36c25826c
animehacker-tq3-0,experiments/raw-results/animehacker-tq3-0/2026-07-18/runtime/AH-04/warmup/command.json,experiments/raw-results/retained/animehacker-tq3-0/2026-07-18/runtime/AH-04/warmup/command.json,2138,9ff55cdcc7c87125a7c018bf510465e1421b199319b61ee8802b66e9a3b69558,"[""animehacker-cf0a26e7bd2d4b95df0e""]",,,,retain_active,recovery-5ec36c25826c
animehacker-tq3-0,experiments/raw-results/animehacker-tq3-0/2026-07-18/runtime/AH-04/warmup/controller-stderr.txt,experiments/raw-results/retained/animehacker-tq3-0/2026-07-18/runtime/AH-04/warmup/controller-stderr.txt,0,e3b0c44298fc1c149afbf4c8996fb92427ae41e4649b934ca495991b7852b855,"[""animehacker-5067956050e1fab628c6""]",,,,retain_active,recovery-5ec36c25826c
animehacker-tq3-0,experiments/raw-results/animehacker-tq3-0/2026-07-18/runtime/AH-04/warmup/controller-stdout.txt,experiments/raw-results/retained/animehacker-tq3-0/2026-07-18/runtime/AH-04/warmup/controller-stdout.txt,1267,f1249fdb1a15069900e1281e08de91192d6f0f54b5d7092aa2ea990130ff2e66,"[""animehacker-2acb3267e5799443ef49""]",,,,retain_active,recovery-5ec36c25826c
animehacker-tq3-0,experiments/raw-results/animehacker-tq3-0/2026-07-18/runtime/AH-04/warmup/events.jsonl,experiments/raw-results/retained/animehacker-tq3-0/2026-07-18/runtime/AH-04/warmup/events.jsonl,511842,3d4bcb8ba9155470672aa8c0e62e1faded3571313a2ba2459c39822a94d4595d,"[""animehacker-3f419a3c2b48aa6375dc""]",,,,retain_active,recovery-5ec36c25826c
animehacker-tq3-0,experiments/raw-results/animehacker-tq3-0/2026-07-18/runtime/AH-04/warmup/measurement.json,experiments/raw-results/retained/animehacker-tq3-0/2026-07-18/runtime/AH-04/warmup/measurement.json,1437,90e2cb99c780ca684c116a4e706714d85630e6e6a174c1ec9d4e8c381d8b80bd,"[""animehacker-cd427fe43daebe7f0b0a""]",,,,retain_active,recovery-5ec36c25826c
animehacker-tq3-0,experiments/raw-results/animehacker-tq3-0/2026-07-18/runtime/AH-04/warmup/stderr.txt,experiments/raw-results/retained/animehacker-tq3-0/2026-07-18/runtime/AH-04/warmup/stderr.txt,299309,c218387a938959fb75245754cab4c40fe55904025e3aa32475144dd02e529ef5,"[""animehacker-929088ef3c644eb65d8d""]",,,,retain_active,recovery-5ec36c25826c
animehacker-tq3-0,experiments/raw-results/animehacker-tq3-0/2026-07-18/runtime/AH-04/warmup/stdout.txt,experiments/raw-results/retained/animehacker-tq3-0/2026-07-18/runtime/AH-04/warmup/stdout.txt,0,e3b0c44298fc1c149afbf4c8996fb92427ae41e4649b934ca495991b7852b855,"[""animehacker-81293aea2baae1a993c1""]",,,,retain_active,recovery-5ec36c25826c
animehacker-tq3-0,experiments/raw-results/animehacker-tq3-0/2026-07-18/runtime/AH-04/warmup/utilization-samples.csv,experiments/raw-results/retained/animehacker-tq3-0/2026-07-18/runtime/AH-04/warmup/utilization-samples.csv,987,322b1ce29b7b16f320694228ff4e60db1a19556fde0b81c9e665009c341f7a07,"[""animehacker-7a02db0690a4f151ab5e""]",,,,retain_active,recovery-5ec36c25826c
animehacker-tq3-0,experiments/raw-results/animehacker-tq3-0/2026-07-18/runtime/AH-05/environment.json,experiments/raw-results/retained/animehacker-tq3-0/2026-07-18/runtime/AH-05/environment.json,2,44136fa355b3678a1146ad16f7e8649e94fb4fc21fe77e8310c060f61caaff8a,"[""animehacker-ca464ed4a019864dc42e""]",,,,retain_active,recovery-5ec36c25826c
animehacker-tq3-0,experiments/raw-results/animehacker-tq3-0/2026-07-18/runtime/AH-05/model.json,experiments/raw-results/retained/animehacker-tq3-0/2026-07-18/runtime/AH-05/model.json,236,ef47576d50939008fe638786a2a8492509b3f81b1c3f7f5a48ba9ccd19c8bdcb,"[""animehacker-b232e31acb6e92b7d173""]",,,,retain_active,recovery-5ec36c25826c
animehacker-tq3-0,experiments/raw-results/animehacker-tq3-0/2026-07-18/runtime/AH-05/pilot/.utilization-ready,experiments/raw-results/retained/animehacker-tq3-0/2026-07-18/runtime/AH-05/pilot/.utilization-ready,7,83e24203f3532a5d379e2dfcab2a0bffa0b0d059eddc22ab04155ed229343ef3,"[""animehacker-577dbfa8ea573d6d04d7""]",,,,retain_active,recovery-5ec36c25826c
animehacker-tq3-0,experiments/raw-results/animehacker-tq3-0/2026-07-18/runtime/AH-05/pilot/.utilization-stop,experiments/raw-results/retained/animehacker-tq3-0/2026-07-18/runtime/AH-05/pilot/.utilization-stop,4,6c45cb72a36e63d522aa54ed8adbd7a29a989474f2f77e0458af8800564ef3cb,"[""animehacker-ad676b376501218f6428""]",,,,retain_active,recovery-5ec36c25826c
animehacker-tq3-0,experiments/raw-results/animehacker-tq3-0/2026-07-18/runtime/AH-05/pilot/activation.json,experiments/raw-results/retained/animehacker-tq3-0/2026-07-18/runtime/AH-05/pilot/activation.json,177,cdf283278cb67da879ec9875eb47c87d0040fa1f64c5e14f6d18f41a372030f5,"[""animehacker-ba6786d8ea084635af36""]",,,,retain_active,recovery-5ec36c25826c
animehacker-tq3-0,experiments/raw-results/animehacker-tq3-0/2026-07-18/runtime/AH-05/pilot/command.json,experiments/raw-results/retained/animehacker-tq3-0/2026-07-18/runtime/AH-05/pilot/command.json,2140,2863aeeb824659002438f43f6b7f45d05cebde61f7013dc5291b0aef4f362fa0,"[""animehacker-fb5c85764231064bf243""]",,,,retain_active,recovery-5ec36c25826c
animehacker-tq3-0,experiments/raw-results/animehacker-tq3-0/2026-07-18/runtime/AH-05/pilot/controller-stderr.txt,experiments/raw-results/retained/animehacker-tq3-0/2026-07-18/runtime/AH-05/pilot/controller-stderr.txt,0,e3b0c44298fc1c149afbf4c8996fb92427ae41e4649b934ca495991b7852b855,"[""animehacker-532d5a2e3fe8dfcbf26b""]",,,,retain_active,recovery-5ec36c25826c
animehacker-tq3-0,experiments/raw-results/animehacker-tq3-0/2026-07-18/runtime/AH-05/pilot/controller-stdout.txt,experiments/raw-results/retained/animehacker-tq3-0/2026-07-18/runtime/AH-05/pilot/controller-stdout.txt,1250,7035d61500e3ae006fb94bf40ee7e6d00d56e898359eacd1f865c2842e8dbff7,"[""animehacker-b8aa58bbe55ff73fda11""]",,,,retain_active,recovery-5ec36c25826c
animehacker-tq3-0,experiments/raw-results/animehacker-tq3-0/2026-07-18/runtime/AH-05/pilot/events.jsonl,experiments/raw-results/retained/animehacker-tq3-0/2026-07-18/runtime/AH-05/pilot/events.jsonl,510701,2377413840877c485ba4da5db16a246dfc29a5af105c89c978fc3bc7d8a37b14,"[""animehacker-a367d5d5df950b0e8f25""]",,,,retain_active,recovery-5ec36c25826c
animehacker-tq3-0,experiments/raw-results/animehacker-tq3-0/2026-07-18/runtime/AH-05/pilot/measurement.json,experiments/raw-results/retained/animehacker-tq3-0/2026-07-18/runtime/AH-05/pilot/measurement.json,1420,0a49012c97512eeb31ec2a836c490a3e906ad6bd509e7379bda8352e4587d2c8,"[""animehacker-d0d9e2db74851501ded2""]",,,,retain_active,recovery-5ec36c25826c
animehacker-tq3-0,experiments/raw-results/animehacker-tq3-0/2026-07-18/runtime/AH-05/pilot/stderr.txt,experiments/raw-results/retained/animehacker-tq3-0/2026-07-18/runtime/AH-05/pilot/stderr.txt,297023,cd9171fc02cb9d125d78d4f38516ad79004a323bef92592e37cff24d1f674535,"[""animehacker-1d9c7810a079d0b8b6f6""]",,,,retain_active,recovery-5ec36c25826c
animehacker-tq3-0,experiments/raw-results/animehacker-tq3-0/2026-07-18/runtime/AH-05/pilot/stdout.txt,experiments/raw-results/retained/animehacker-tq3-0/2026-07-18/runtime/AH-05/pilot/stdout.txt,0,e3b0c44298fc1c149afbf4c8996fb92427ae41e4649b934ca495991b7852b855,"[""animehacker-6ecb63eb62ce5977b64e""]",,,,retain_active,recovery-5ec36c25826c
animehacker-tq3-0,experiments/raw-results/animehacker-tq3-0/2026-07-18/runtime/AH-05/pilot/utilization-samples.csv,experiments/raw-results/retained/animehacker-tq3-0/2026-07-18/runtime/AH-05/pilot/utilization-samples.csv,1125,1892fb5a6164078c35cf49ba48d57be9d849042b8d95d204ce56f1bc9a829aa4,"[""animehacker-b965daa0e9b3405d21da""]",,,,retain_active,recovery-5ec36c25826c
animehacker-tq3-0,experiments/raw-results/animehacker-tq3-0/2026-07-18/runtime/AH-05/sample-1/.utilization-ready,experiments/raw-results/retained/animehacker-tq3-0/2026-07-18/runtime/AH-05/sample-1/.utilization-ready,7,83e24203f3532a5d379e2dfcab2a0bffa0b0d059eddc22ab04155ed229343ef3,"[""animehacker-f5f43adc1d6b2ffcb772""]",,,,retain_active,recovery-5ec36c25826c
animehacker-tq3-0,experiments/raw-results/animehacker-tq3-0/2026-07-18/runtime/AH-05/sample-1/.utilization-stop,experiments/raw-results/retained/animehacker-tq3-0/2026-07-18/runtime/AH-05/sample-1/.utilization-stop,4,6c45cb72a36e63d522aa54ed8adbd7a29a989474f2f77e0458af8800564ef3cb,"[""animehacker-bfa16adb74b0a499f90d""]",,,,retain_active,recovery-5ec36c25826c
animehacker-tq3-0,experiments/raw-results/animehacker-tq3-0/2026-07-18/runtime/AH-05/sample-1/activation.json,experiments/raw-results/retained/animehacker-tq3-0/2026-07-18/runtime/AH-05/sample-1/activation.json,177,cdf283278cb67da879ec9875eb47c87d0040fa1f64c5e14f6d18f41a372030f5,"[""animehacker-07630e18ee3a14fc3428""]",,,,retain_active,recovery-5ec36c25826c
animehacker-tq3-0,experiments/raw-results/animehacker-tq3-0/2026-07-18/runtime/AH-05/sample-1/command.json,experiments/raw-results/retained/animehacker-tq3-0/2026-07-18/runtime/AH-05/sample-1/command.json,2146,ef5047570c2a10504ab3b35798d2870cd79c7850040573a3693a31979b6347bd,"[""animehacker-22b3f244b1b7b000d4b7""]",,,,retain_active,recovery-5ec36c25826c
animehacker-tq3-0,experiments/raw-results/animehacker-tq3-0/2026-07-18/runtime/AH-05/sample-1/controller-stderr.txt,experiments/raw-results/retained/animehacker-tq3-0/2026-07-18/runtime/AH-05/sample-1/controller-stderr.txt,0,e3b0c44298fc1c149afbf4c8996fb92427ae41e4649b934ca495991b7852b855,"[""animehacker-3719efe43033b15d1757""]",,,,retain_active,recovery-5ec36c25826c
animehacker-tq3-0,experiments/raw-results/animehacker-tq3-0/2026-07-18/runtime/AH-05/sample-1/controller-stdout.txt,experiments/raw-results/retained/animehacker-tq3-0/2026-07-18/runtime/AH-05/sample-1/controller-stdout.txt,1272,18ff94a5da17fff09a5392998a892834ca55fda6bc33b515828d0d9f31d2aee7,"[""animehacker-1abcb391af5fa25cd9d1""]",,,,retain_active,recovery-5ec36c25826c
animehacker-tq3-0,experiments/raw-results/animehacker-tq3-0/2026-07-18/runtime/AH-05/sample-1/events.jsonl,experiments/raw-results/retained/animehacker-tq3-0/2026-07-18/runtime/AH-05/sample-1/events.jsonl,513188,b3026e1726a9464c11ed38f9a9b9d4941c894e655af07680b65d1b580da6e350,"[""animehacker-36ddf2fb6f412a655ad8""]",,,,retain_active,recovery-5ec36c25826c
animehacker-tq3-0,experiments/raw-results/animehacker-tq3-0/2026-07-18/runtime/AH-05/sample-1/measurement.json,experiments/raw-results/retained/animehacker-tq3-0/2026-07-18/runtime/AH-05/sample-1/measurement.json,1442,e88c83031bc6f9fe04200df58c7b4d85bb429fd26a2babaafbf0647b658c1a71,"[""animehacker-0ea6305b728ecc39deec""]",,,,retain_active,recovery-5ec36c25826c
animehacker-tq3-0,experiments/raw-results/animehacker-tq3-0/2026-07-18/runtime/AH-05/sample-1/stderr.txt,experiments/raw-results/retained/animehacker-tq3-0/2026-07-18/runtime/AH-05/sample-1/stderr.txt,297030,0079d6b9a6ac34047af2b6bf666126dbe81fd7ac6c9075cd5debdc44af5f741a,"[""animehacker-6f802f52e07c864d1b76""]",,,,retain_active,recovery-5ec36c25826c
animehacker-tq3-0,experiments/raw-results/animehacker-tq3-0/2026-07-18/runtime/AH-05/sample-1/stdout.txt,experiments/raw-results/retained/animehacker-tq3-0/2026-07-18/runtime/AH-05/sample-1/stdout.txt,0,e3b0c44298fc1c149afbf4c8996fb92427ae41e4649b934ca495991b7852b855,"[""animehacker-49552de9e028c7b9ebbb""]",,,,retain_active,recovery-5ec36c25826c
animehacker-tq3-0,experiments/raw-results/animehacker-tq3-0/2026-07-18/runtime/AH-05/sample-1/utilization-samples.csv,experiments/raw-results/retained/animehacker-tq3-0/2026-07-18/runtime/AH-05/sample-1/utilization-samples.csv,1263,efa8ef0399046113c8d55cad8e99879204a0870e06cacbf77a4b6343ad73b348,"[""animehacker-808b469a1a7497d214f4""]",,,,retain_active,recovery-5ec36c25826c
animehacker-tq3-0,experiments/raw-results/animehacker-tq3-0/2026-07-18/runtime/AH-05/sample-2/.utilization-ready,experiments/raw-results/retained/animehacker-tq3-0/2026-07-18/runtime/AH-05/sample-2/.utilization-ready,7,83e24203f3532a5d379e2dfcab2a0bffa0b0d059eddc22ab04155ed229343ef3,"[""animehacker-b394030f486378bd2097""]",,,,retain_active,recovery-5ec36c25826c
animehacker-tq3-0,experiments/raw-results/animehacker-tq3-0/2026-07-18/runtime/AH-05/sample-2/.utilization-stop,experiments/raw-results/retained/animehacker-tq3-0/2026-07-18/runtime/AH-05/sample-2/.utilization-stop,4,6c45cb72a36e63d522aa54ed8adbd7a29a989474f2f77e0458af8800564ef3cb,"[""animehacker-7cf97ca42fa572386d74""]",,,,retain_active,recovery-5ec36c25826c
animehacker-tq3-0,experiments/raw-results/animehacker-tq3-0/2026-07-18/runtime/AH-05/sample-2/activation.json,experiments/raw-results/retained/animehacker-tq3-0/2026-07-18/runtime/AH-05/sample-2/activation.json,177,cdf283278cb67da879ec9875eb47c87d0040fa1f64c5e14f6d18f41a372030f5,"[""animehacker-1b52fbcebd820d65547d""]",,,,retain_active,recovery-5ec36c25826c
animehacker-tq3-0,experiments/raw-results/animehacker-tq3-0/2026-07-18/runtime/AH-05/sample-2/command.json,experiments/raw-results/retained/animehacker-tq3-0/2026-07-18/runtime/AH-05/sample-2/command.json,2146,1622a8a5f3a032fabfffdc155be4379fc030d837994381ff22c3336075a07a88,"[""animehacker-fab0f23d78074463a5fc""]",,,,retain_active,recovery-5ec36c25826c
animehacker-tq3-0,experiments/raw-results/animehacker-tq3-0/2026-07-18/runtime/AH-05/sample-2/controller-stderr.txt,experiments/raw-results/retained/animehacker-tq3-0/2026-07-18/runtime/AH-05/sample-2/controller-stderr.txt,0,e3b0c44298fc1c149afbf4c8996fb92427ae41e4649b934ca495991b7852b855,"[""animehacker-a95046b3c608af5a4a4c""]",,,,retain_active,recovery-5ec36c25826c
animehacker-tq3-0,experiments/raw-results/animehacker-tq3-0/2026-07-18/runtime/AH-05/sample-2/controller-stdout.txt,experiments/raw-results/retained/animehacker-tq3-0/2026-07-18/runtime/AH-05/sample-2/controller-stdout.txt,1281,8d045d3626cbc08a355e690aae7b9fa3f513738a793e91bba2649e95345a3e68,"[""animehacker-43da5ffcb125eca6f81a""]",,,,retain_active,recovery-5ec36c25826c
animehacker-tq3-0,experiments/raw-results/animehacker-tq3-0/2026-07-18/runtime/AH-05/sample-2/events.jsonl,experiments/raw-results/retained/animehacker-tq3-0/2026-07-18/runtime/AH-05/sample-2/events.jsonl,513971,753fd7107b92b479445a848cd11b21ae4f160fc7b58e15b2c6a1b1aba6cda8f5,"[""animehacker-68085e756de3c3cd4922""]",,,,retain_active,recovery-5ec36c25826c
animehacker-tq3-0,experiments/raw-results/animehacker-tq3-0/2026-07-18/runtime/AH-05/sample-2/measurement.json,experiments/raw-results/retained/animehacker-tq3-0/2026-07-18/runtime/AH-05/sample-2/measurement.json,1451,52bc0c48abffeac20af32a93511588e57496d4d802d394252128b8d16b329df3,"[""animehacker-5e9a947b1f3e22b76ff4""]",,,,retain_active,recovery-5ec36c25826c
animehacker-tq3-0,experiments/raw-results/animehacker-tq3-0/2026-07-18/runtime/AH-05/sample-2/stderr.txt,experiments/raw-results/retained/animehacker-tq3-0/2026-07-18/runtime/AH-05/sample-2/stderr.txt,297034,6389e13be7caf53a3e16e5095ed93f586b2afde988425f2e13bc362abd38f078,"[""animehacker-077e4b5ba08e1c99741e""]",,,,retain_active,recovery-5ec36c25826c
animehacker-tq3-0,experiments/raw-results/animehacker-tq3-0/2026-07-18/runtime/AH-05/sample-2/stdout.txt,experiments/raw-results/retained/animehacker-tq3-0/2026-07-18/runtime/AH-05/sample-2/stdout.txt,0,e3b0c44298fc1c149afbf4c8996fb92427ae41e4649b934ca495991b7852b855,"[""animehacker-4832be3ab86e7022a7d3""]",,,,retain_active,recovery-5ec36c25826c
animehacker-tq3-0,experiments/raw-results/animehacker-tq3-0/2026-07-18/runtime/AH-05/sample-2/utilization-samples.csv,experiments/raw-results/retained/animehacker-tq3-0/2026-07-18/runtime/AH-05/sample-2/utilization-samples.csv,1332,47eb098f825e380e81bbd9fdbee610e323651720c3dd52b2bcdce7f675273d01,"[""animehacker-f8d5d159b140d2d93a25""]",,,,retain_active,recovery-5ec36c25826c
animehacker-tq3-0,experiments/raw-results/animehacker-tq3-0/2026-07-18/runtime/AH-05/sample-3/.utilization-ready,experiments/raw-results/retained/animehacker-tq3-0/2026-07-18/runtime/AH-05/sample-3/.utilization-ready,7,83e24203f3532a5d379e2dfcab2a0bffa0b0d059eddc22ab04155ed229343ef3,"[""animehacker-5e92a169c823a64a239a""]",,,,retain_active,recovery-5ec36c25826c
animehacker-tq3-0,experiments/raw-results/animehacker-tq3-0/2026-07-18/runtime/AH-05/sample-3/.utilization-stop,experiments/raw-results/retained/animehacker-tq3-0/2026-07-18/runtime/AH-05/sample-3/.utilization-stop,4,6c45cb72a36e63d522aa54ed8adbd7a29a989474f2f77e0458af8800564ef3cb,"[""animehacker-6143d58f0de0c39f9093""]",,,,retain_active,recovery-5ec36c25826c
animehacker-tq3-0,experiments/raw-results/animehacker-tq3-0/2026-07-18/runtime/AH-05/sample-3/activation.json,experiments/raw-results/retained/animehacker-tq3-0/2026-07-18/runtime/AH-05/sample-3/activation.json,177,cdf283278cb67da879ec9875eb47c87d0040fa1f64c5e14f6d18f41a372030f5,"[""animehacker-74df7f3b1d801fa6a607""]",,,,retain_active,recovery-5ec36c25826c
animehacker-tq3-0,experiments/raw-results/animehacker-tq3-0/2026-07-18/runtime/AH-05/sample-3/command.json,experiments/raw-results/retained/animehacker-tq3-0/2026-07-18/runtime/AH-05/sample-3/command.json,2146,12d9255663f71eacaa43fe9554339ec5a3e73459f10c822f5babb0d26176b966,"[""animehacker-529cbb2e3c2a17c3d234""]",,,,retain_active,recovery-5ec36c25826c
animehacker-tq3-0,experiments/raw-results/animehacker-tq3-0/2026-07-18/runtime/AH-05/sample-3/controller-stderr.txt,experiments/raw-results/retained/animehacker-tq3-0/2026-07-18/runtime/AH-05/sample-3/controller-stderr.txt,0,e3b0c44298fc1c149afbf4c8996fb92427ae41e4649b934ca495991b7852b855,"[""animehacker-664c8394677391614c3a""]",,,,retain_active,recovery-5ec36c25826c
animehacker-tq3-0,experiments/raw-results/animehacker-tq3-0/2026-07-18/runtime/AH-05/sample-3/controller-stdout.txt,experiments/raw-results/retained/animehacker-tq3-0/2026-07-18/runtime/AH-05/sample-3/controller-stdout.txt,1277,1456b8152a4e4931ec41100e283199fc5c78658e7c22933368051932f1623366,"[""animehacker-76e9bdc6a0630b5bea9c""]",,,,retain_active,recovery-5ec36c25826c
animehacker-tq3-0,experiments/raw-results/animehacker-tq3-0/2026-07-18/runtime/AH-05/sample-3/events.jsonl,experiments/raw-results/retained/animehacker-tq3-0/2026-07-18/runtime/AH-05/sample-3/events.jsonl,513984,b0a640e172bc6339e10acf443eb2fb49ae5c4d137ab78d324d2592b31cdb100e,"[""animehacker-886ceffba3679f681969""]",,,,retain_active,recovery-5ec36c25826c
animehacker-tq3-0,experiments/raw-results/animehacker-tq3-0/2026-07-18/runtime/AH-05/sample-3/measurement.json,experiments/raw-results/retained/animehacker-tq3-0/2026-07-18/runtime/AH-05/sample-3/measurement.json,1447,9122e16916d10926cf257b2173e6e08250a3adb9297e229595122f2cf54fd493,"[""animehacker-3b0258fbdbad431379fc""]",,,,retain_active,recovery-5ec36c25826c
animehacker-tq3-0,experiments/raw-results/animehacker-tq3-0/2026-07-18/runtime/AH-05/sample-3/stderr.txt,experiments/raw-results/retained/animehacker-tq3-0/2026-07-18/runtime/AH-05/sample-3/stderr.txt,297034,267264ee1a90799d604dbed3ec5a4abe734762664b1da1a4aa21efee24c40eb5,"[""animehacker-92f9f6a46ea3b78143d2""]",,,,retain_active,recovery-5ec36c25826c
animehacker-tq3-0,experiments/raw-results/animehacker-tq3-0/2026-07-18/runtime/AH-05/sample-3/stdout.txt,experiments/raw-results/retained/animehacker-tq3-0/2026-07-18/runtime/AH-05/sample-3/stdout.txt,0,e3b0c44298fc1c149afbf4c8996fb92427ae41e4649b934ca495991b7852b855,"[""animehacker-66ef9fde7d6fd74e5d5c""]",,,,retain_active,recovery-5ec36c25826c
animehacker-tq3-0,experiments/raw-results/animehacker-tq3-0/2026-07-18/runtime/AH-05/sample-3/utilization-samples.csv,experiments/raw-results/retained/animehacker-tq3-0/2026-07-18/runtime/AH-05/sample-3/utilization-samples.csv,1332,ceafde94508263c4c1f79bf4392a0a90132f7996d0bc86423e271fbc8c981009,"[""animehacker-a0e64ffeaee05c24e1bf""]",,,,retain_active,recovery-5ec36c25826c
animehacker-tq3-0,experiments/raw-results/animehacker-tq3-0/2026-07-18/runtime/AH-05/summary.json,experiments/raw-results/retained/animehacker-tq3-0/2026-07-18/runtime/AH-05/summary.json,7487,d10f2cf15d1cb9dd0f3a6fbbbc70f6fd868c2861806b0d9d93bb84f18027087d,"[""animehacker-2fdd99f74f84583010bc""]",,,,retain_active,recovery-5ec36c25826c
animehacker-tq3-0,experiments/raw-results/animehacker-tq3-0/2026-07-18/runtime/AH-05/warmup/.utilization-ready,experiments/raw-results/retained/animehacker-tq3-0/2026-07-18/runtime/AH-05/warmup/.utilization-ready,7,83e24203f3532a5d379e2dfcab2a0bffa0b0d059eddc22ab04155ed229343ef3,"[""animehacker-35ce74eb5c140395ca73""]",,,,retain_active,recovery-5ec36c25826c
animehacker-tq3-0,experiments/raw-results/animehacker-tq3-0/2026-07-18/runtime/AH-05/warmup/.utilization-stop,experiments/raw-results/retained/animehacker-tq3-0/2026-07-18/runtime/AH-05/warmup/.utilization-stop,4,6c45cb72a36e63d522aa54ed8adbd7a29a989474f2f77e0458af8800564ef3cb,"[""animehacker-c9a35cd61bb8b4e5ece3""]",,,,retain_active,recovery-5ec36c25826c
animehacker-tq3-0,experiments/raw-results/animehacker-tq3-0/2026-07-18/runtime/AH-05/warmup/activation.json,experiments/raw-results/retained/animehacker-tq3-0/2026-07-18/runtime/AH-05/warmup/activation.json,177,cdf283278cb67da879ec9875eb47c87d0040fa1f64c5e14f6d18f41a372030f5,"[""animehacker-ea7d6ba0b9cb68f19409""]",,,,retain_active,recovery-5ec36c25826c
animehacker-tq3-0,experiments/raw-results/animehacker-tq3-0/2026-07-18/runtime/AH-05/warmup/command.json,experiments/raw-results/retained/animehacker-tq3-0/2026-07-18/runtime/AH-05/warmup/command.json,2142,8099ac9481a67a144018b6a834bcc237aa15bc4b4045613d5de72824902ae5dc,"[""animehacker-38bb94746a803fd92bab""]",,,,retain_active,recovery-5ec36c25826c
animehacker-tq3-0,experiments/raw-results/animehacker-tq3-0/2026-07-18/runtime/AH-05/warmup/controller-stderr.txt,experiments/raw-results/retained/animehacker-tq3-0/2026-07-18/runtime/AH-05/warmup/controller-stderr.txt,0,e3b0c44298fc1c149afbf4c8996fb92427ae41e4649b934ca495991b7852b855,"[""animehacker-11daae50ff46307a4878""]",,,,retain_active,recovery-5ec36c25826c
animehacker-tq3-0,experiments/raw-results/animehacker-tq3-0/2026-07-18/runtime/AH-05/warmup/controller-stdout.txt,experiments/raw-results/retained/animehacker-tq3-0/2026-07-18/runtime/AH-05/warmup/controller-stdout.txt,1271,f7f2b9cca5457e2cc595e9ddb26bcda4680619dfe3a98b9005aea3fa8deb438f,"[""animehacker-5349c4431ed3207dbd15""]",,,,retain_active,recovery-5ec36c25826c
animehacker-tq3-0,experiments/raw-results/animehacker-tq3-0/2026-07-18/runtime/AH-05/warmup/events.jsonl,experiments/raw-results/retained/animehacker-tq3-0/2026-07-18/runtime/AH-05/warmup/events.jsonl,512729,062235d0eb37c737c0b166995fff4fe45674af4391921fbb02b6af7843f66de9,"[""animehacker-20dd8ce9961a97104058""]",,,,retain_active,recovery-5ec36c25826c
animehacker-tq3-0,experiments/raw-results/animehacker-tq3-0/2026-07-18/runtime/AH-05/warmup/measurement.json,experiments/raw-results/retained/animehacker-tq3-0/2026-07-18/runtime/AH-05/warmup/measurement.json,1441,b68ac3db9a4951d61dd5fec4ac57012b2744ddc3ea2f3a4b01ee09940a4fe62d,"[""animehacker-1cbac7d4559e44c399a2""]",,,,retain_active,recovery-5ec36c25826c
animehacker-tq3-0,experiments/raw-results/animehacker-tq3-0/2026-07-18/runtime/AH-05/warmup/stderr.txt,experiments/raw-results/retained/animehacker-tq3-0/2026-07-18/runtime/AH-05/warmup/stderr.txt,297033,fb4aa37787c5fd4a5c3d3ea55f1030ca22bb5dd24ba99f5c38a0e0a238cdefc7,"[""animehacker-2b2b615ee162f9c63c16""]",,,,retain_active,recovery-5ec36c25826c
animehacker-tq3-0,experiments/raw-results/animehacker-tq3-0/2026-07-18/runtime/AH-05/warmup/stdout.txt,experiments/raw-results/retained/animehacker-tq3-0/2026-07-18/runtime/AH-05/warmup/stdout.txt,0,e3b0c44298fc1c149afbf4c8996fb92427ae41e4649b934ca495991b7852b855,"[""animehacker-e54f5eff1575033d6171""]",,,,retain_active,recovery-5ec36c25826c
animehacker-tq3-0,experiments/raw-results/animehacker-tq3-0/2026-07-18/runtime/AH-05/warmup/utilization-samples.csv,experiments/raw-results/retained/animehacker-tq3-0/2026-07-18/runtime/AH-05/warmup/utilization-samples.csv,1263,b4f66764544a867a2fb1d8612ee9e12015c898cf5f550cc6f0ac10145a477ec6,"[""animehacker-a333bdc6a67cd2355a28""]",,,,retain_active,recovery-5ec36c25826c
animehacker-tq3-0,experiments/raw-results/animehacker-tq3-0/2026-07-18/runtime/AH-06/environment.json,experiments/raw-results/retained/animehacker-tq3-0/2026-07-18/runtime/AH-06/environment.json,2,44136fa355b3678a1146ad16f7e8649e94fb4fc21fe77e8310c060f61caaff8a,"[""animehacker-9d67bdd473c02d1dffca""]",,,,retain_active,recovery-5ec36c25826c
animehacker-tq3-0,experiments/raw-results/animehacker-tq3-0/2026-07-18/runtime/AH-06/model.json,experiments/raw-results/retained/animehacker-tq3-0/2026-07-18/runtime/AH-06/model.json,236,667aafc02f4acf121922ee8c94e3f778600ace1ac2e0fb51c8fba981ccad1fba,"[""animehacker-7a121e8ded3134ba7dc4""]",,,,retain_active,recovery-5ec36c25826c
animehacker-tq3-0,experiments/raw-results/animehacker-tq3-0/2026-07-18/runtime/AH-06/pilot-emergency-stop-2048/command.json,experiments/raw-results/retained/animehacker-tq3-0/2026-07-18/runtime/AH-06/pilot-emergency-stop-2048/command.json,2132,ea4e54560dd20a87280beb4304bc8d5eafce0f69e0e6f07d589e2e85105b76c0,"[""animehacker-b227a9c685cbd33023f5""]",,,,retain_active,recovery-5ec36c25826c
animehacker-tq3-0,experiments/raw-results/animehacker-tq3-0/2026-07-18/runtime/AH-06/pilot-emergency-stop-2048/controller-stderr.txt,experiments/raw-results/retained/animehacker-tq3-0/2026-07-18/runtime/AH-06/pilot-emergency-stop-2048/controller-stderr.txt,0,e3b0c44298fc1c149afbf4c8996fb92427ae41e4649b934ca495991b7852b855,"[""animehacker-baff88f11c920d2623a2""]",,,,retain_active,recovery-5ec36c25826c
animehacker-tq3-0,experiments/raw-results/animehacker-tq3-0/2026-07-18/runtime/AH-06/pilot-emergency-stop-2048/controller-stdout.txt,experiments/raw-results/retained/animehacker-tq3-0/2026-07-18/runtime/AH-06/pilot-emergency-stop-2048/controller-stdout.txt,1019,d9dc34788044c43982703bfabbd7ba960f4d475bb86576cf460b9799a35d5f44,"[""animehacker-f06cd757b2af5adf5f8e""]",,,,retain_active,recovery-5ec36c25826c
animehacker-tq3-0,experiments/raw-results/animehacker-tq3-0/2026-07-18/runtime/AH-06/pilot-emergency-stop-2048/events.jsonl,experiments/raw-results/retained/animehacker-tq3-0/2026-07-18/runtime/AH-06/pilot-emergency-stop-2048/events.jsonl,102861,2129e17a7b10f944aaaa3d71fa25337029ddc8ab9f724266728194975a0f9fa7,"[""animehacker-429832073cab10555cd0""]",,,,retain_active,recovery-5ec36c25826c
animehacker-tq3-0,experiments/raw-results/animehacker-tq3-0/2026-07-18/runtime/AH-06/pilot-emergency-stop-2048/measurement.json,experiments/raw-results/retained/animehacker-tq3-0/2026-07-18/runtime/AH-06/pilot-emergency-stop-2048/measurement.json,1125,c8cdd49e6fb58b78d7eddc0662d03209776f731d32b40c4616f4ecbb0a13f148,"[""animehacker-57d0c768549edab36e5f""]",AH-06,AH-06--terminal,blocked,retain_active,recovery-5ec36c25826c
animehacker-tq3-0,experiments/raw-results/animehacker-tq3-0/2026-07-18/runtime/AH-06/pilot-emergency-stop-2048/stderr.txt,experiments/raw-results/retained/animehacker-tq3-0/2026-07-18/runtime/AH-06/pilot-emergency-stop-2048/stderr.txt,49561,e9f974f1616f10f91993a39aa4676cd4383f1673ee29481d6dc976470cfd31dd,"[""animehacker-aa5ef663732bc5a9f018""]",,,,retain_active,recovery-5ec36c25826c
animehacker-tq3-0,experiments/raw-results/animehacker-tq3-0/2026-07-18/runtime/AH-06/pilot-emergency-stop-2048/stdout.txt,experiments/raw-results/retained/animehacker-tq3-0/2026-07-18/runtime/AH-06/pilot-emergency-stop-2048/stdout.txt,0,e3b0c44298fc1c149afbf4c8996fb92427ae41e4649b934ca495991b7852b855,"[""animehacker-0f3a71516d1ad0255e68""]",,,,retain_active,recovery-5ec36c25826c
animehacker-tq3-0,experiments/raw-results/animehacker-tq3-0/2026-07-18/runtime/AH-06/pilot-emergency-stop-2560/command.json,experiments/raw-results/retained/animehacker-tq3-0/2026-07-18/runtime/AH-06/pilot-emergency-stop-2560/command.json,2132,207c0a226fa8b3ace15bdc1f39c52c3171047c67ce180d2941d917071f2aff03,"[""animehacker-8bca130587b0867c3071""]",,,,retain_active,recovery-5ec36c25826c
animehacker-tq3-0,experiments/raw-results/animehacker-tq3-0/2026-07-18/runtime/AH-06/pilot-emergency-stop-2560/controller-stderr.txt,experiments/raw-results/retained/animehacker-tq3-0/2026-07-18/runtime/AH-06/pilot-emergency-stop-2560/controller-stderr.txt,0,e3b0c44298fc1c149afbf4c8996fb92427ae41e4649b934ca495991b7852b855,"[""animehacker-739e3f3699dea9051a55""]",,,,retain_active,recovery-5ec36c25826c
animehacker-tq3-0,experiments/raw-results/animehacker-tq3-0/2026-07-18/runtime/AH-06/pilot-emergency-stop-2560/controller-stdout.txt,experiments/raw-results/retained/animehacker-tq3-0/2026-07-18/runtime/AH-06/pilot-emergency-stop-2560/controller-stdout.txt,1020,0e85f26a5cc70d0dfc58b4df7c8a200bb784bb1920c05c419fc7e3edf9b8e627,"[""animehacker-cc634504cff96dff3a8e""]",,,,retain_active,recovery-5ec36c25826c
animehacker-tq3-0,experiments/raw-results/animehacker-tq3-0/2026-07-18/runtime/AH-06/pilot-emergency-stop-2560/events.jsonl,experiments/raw-results/retained/animehacker-tq3-0/2026-07-18/runtime/AH-06/pilot-emergency-stop-2560/events.jsonl,102569,c5fa7f42b4d8cd445d8fcc11cc5de7aa532dd0691dbf09b9dfc7768b2f30a036,"[""animehacker-dfe3abf0bcc4f851e9f4""]",,,,retain_active,recovery-5ec36c25826c
animehacker-tq3-0,experiments/raw-results/animehacker-tq3-0/2026-07-18/runtime/AH-06/pilot-emergency-stop-2560/measurement.json,experiments/raw-results/retained/animehacker-tq3-0/2026-07-18/runtime/AH-06/pilot-emergency-stop-2560/measurement.json,1126,1beb49604ab4ec29bda8770613274007e36acab954ca401a5ddc5f7cd14e03c5,"[""animehacker-892a72051e948593cce7""]",,,,retain_active,recovery-5ec36c25826c
animehacker-tq3-0,experiments/raw-results/animehacker-tq3-0/2026-07-18/runtime/AH-06/pilot-emergency-stop-2560/stderr.txt,experiments/raw-results/retained/animehacker-tq3-0/2026-07-18/runtime/AH-06/pilot-emergency-stop-2560/stderr.txt,49486,0fd328ca54374faf3929a02c20d49211a945469c42d33ce7755a65a45bcfa439,"[""animehacker-b1abc1c9c2f66dfaa24e""]",,,,retain_active,recovery-5ec36c25826c
animehacker-tq3-0,experiments/raw-results/animehacker-tq3-0/2026-07-18/runtime/AH-06/pilot-emergency-stop-2560/stdout.txt,experiments/raw-results/retained/animehacker-tq3-0/2026-07-18/runtime/AH-06/pilot-emergency-stop-2560/stdout.txt,0,e3b0c44298fc1c149afbf4c8996fb92427ae41e4649b934ca495991b7852b855,"[""animehacker-4288558a0625ea06500d""]",,,,retain_active,recovery-5ec36c25826c
animehacker-tq3-0,experiments/raw-results/animehacker-tq3-0/2026-07-18/runtime/AH-06/pilot-emergency-stop-3072/command.json,experiments/raw-results/retained/animehacker-tq3-0/2026-07-18/runtime/AH-06/pilot-emergency-stop-3072/command.json,2132,c78b52dc964718b99dc98a583375438373b52f00d3ee825be604ec74b1f8ec97,"[""animehacker-4086bfd23af3bba75947""]",,,,retain_active,recovery-5ec36c25826c
animehacker-tq3-0,experiments/raw-results/animehacker-tq3-0/2026-07-18/runtime/AH-06/pilot-emergency-stop-3072/controller-stderr.txt,experiments/raw-results/retained/animehacker-tq3-0/2026-07-18/runtime/AH-06/pilot-emergency-stop-3072/controller-stderr.txt,0,e3b0c44298fc1c149afbf4c8996fb92427ae41e4649b934ca495991b7852b855,"[""animehacker-8c10f17d3f7e46d11e8b""]",,,,retain_active,recovery-5ec36c25826c
animehacker-tq3-0,experiments/raw-results/animehacker-tq3-0/2026-07-18/runtime/AH-06/pilot-emergency-stop-3072/controller-stdout.txt,experiments/raw-results/retained/animehacker-tq3-0/2026-07-18/runtime/AH-06/pilot-emergency-stop-3072/controller-stdout.txt,1007,d3c11a7d3f3234b32f8ad6b5aa3b93a2fe51daabc4c072bcdb3eb200669a5386,"[""animehacker-9f89c5282d0182ff4776""]",,,,retain_active,recovery-5ec36c25826c
animehacker-tq3-0,experiments/raw-results/animehacker-tq3-0/2026-07-18/runtime/AH-06/pilot-emergency-stop-3072/events.jsonl,experiments/raw-results/retained/animehacker-tq3-0/2026-07-18/runtime/AH-06/pilot-emergency-stop-3072/events.jsonl,102099,29beec67f10cb87677ac7087f84a111674fb29dea06f403da7c6cd3f69d6e13b,"[""animehacker-af4faf2aa683941b76c9""]",,,,retain_active,recovery-5ec36c25826c
animehacker-tq3-0,experiments/raw-results/animehacker-tq3-0/2026-07-18/runtime/AH-06/pilot-emergency-stop-3072/measurement.json,experiments/raw-results/retained/animehacker-tq3-0/2026-07-18/runtime/AH-06/pilot-emergency-stop-3072/measurement.json,1113,330a5e6cabf724d552ad3666f70b820c3883f1aa01604fe45527022d21746db7,"[""animehacker-c4695eff54a56e9c1456""]",,,,retain_active,recovery-5ec36c25826c
animehacker-tq3-0,experiments/raw-results/animehacker-tq3-0/2026-07-18/runtime/AH-06/pilot-emergency-stop-3072/stderr.txt,experiments/raw-results/retained/animehacker-tq3-0/2026-07-18/runtime/AH-06/pilot-emergency-stop-3072/stderr.txt,49486,9fcdeb873c8566bdb1da4f7c56ec5628ffb618fd2681ced47702f18a1a7aa343,"[""animehacker-76ab0085a7d55e91918f""]",,,,retain_active,recovery-5ec36c25826c
animehacker-tq3-0,experiments/raw-results/animehacker-tq3-0/2026-07-18/runtime/AH-06/pilot-emergency-stop-3072/stdout.txt,experiments/raw-results/retained/animehacker-tq3-0/2026-07-18/runtime/AH-06/pilot-emergency-stop-3072/stdout.txt,0,e3b0c44298fc1c149afbf4c8996fb92427ae41e4649b934ca495991b7852b855,"[""animehacker-3ae3d891b9a53cf59f0c""]",,,,retain_active,recovery-5ec36c25826c
animehacker-tq3-0,experiments/raw-results/animehacker-tq3-0/2026-07-18/runtime/AH-06/pilot/command.json,experiments/raw-results/retained/animehacker-tq3-0/2026-07-18/runtime/AH-06/pilot/command.json,2132,ea4e54560dd20a87280beb4304bc8d5eafce0f69e0e6f07d589e2e85105b76c0,"[""animehacker-1aaca99bc5661dd71203""]",,,,retain_active,recovery-5ec36c25826c
animehacker-tq3-0,experiments/raw-results/animehacker-tq3-0/2026-07-18/runtime/AH-06/pilot/controller-stderr.txt,experiments/raw-results/retained/animehacker-tq3-0/2026-07-18/runtime/AH-06/pilot/controller-stderr.txt,0,e3b0c44298fc1c149afbf4c8996fb92427ae41e4649b934ca495991b7852b855,"[""animehacker-dbc3651c40107104cf45""]",,,,retain_active,recovery-5ec36c25826c
animehacker-tq3-0,experiments/raw-results/animehacker-tq3-0/2026-07-18/runtime/AH-06/pilot/controller-stdout.txt,experiments/raw-results/retained/animehacker-tq3-0/2026-07-18/runtime/AH-06/pilot/controller-stdout.txt,1019,d9dc34788044c43982703bfabbd7ba960f4d475bb86576cf460b9799a35d5f44,"[""animehacker-4286bd95b8c8a41d331d""]",,,,retain_active,recovery-5ec36c25826c
animehacker-tq3-0,experiments/raw-results/animehacker-tq3-0/2026-07-18/runtime/AH-06/pilot/events.jsonl,experiments/raw-results/retained/animehacker-tq3-0/2026-07-18/runtime/AH-06/pilot/events.jsonl,102861,2129e17a7b10f944aaaa3d71fa25337029ddc8ab9f724266728194975a0f9fa7,"[""animehacker-c8b39ccaf585c36adb5f""]",,,,retain_active,recovery-5ec36c25826c
animehacker-tq3-0,experiments/raw-results/animehacker-tq3-0/2026-07-18/runtime/AH-06/pilot/measurement.json,experiments/raw-results/retained/animehacker-tq3-0/2026-07-18/runtime/AH-06/pilot/measurement.json,1125,c8cdd49e6fb58b78d7eddc0662d03209776f731d32b40c4616f4ecbb0a13f148,"[""animehacker-77d9415f401d90b4d34d""]",,,,retain_active,recovery-5ec36c25826c
animehacker-tq3-0,experiments/raw-results/animehacker-tq3-0/2026-07-18/runtime/AH-06/pilot/stderr.txt,experiments/raw-results/retained/animehacker-tq3-0/2026-07-18/runtime/AH-06/pilot/stderr.txt,49561,e9f974f1616f10f91993a39aa4676cd4383f1673ee29481d6dc976470cfd31dd,"[""animehacker-b6bf47a3076bc1548dcd""]",,,,retain_active,recovery-5ec36c25826c
animehacker-tq3-0,experiments/raw-results/animehacker-tq3-0/2026-07-18/runtime/AH-06/pilot/stdout.txt,experiments/raw-results/retained/animehacker-tq3-0/2026-07-18/runtime/AH-06/pilot/stdout.txt,0,e3b0c44298fc1c149afbf4c8996fb92427ae41e4649b934ca495991b7852b855,"[""animehacker-b3ceb619941d4cefd8e5""]",,,,retain_active,recovery-5ec36c25826c
animehacker-tq3-0,experiments/raw-results/animehacker-tq3-0/2026-07-18/runtime/AH-07/environment.json,experiments/raw-results/retained/animehacker-tq3-0/2026-07-18/runtime/AH-07/environment.json,2,44136fa355b3678a1146ad16f7e8649e94fb4fc21fe77e8310c060f61caaff8a,"[""animehacker-83cdbc86eb1ce7002572""]",,,,retain_active,recovery-5ec36c25826c
animehacker-tq3-0,experiments/raw-results/animehacker-tq3-0/2026-07-18/runtime/AH-07/model.json,experiments/raw-results/retained/animehacker-tq3-0/2026-07-18/runtime/AH-07/model.json,236,667aafc02f4acf121922ee8c94e3f778600ace1ac2e0fb51c8fba981ccad1fba,"[""animehacker-78d7eeebacd693f6b56d""]",,,,retain_active,recovery-5ec36c25826c
animehacker-tq3-0,experiments/raw-results/animehacker-tq3-0/2026-07-18/runtime/AH-07/pilot/command.json,experiments/raw-results/retained/animehacker-tq3-0/2026-07-18/runtime/AH-07/pilot/command.json,2140,52d50004f35e37998521a04ce414620e5289288e82431c054a45be8283085c03,"[""animehacker-fefa63fa9e8a6a110ede""]",,,,retain_active,recovery-5ec36c25826c
animehacker-tq3-0,experiments/raw-results/animehacker-tq3-0/2026-07-18/runtime/AH-07/pilot/controller-stderr.txt,experiments/raw-results/retained/animehacker-tq3-0/2026-07-18/runtime/AH-07/pilot/controller-stderr.txt,0,e3b0c44298fc1c149afbf4c8996fb92427ae41e4649b934ca495991b7852b855,"[""animehacker-687aad09687cd085d47d""]",,,,retain_active,recovery-5ec36c25826c
animehacker-tq3-0,experiments/raw-results/animehacker-tq3-0/2026-07-18/runtime/AH-07/pilot/controller-stdout.txt,experiments/raw-results/retained/animehacker-tq3-0/2026-07-18/runtime/AH-07/pilot/controller-stdout.txt,1018,cb01be401a173690077860e9e67478c32ddb43b7b5a86420136e9bb5c5ec95af,"[""animehacker-c187a9866e046af4b70d""]",,,,retain_active,recovery-5ec36c25826c
animehacker-tq3-0,experiments/raw-results/animehacker-tq3-0/2026-07-18/runtime/AH-07/pilot/events.jsonl,experiments/raw-results/retained/animehacker-tq3-0/2026-07-18/runtime/AH-07/pilot/events.jsonl,102867,046ceb2b819ed00e2ad153c8bd851f2d187128a2da84a85fe9114a443a9dadc8,"[""animehacker-96ffcfd2a08906f4d004""]",,,,retain_active,recovery-5ec36c25826c
animehacker-tq3-0,experiments/raw-results/animehacker-tq3-0/2026-07-18/runtime/AH-07/pilot/measurement.json,experiments/raw-results/retained/animehacker-tq3-0/2026-07-18/runtime/AH-07/pilot/measurement.json,1124,982c400d1595c085f740489a35270baea9f101d4618273305f4d458175a22358,"[""animehacker-cd9e81def3ebb64f18ec""]",AH-07,AH-07--terminal,blocked,retain_active,recovery-5ec36c25826c
animehacker-tq3-0,experiments/raw-results/animehacker-tq3-0/2026-07-18/runtime/AH-07/pilot/stderr.txt,experiments/raw-results/retained/animehacker-tq3-0/2026-07-18/runtime/AH-07/pilot/stderr.txt,49657,0aadf894f8ebe768dedfcfaffb4a8261d9939c423794bbe10d9aeb033e5ba017,"[""animehacker-5cb065f0f7fe57939377""]",,,,retain_active,recovery-5ec36c25826c
animehacker-tq3-0,experiments/raw-results/animehacker-tq3-0/2026-07-18/runtime/AH-07/pilot/stdout.txt,experiments/raw-results/retained/animehacker-tq3-0/2026-07-18/runtime/AH-07/pilot/stdout.txt,0,e3b0c44298fc1c149afbf4c8996fb92427ae41e4649b934ca495991b7852b855,"[""animehacker-1b6e05283da27ed3e012""]",,,,retain_active,recovery-5ec36c25826c
animehacker-tq3-0,experiments/raw-results/animehacker-tq3-0/2026-07-18/runtime/AH-08/environment.json,experiments/raw-results/retained/animehacker-tq3-0/2026-07-18/runtime/AH-08/environment.json,82,fa014b76419ccacfb260c5810b354230de84d6b2d0b8f0914534f07214ff6f56,"[""animehacker-e570e904f8497045059c""]",,,,retain_active,recovery-5ec36c25826c
animehacker-tq3-0,experiments/raw-results/animehacker-tq3-0/2026-07-18/runtime/AH-08/model.json,experiments/raw-results/retained/animehacker-tq3-0/2026-07-18/runtime/AH-08/model.json,236,ef47576d50939008fe638786a2a8492509b3f81b1c3f7f5a48ba9ccd19c8bdcb,"[""animehacker-7371d35ae368008d1574""]",,,,retain_active,recovery-5ec36c25826c
animehacker-tq3-0,experiments/raw-results/animehacker-tq3-0/2026-07-18/runtime/AH-08/pilot/.utilization-ready,experiments/raw-results/retained/animehacker-tq3-0/2026-07-18/runtime/AH-08/pilot/.utilization-ready,7,83e24203f3532a5d379e2dfcab2a0bffa0b0d059eddc22ab04155ed229343ef3,"[""animehacker-065520f26dfad57e1e48""]",,,,retain_active,recovery-5ec36c25826c
animehacker-tq3-0,experiments/raw-results/animehacker-tq3-0/2026-07-18/runtime/AH-08/pilot/.utilization-stop,experiments/raw-results/retained/animehacker-tq3-0/2026-07-18/runtime/AH-08/pilot/.utilization-stop,4,6c45cb72a36e63d522aa54ed8adbd7a29a989474f2f77e0458af8800564ef3cb,"[""animehacker-64a7ddd3f6f11e7ab0ef""]",,,,retain_active,recovery-5ec36c25826c
animehacker-tq3-0,experiments/raw-results/animehacker-tq3-0/2026-07-18/runtime/AH-08/pilot/activation.json,experiments/raw-results/retained/animehacker-tq3-0/2026-07-18/runtime/AH-08/pilot/activation.json,217,385b240560a8757d64924989caac734fdf70654294a62a72d8ce209e5dc69cc5,"[""animehacker-d9b1aa5dd427ec8f4213""]",,,,retain_active,recovery-5ec36c25826c
animehacker-tq3-0,experiments/raw-results/animehacker-tq3-0/2026-07-18/runtime/AH-08/pilot/command.json,experiments/raw-results/retained/animehacker-tq3-0/2026-07-18/runtime/AH-08/pilot/command.json,2220,c3c4d5439f0b351a921689f17392bb4db04f932f78e757db3fdce5540a7fc058,"[""animehacker-eac53470624ae22339a2""]",,,,retain_active,recovery-5ec36c25826c
animehacker-tq3-0,experiments/raw-results/animehacker-tq3-0/2026-07-18/runtime/AH-08/pilot/controller-stderr.txt,experiments/raw-results/retained/animehacker-tq3-0/2026-07-18/runtime/AH-08/pilot/controller-stderr.txt,0,e3b0c44298fc1c149afbf4c8996fb92427ae41e4649b934ca495991b7852b855,"[""animehacker-a3cae7319bbb8aa8fbd0""]",,,,retain_active,recovery-5ec36c25826c
animehacker-tq3-0,experiments/raw-results/animehacker-tq3-0/2026-07-18/runtime/AH-08/pilot/controller-stdout.txt,experiments/raw-results/retained/animehacker-tq3-0/2026-07-18/runtime/AH-08/pilot/controller-stdout.txt,1290,95e1f068e7c513b699fdc769c755b3ffe6f459a4fe76e9a62ca93b8265f671d4,"[""animehacker-ba81f49b1f031a183fa3""]",,,,retain_active,recovery-5ec36c25826c
animehacker-tq3-0,experiments/raw-results/animehacker-tq3-0/2026-07-18/runtime/AH-08/pilot/events.jsonl,experiments/raw-results/retained/animehacker-tq3-0/2026-07-18/runtime/AH-08/pilot/events.jsonl,495333,7feac7110ea330e4fdf6711c485edc6c491e1302b170f5d92707fa598970fe34,"[""animehacker-b3d95c089e8ee9f264b9""]",,,,retain_active,recovery-5ec36c25826c
animehacker-tq3-0,experiments/raw-results/animehacker-tq3-0/2026-07-18/runtime/AH-08/pilot/measurement.json,experiments/raw-results/retained/animehacker-tq3-0/2026-07-18/runtime/AH-08/pilot/measurement.json,1460,98c450a07d536cfa4da4674e29708423b99f554bd18626e8f1dada01a7a32f88,"[""animehacker-274d36a202e5ba85993f""]",,,,retain_active,recovery-5ec36c25826c
animehacker-tq3-0,experiments/raw-results/animehacker-tq3-0/2026-07-18/runtime/AH-08/pilot/stderr.txt,experiments/raw-results/retained/animehacker-tq3-0/2026-07-18/runtime/AH-08/pilot/stderr.txt,284049,28492399410468441967426bebb953276671a0c7ff8316b3288d6eb63d21f03f,"[""animehacker-335324fa403b7e69f848""]",,,,retain_active,recovery-5ec36c25826c
animehacker-tq3-0,experiments/raw-results/animehacker-tq3-0/2026-07-18/runtime/AH-08/pilot/stdout.txt,experiments/raw-results/retained/animehacker-tq3-0/2026-07-18/runtime/AH-08/pilot/stdout.txt,0,e3b0c44298fc1c149afbf4c8996fb92427ae41e4649b934ca495991b7852b855,"[""animehacker-371c80f4221666cd6532""]",,,,retain_active,recovery-5ec36c25826c
animehacker-tq3-0,experiments/raw-results/animehacker-tq3-0/2026-07-18/runtime/AH-08/pilot/utilization-samples.csv,experiments/raw-results/retained/animehacker-tq3-0/2026-07-18/runtime/AH-08/pilot/utilization-samples.csv,965,ed415259a85b117c921728c020732fe4362f7965d4522a3a42d5a7d99e7369f0,"[""animehacker-8a8fc22c361dcf0fcca8""]",,,,retain_active,recovery-5ec36c25826c
animehacker-tq3-0,experiments/raw-results/animehacker-tq3-0/2026-07-18/runtime/AH-08/sample-1/.utilization-ready,experiments/raw-results/retained/animehacker-tq3-0/2026-07-18/runtime/AH-08/sample-1/.utilization-ready,7,83e24203f3532a5d379e2dfcab2a0bffa0b0d059eddc22ab04155ed229343ef3,"[""animehacker-6653e289e4fb01fa084a""]",,,,retain_active,recovery-5ec36c25826c
animehacker-tq3-0,experiments/raw-results/animehacker-tq3-0/2026-07-18/runtime/AH-08/sample-1/.utilization-stop,experiments/raw-results/retained/animehacker-tq3-0/2026-07-18/runtime/AH-08/sample-1/.utilization-stop,4,6c45cb72a36e63d522aa54ed8adbd7a29a989474f2f77e0458af8800564ef3cb,"[""animehacker-18baecf0caf903c6e27d""]",,,,retain_active,recovery-5ec36c25826c
animehacker-tq3-0,experiments/raw-results/animehacker-tq3-0/2026-07-18/runtime/AH-08/sample-1/activation.json,experiments/raw-results/retained/animehacker-tq3-0/2026-07-18/runtime/AH-08/sample-1/activation.json,217,385b240560a8757d64924989caac734fdf70654294a62a72d8ce209e5dc69cc5,"[""animehacker-be095dae1cde303f2ab2""]",,,,retain_active,recovery-5ec36c25826c
animehacker-tq3-0,experiments/raw-results/animehacker-tq3-0/2026-07-18/runtime/AH-08/sample-1/command.json,experiments/raw-results/retained/animehacker-tq3-0/2026-07-18/runtime/AH-08/sample-1/command.json,2226,0cbd7f1535cb2cfeaa01c0e607bacdf7c3112b5b4cd17f70b7e162393befb8c8,"[""animehacker-824c7230ec67e5419a87""]",,,,retain_active,recovery-5ec36c25826c
animehacker-tq3-0,experiments/raw-results/animehacker-tq3-0/2026-07-18/runtime/AH-08/sample-1/controller-stderr.txt,experiments/raw-results/retained/animehacker-tq3-0/2026-07-18/runtime/AH-08/sample-1/controller-stderr.txt,0,e3b0c44298fc1c149afbf4c8996fb92427ae41e4649b934ca495991b7852b855,"[""animehacker-2de2c864360b1832e236""]",,,,retain_active,recovery-5ec36c25826c
animehacker-tq3-0,experiments/raw-results/animehacker-tq3-0/2026-07-18/runtime/AH-08/sample-1/controller-stdout.txt,experiments/raw-results/retained/animehacker-tq3-0/2026-07-18/runtime/AH-08/sample-1/controller-stdout.txt,1314,aacc1500d5c4c499cea1de35f7d10af950f30ac35a064b27838257cb3dd3d6ee,"[""animehacker-19905b875e494552f329""]",,,,retain_active,recovery-5ec36c25826c
animehacker-tq3-0,experiments/raw-results/animehacker-tq3-0/2026-07-18/runtime/AH-08/sample-1/events.jsonl,experiments/raw-results/retained/animehacker-tq3-0/2026-07-18/runtime/AH-08/sample-1/events.jsonl,483250,a0489c101b643db45ea7f280d9b5e4c069d65735d022b0d8f90b6af1350d5be2,"[""animehacker-bb84ffe2eb96d03f567e""]",,,,retain_active,recovery-5ec36c25826c
animehacker-tq3-0,experiments/raw-results/animehacker-tq3-0/2026-07-18/runtime/AH-08/sample-1/measurement.json,experiments/raw-results/retained/animehacker-tq3-0/2026-07-18/runtime/AH-08/sample-1/measurement.json,1484,13a2e401e89eca723284c54a2a6b2ae69aac7cd1233574e6abb8b0c3f227ab75,"[""animehacker-666cb58832ba5444ade4""]",,,,retain_active,recovery-5ec36c25826c
animehacker-tq3-0,experiments/raw-results/animehacker-tq3-0/2026-07-18/runtime/AH-08/sample-1/stderr.txt,experiments/raw-results/retained/animehacker-tq3-0/2026-07-18/runtime/AH-08/sample-1/stderr.txt,284051,450bdd5d77c5cf34eed7a2921ee08d0d756f79d6d07e59b4c21d92e073be3221,"[""animehacker-765250bd6d13271e18dd""]",,,,retain_active,recovery-5ec36c25826c
animehacker-tq3-0,experiments/raw-results/animehacker-tq3-0/2026-07-18/runtime/AH-08/sample-1/stdout.txt,experiments/raw-results/retained/animehacker-tq3-0/2026-07-18/runtime/AH-08/sample-1/stdout.txt,0,e3b0c44298fc1c149afbf4c8996fb92427ae41e4649b934ca495991b7852b855,"[""animehacker-e1e443da61c3a101373b""]",,,,retain_active,recovery-5ec36c25826c
animehacker-tq3-0,experiments/raw-results/animehacker-tq3-0/2026-07-18/runtime/AH-08/sample-1/utilization-samples.csv,experiments/raw-results/retained/animehacker-tq3-0/2026-07-18/runtime/AH-08/sample-1/utilization-samples.csv,966,8e4154bffd2f895af07f2adfcd350cbdf0e451170583b80c9122068fcd437463,"[""animehacker-24012da43ede07662ddc""]",,,,retain_active,recovery-5ec36c25826c
animehacker-tq3-0,experiments/raw-results/animehacker-tq3-0/2026-07-18/runtime/AH-08/sample-2/.utilization-ready,experiments/raw-results/retained/animehacker-tq3-0/2026-07-18/runtime/AH-08/sample-2/.utilization-ready,7,83e24203f3532a5d379e2dfcab2a0bffa0b0d059eddc22ab04155ed229343ef3,"[""animehacker-6422260eb88880154895""]",,,,retain_active,recovery-5ec36c25826c
animehacker-tq3-0,experiments/raw-results/animehacker-tq3-0/2026-07-18/runtime/AH-08/sample-2/.utilization-stop,experiments/raw-results/retained/animehacker-tq3-0/2026-07-18/runtime/AH-08/sample-2/.utilization-stop,4,6c45cb72a36e63d522aa54ed8adbd7a29a989474f2f77e0458af8800564ef3cb,"[""animehacker-0878b66d6c8de437d82e""]",,,,retain_active,recovery-5ec36c25826c
animehacker-tq3-0,experiments/raw-results/animehacker-tq3-0/2026-07-18/runtime/AH-08/sample-2/activation.json,experiments/raw-results/retained/animehacker-tq3-0/2026-07-18/runtime/AH-08/sample-2/activation.json,217,385b240560a8757d64924989caac734fdf70654294a62a72d8ce209e5dc69cc5,"[""animehacker-f58ce0fd33103f8067e1""]",,,,retain_active,recovery-5ec36c25826c
animehacker-tq3-0,experiments/raw-results/animehacker-tq3-0/2026-07-18/runtime/AH-08/sample-2/command.json,experiments/raw-results/retained/animehacker-tq3-0/2026-07-18/runtime/AH-08/sample-2/command.json,2226,6c25330adca93cd30dd4bf3ac03ba1f61606eee1d95295522366248036165a8f,"[""animehacker-ccb5e6bc2c4d81f529f8""]",,,,retain_active,recovery-5ec36c25826c
animehacker-tq3-0,experiments/raw-results/animehacker-tq3-0/2026-07-18/runtime/AH-08/sample-2/controller-stderr.txt,experiments/raw-results/retained/animehacker-tq3-0/2026-07-18/runtime/AH-08/sample-2/controller-stderr.txt,0,e3b0c44298fc1c149afbf4c8996fb92427ae41e4649b934ca495991b7852b855,"[""animehacker-5f56d10e3709fff856f0""]",,,,retain_active,recovery-5ec36c25826c
animehacker-tq3-0,experiments/raw-results/animehacker-tq3-0/2026-07-18/runtime/AH-08/sample-2/controller-stdout.txt,experiments/raw-results/retained/animehacker-tq3-0/2026-07-18/runtime/AH-08/sample-2/controller-stdout.txt,1305,5779309e731ab51f468cd50a7615e00be80daf70852ae236c0afe0cd08d9ba5a,"[""animehacker-8f8577e74aa720039416""]",,,,retain_active,recovery-5ec36c25826c
animehacker-tq3-0,experiments/raw-results/animehacker-tq3-0/2026-07-18/runtime/AH-08/sample-2/events.jsonl,experiments/raw-results/retained/animehacker-tq3-0/2026-07-18/runtime/AH-08/sample-2/events.jsonl,485207,707df2522864f9f25c79def27c09fd99e0b80d1b817e42bb3492c4b5204bbc40,"[""animehacker-64c6b5d9a7b91c17adba""]",,,,retain_active,recovery-5ec36c25826c
animehacker-tq3-0,experiments/raw-results/animehacker-tq3-0/2026-07-18/runtime/AH-08/sample-2/measurement.json,experiments/raw-results/retained/animehacker-tq3-0/2026-07-18/runtime/AH-08/sample-2/measurement.json,1475,2dbbd4df45432d9991d3ee36d2ee61919c20381da9a21f00fd33f6639075b532,"[""animehacker-33c8270568af46aac7f5""]",,,,retain_active,recovery-5ec36c25826c
animehacker-tq3-0,experiments/raw-results/animehacker-tq3-0/2026-07-18/runtime/AH-08/sample-2/stderr.txt,experiments/raw-results/retained/animehacker-tq3-0/2026-07-18/runtime/AH-08/sample-2/stderr.txt,284049,f7a407dc593d5cb8badea8accb9754d4996a5222b7a42ac368c0f3ea933b728b,"[""animehacker-60b8487ab27d452117b2""]",,,,retain_active,recovery-5ec36c25826c
animehacker-tq3-0,experiments/raw-results/animehacker-tq3-0/2026-07-18/runtime/AH-08/sample-2/stdout.txt,experiments/raw-results/retained/animehacker-tq3-0/2026-07-18/runtime/AH-08/sample-2/stdout.txt,0,e3b0c44298fc1c149afbf4c8996fb92427ae41e4649b934ca495991b7852b855,"[""animehacker-e8e76a048ab2d737e374""]",,,,retain_active,recovery-5ec36c25826c
animehacker-tq3-0,experiments/raw-results/animehacker-tq3-0/2026-07-18/runtime/AH-08/sample-2/utilization-samples.csv,experiments/raw-results/retained/animehacker-tq3-0/2026-07-18/runtime/AH-08/sample-2/utilization-samples.csv,1039,c4ac2c7891928662236bec072eec53e69e7b7504c3aa4ea5c8525719762623dc,"[""animehacker-6730183703ae62c905c5""]",,,,retain_active,recovery-5ec36c25826c
animehacker-tq3-0,experiments/raw-results/animehacker-tq3-0/2026-07-18/runtime/AH-08/sample-3/.utilization-ready,experiments/raw-results/retained/animehacker-tq3-0/2026-07-18/runtime/AH-08/sample-3/.utilization-ready,7,83e24203f3532a5d379e2dfcab2a0bffa0b0d059eddc22ab04155ed229343ef3,"[""animehacker-0d2c75da0de81c90eb40""]",,,,retain_active,recovery-5ec36c25826c
animehacker-tq3-0,experiments/raw-results/animehacker-tq3-0/2026-07-18/runtime/AH-08/sample-3/.utilization-stop,experiments/raw-results/retained/animehacker-tq3-0/2026-07-18/runtime/AH-08/sample-3/.utilization-stop,4,6c45cb72a36e63d522aa54ed8adbd7a29a989474f2f77e0458af8800564ef3cb,"[""animehacker-eaae91563d5c3aba30c8""]",,,,retain_active,recovery-5ec36c25826c
animehacker-tq3-0,experiments/raw-results/animehacker-tq3-0/2026-07-18/runtime/AH-08/sample-3/activation.json,experiments/raw-results/retained/animehacker-tq3-0/2026-07-18/runtime/AH-08/sample-3/activation.json,217,385b240560a8757d64924989caac734fdf70654294a62a72d8ce209e5dc69cc5,"[""animehacker-2539e5a659271f25437d""]",,,,retain_active,recovery-5ec36c25826c
animehacker-tq3-0,experiments/raw-results/animehacker-tq3-0/2026-07-18/runtime/AH-08/sample-3/command.json,experiments/raw-results/retained/animehacker-tq3-0/2026-07-18/runtime/AH-08/sample-3/command.json,2226,b2d8095d03471036101e7da6036363717baa64ac0a1606b7b66f4cc4d37de709,"[""animehacker-5650b4f92595a0a3684d""]",,,,retain_active,recovery-5ec36c25826c
animehacker-tq3-0,experiments/raw-results/animehacker-tq3-0/2026-07-18/runtime/AH-08/sample-3/controller-stderr.txt,experiments/raw-results/retained/animehacker-tq3-0/2026-07-18/runtime/AH-08/sample-3/controller-stderr.txt,0,e3b0c44298fc1c149afbf4c8996fb92427ae41e4649b934ca495991b7852b855,"[""animehacker-5d6d179ea8ae493dbf6c""]",,,,retain_active,recovery-5ec36c25826c
animehacker-tq3-0,experiments/raw-results/animehacker-tq3-0/2026-07-18/runtime/AH-08/sample-3/controller-stdout.txt,experiments/raw-results/retained/animehacker-tq3-0/2026-07-18/runtime/AH-08/sample-3/controller-stdout.txt,1306,df404748268182130c2beaa8a22e2bd15ec413b1a3037d634ea4266414800d93,"[""animehacker-e2748ba4ad4eb20ada1c""]",,,,retain_active,recovery-5ec36c25826c
animehacker-tq3-0,experiments/raw-results/animehacker-tq3-0/2026-07-18/runtime/AH-08/sample-3/events.jsonl,experiments/raw-results/retained/animehacker-tq3-0/2026-07-18/runtime/AH-08/sample-3/events.jsonl,485050,21afcf93f4ec930c8b96bdba7aa2f7e8bd34ff0964fb11a400595df166b8c4f2,"[""animehacker-b097118737e8951e75eb""]",,,,retain_active,recovery-5ec36c25826c
animehacker-tq3-0,experiments/raw-results/animehacker-tq3-0/2026-07-18/runtime/AH-08/sample-3/measurement.json,experiments/raw-results/retained/animehacker-tq3-0/2026-07-18/runtime/AH-08/sample-3/measurement.json,1476,2400caa62574a2f825026d01de665b6c263bdbe1ad3560e09e82c764f0753949,"[""animehacker-688f9a346215fffb9acb""]",,,,retain_active,recovery-5ec36c25826c
animehacker-tq3-0,experiments/raw-results/animehacker-tq3-0/2026-07-18/runtime/AH-08/sample-3/stderr.txt,experiments/raw-results/retained/animehacker-tq3-0/2026-07-18/runtime/AH-08/sample-3/stderr.txt,284051,0d9e2d1f63512dac23c7714f7cfa4b7543987fa636d63c6310d89116b438c392,"[""animehacker-6132d83847428f1ec43d""]",,,,retain_active,recovery-5ec36c25826c
animehacker-tq3-0,experiments/raw-results/animehacker-tq3-0/2026-07-18/runtime/AH-08/sample-3/stdout.txt,experiments/raw-results/retained/animehacker-tq3-0/2026-07-18/runtime/AH-08/sample-3/stdout.txt,0,e3b0c44298fc1c149afbf4c8996fb92427ae41e4649b934ca495991b7852b855,"[""animehacker-bbb0974df7d393d84d05""]",,,,retain_active,recovery-5ec36c25826c
animehacker-tq3-0,experiments/raw-results/animehacker-tq3-0/2026-07-18/runtime/AH-08/sample-3/utilization-samples.csv,experiments/raw-results/retained/animehacker-tq3-0/2026-07-18/runtime/AH-08/sample-3/utilization-samples.csv,1039,304f925906ca8b90bd1602b53fbb16b8d827db470fab886d151de25c0207bb25,"[""animehacker-29258dd695e097ac47a9""]",,,,retain_active,recovery-5ec36c25826c
animehacker-tq3-0,experiments/raw-results/animehacker-tq3-0/2026-07-18/runtime/AH-08/summary.json,experiments/raw-results/retained/animehacker-tq3-0/2026-07-18/runtime/AH-08/summary.json,7799,fe1bf99fc5de64ecba8aef596362b1fef43e77c6e2074ef7320409ff1e853277,"[""animehacker-9718cbe662f09c02b2f6""]",,,,retain_active,recovery-5ec36c25826c
animehacker-tq3-0,experiments/raw-results/animehacker-tq3-0/2026-07-18/runtime/AH-08/warmup/.utilization-ready,experiments/raw-results/retained/animehacker-tq3-0/2026-07-18/runtime/AH-08/warmup/.utilization-ready,7,83e24203f3532a5d379e2dfcab2a0bffa0b0d059eddc22ab04155ed229343ef3,"[""animehacker-44ba606e0461dc9c8e87""]",,,,retain_active,recovery-5ec36c25826c
animehacker-tq3-0,experiments/raw-results/animehacker-tq3-0/2026-07-18/runtime/AH-08/warmup/.utilization-stop,experiments/raw-results/retained/animehacker-tq3-0/2026-07-18/runtime/AH-08/warmup/.utilization-stop,4,6c45cb72a36e63d522aa54ed8adbd7a29a989474f2f77e0458af8800564ef3cb,"[""animehacker-00c72b65d480c2ab0d91""]",,,,retain_active,recovery-5ec36c25826c
animehacker-tq3-0,experiments/raw-results/animehacker-tq3-0/2026-07-18/runtime/AH-08/warmup/activation.json,experiments/raw-results/retained/animehacker-tq3-0/2026-07-18/runtime/AH-08/warmup/activation.json,217,385b240560a8757d64924989caac734fdf70654294a62a72d8ce209e5dc69cc5,"[""animehacker-1f500023bcb022263ce6""]",,,,retain_active,recovery-5ec36c25826c
animehacker-tq3-0,experiments/raw-results/animehacker-tq3-0/2026-07-18/runtime/AH-08/warmup/command.json,experiments/raw-results/retained/animehacker-tq3-0/2026-07-18/runtime/AH-08/warmup/command.json,2222,b9c8aed435e0821e07f2294bfe751bf475c01aae83fe7574901e63877435dcfa,"[""animehacker-dad7abe5192b3f24f82a""]",,,,retain_active,recovery-5ec36c25826c
animehacker-tq3-0,experiments/raw-results/animehacker-tq3-0/2026-07-18/runtime/AH-08/warmup/controller-stderr.txt,experiments/raw-results/retained/animehacker-tq3-0/2026-07-18/runtime/AH-08/warmup/controller-stderr.txt,0,e3b0c44298fc1c149afbf4c8996fb92427ae41e4649b934ca495991b7852b855,"[""animehacker-0892a580ab6a849df50f""]",,,,retain_active,recovery-5ec36c25826c
animehacker-tq3-0,experiments/raw-results/animehacker-tq3-0/2026-07-18/runtime/AH-08/warmup/controller-stdout.txt,experiments/raw-results/retained/animehacker-tq3-0/2026-07-18/runtime/AH-08/warmup/controller-stdout.txt,1306,b31bfef82e4b923d9efb0cfccec8107c803d69a355ab32b16e2ad9ba04f971cd,"[""animehacker-c15303fdf4b2eb0e3854""]",,,,retain_active,recovery-5ec36c25826c
animehacker-tq3-0,experiments/raw-results/animehacker-tq3-0/2026-07-18/runtime/AH-08/warmup/events.jsonl,experiments/raw-results/retained/animehacker-tq3-0/2026-07-18/runtime/AH-08/warmup/events.jsonl,482886,34f9fbd748db8245d558c152d34ffed215ab0570740fdb2e1769e2415490f00b,"[""animehacker-8adcc1f1be820ee25ec2""]",,,,retain_active,recovery-5ec36c25826c
animehacker-tq3-0,experiments/raw-results/animehacker-tq3-0/2026-07-18/runtime/AH-08/warmup/measurement.json,experiments/raw-results/retained/animehacker-tq3-0/2026-07-18/runtime/AH-08/warmup/measurement.json,1476,b06ebfdaa999ea0d0ef2ea71d8e033999ba16787cf3530c10693c08b04b57686,"[""animehacker-85ddb38e8fd983a1bb6e""]",,,,retain_active,recovery-5ec36c25826c
animehacker-tq3-0,experiments/raw-results/animehacker-tq3-0/2026-07-18/runtime/AH-08/warmup/stderr.txt,experiments/raw-results/retained/animehacker-tq3-0/2026-07-18/runtime/AH-08/warmup/stderr.txt,284051,2745faac676245b11562122b4ab2aa0f4fb39b96ed6d22e5506b2981c9cddbb4,"[""animehacker-cba7222a0f2366773371""]",,,,retain_active,recovery-5ec36c25826c
animehacker-tq3-0,experiments/raw-results/animehacker-tq3-0/2026-07-18/runtime/AH-08/warmup/stdout.txt,experiments/raw-results/retained/animehacker-tq3-0/2026-07-18/runtime/AH-08/warmup/stdout.txt,0,e3b0c44298fc1c149afbf4c8996fb92427ae41e4649b934ca495991b7852b855,"[""animehacker-de3acf67842dc396d813""]",,,,retain_active,recovery-5ec36c25826c
animehacker-tq3-0,experiments/raw-results/animehacker-tq3-0/2026-07-18/runtime/AH-08/warmup/utilization-samples.csv,experiments/raw-results/retained/animehacker-tq3-0/2026-07-18/runtime/AH-08/warmup/utilization-samples.csv,966,f1f96ea0d5d5b996d5dc51f0ff7d90d66b08a6d1389308e67f0578c7037f99d0,"[""animehacker-80c1ad68f1e2bd9816a4""]",,,,retain_active,recovery-5ec36c25826c
animehacker-tq3-0,experiments/raw-results/animehacker-tq3-0/2026-07-18/runtime/AH-09-rejected-explicit-flash-off-layer/.utilization-ready,experiments/raw-results/retained/animehacker-tq3-0/2026-07-18/runtime/AH-09-rejected-explicit-flash-off-layer/.utilization-ready,7,83e24203f3532a5d379e2dfcab2a0bffa0b0d059eddc22ab04155ed229343ef3,"[""animehacker-c6019945cf17fe1c29f6""]",,,,retain_active,recovery-5ec36c25826c
animehacker-tq3-0,experiments/raw-results/animehacker-tq3-0/2026-07-18/runtime/AH-09-rejected-explicit-flash-off-layer/.utilization-stop,experiments/raw-results/retained/animehacker-tq3-0/2026-07-18/runtime/AH-09-rejected-explicit-flash-off-layer/.utilization-stop,4,6c45cb72a36e63d522aa54ed8adbd7a29a989474f2f77e0458af8800564ef3cb,"[""animehacker-ca7628e8cc2e56e165d3""]",,,,retain_active,recovery-5ec36c25826c
animehacker-tq3-0,experiments/raw-results/animehacker-tq3-0/2026-07-18/runtime/AH-09-rejected-explicit-flash-off-layer/activation.json,experiments/raw-results/retained/animehacker-tq3-0/2026-07-18/runtime/AH-09-rejected-explicit-flash-off-layer/activation.json,224,b281fafc1d4ca0ece2c0abc878d34e9180f62f213c86c20f579ed81effa82ad8,"[""animehacker-52fd0d58adacedde76c7""]",,,,retain_active,recovery-5ec36c25826c
animehacker-tq3-0,experiments/raw-results/animehacker-tq3-0/2026-07-18/runtime/AH-09-rejected-explicit-flash-off-layer/command.json,experiments/raw-results/retained/animehacker-tq3-0/2026-07-18/runtime/AH-09-rejected-explicit-flash-off-layer/command.json,2272,4f8d849c4a844ae13a9b7aecf25b24801906cfd9d68af1cf85aa6ad4a633c68f,"[""animehacker-43dab6b57090cda697e0""]",,,,retain_active,recovery-5ec36c25826c
animehacker-tq3-0,experiments/raw-results/animehacker-tq3-0/2026-07-18/runtime/AH-09-rejected-explicit-flash-off-layer/controller-stderr.txt,experiments/raw-results/retained/animehacker-tq3-0/2026-07-18/runtime/AH-09-rejected-explicit-flash-off-layer/controller-stderr.txt,0,e3b0c44298fc1c149afbf4c8996fb92427ae41e4649b934ca495991b7852b855,"[""animehacker-6216c5f286c3fcdd2923""]",,,,retain_active,recovery-5ec36c25826c
animehacker-tq3-0,experiments/raw-results/animehacker-tq3-0/2026-07-18/runtime/AH-09-rejected-explicit-flash-off-layer/controller-stdout.txt,experiments/raw-results/retained/animehacker-tq3-0/2026-07-18/runtime/AH-09-rejected-explicit-flash-off-layer/controller-stdout.txt,1116,59618f9e02f93adefc28b21d706aed1638839719d46c859e24954f3f7e7394f9,"[""animehacker-3b378305fcdb0a80af04""]",,,,retain_active,recovery-5ec36c25826c
animehacker-tq3-0,experiments/raw-results/animehacker-tq3-0/2026-07-18/runtime/AH-09-rejected-explicit-flash-off-layer/events.jsonl,experiments/raw-results/retained/animehacker-tq3-0/2026-07-18/runtime/AH-09-rejected-explicit-flash-off-layer/events.jsonl,79007,9a54066f30afa0eab96c52a0f1d2bb88cc6e206caf135c8fbefc4a75f7446d51,"[""animehacker-1980cc32df1073e75d98""]",,,,retain_active,recovery-5ec36c25826c
animehacker-tq3-0,experiments/raw-results/animehacker-tq3-0/2026-07-18/runtime/AH-09-rejected-explicit-flash-off-layer/measurement.json,experiments/raw-results/retained/animehacker-tq3-0/2026-07-18/runtime/AH-09-rejected-explicit-flash-off-layer/measurement.json,1278,a3178d9a40977da685e63f21c29f71fbd20e3dc48adea54c89d216de35d53af8,"[""animehacker-2ac6effc22a2c961d833""]",,,,retain_active,recovery-5ec36c25826c
animehacker-tq3-0,experiments/raw-results/animehacker-tq3-0/2026-07-18/runtime/AH-09-rejected-explicit-flash-off-layer/stderr.txt,experiments/raw-results/retained/animehacker-tq3-0/2026-07-18/runtime/AH-09-rejected-explicit-flash-off-layer/stderr.txt,37246,bc2a05ca92f5c455328ca76b2171d2ac3ea995371167c101e7fa89d0d6129095,"[""animehacker-a4e551834475adddd5ba""]",,,,retain_active,recovery-5ec36c25826c
animehacker-tq3-0,experiments/raw-results/animehacker-tq3-0/2026-07-18/runtime/AH-09-rejected-explicit-flash-off-layer/stdout.txt,experiments/raw-results/retained/animehacker-tq3-0/2026-07-18/runtime/AH-09-rejected-explicit-flash-off-layer/stdout.txt,0,e3b0c44298fc1c149afbf4c8996fb92427ae41e4649b934ca495991b7852b855,"[""animehacker-0c9219ea928eba35b2cd""]",,,,retain_active,recovery-5ec36c25826c
animehacker-tq3-0,experiments/raw-results/animehacker-tq3-0/2026-07-18/runtime/AH-09-rejected-explicit-flash-off-layer/utilization-samples.csv,experiments/raw-results/retained/animehacker-tq3-0/2026-07-18/runtime/AH-09-rejected-explicit-flash-off-layer/utilization-samples.csv,162,e5ea2c6d32bae62267b27d33a674b7cab91c49ae962a09fa6f9966da87abc3ff,"[""animehacker-6f6a26df23603445daa4""]",,,,retain_active,recovery-5ec36c25826c
animehacker-tq3-0,experiments/raw-results/animehacker-tq3-0/2026-07-18/runtime/AH-09-rejected-flash-env-only/environment.json,experiments/raw-results/retained/animehacker-tq3-0/2026-07-18/runtime/AH-09-rejected-flash-env-only/environment.json,82,fa014b76419ccacfb260c5810b354230de84d6b2d0b8f0914534f07214ff6f56,"[""animehacker-c0d0fdbe2fc93a50cc98""]",,,,retain_active,recovery-5ec36c25826c
animehacker-tq3-0,experiments/raw-results/animehacker-tq3-0/2026-07-18/runtime/AH-09-rejected-flash-env-only/model.json,experiments/raw-results/retained/animehacker-tq3-0/2026-07-18/runtime/AH-09-rejected-flash-env-only/model.json,236,ef47576d50939008fe638786a2a8492509b3f81b1c3f7f5a48ba9ccd19c8bdcb,"[""animehacker-b58f2897ed66df4b3347""]",,,,retain_active,recovery-5ec36c25826c
animehacker-tq3-0,experiments/raw-results/animehacker-tq3-0/2026-07-18/runtime/AH-09-rejected-flash-env-only/pilot/.utilization-ready,experiments/raw-results/retained/animehacker-tq3-0/2026-07-18/runtime/AH-09-rejected-flash-env-only/pilot/.utilization-ready,7,83e24203f3532a5d379e2dfcab2a0bffa0b0d059eddc22ab04155ed229343ef3,"[""animehacker-91ae5a5713551873e372""]",,,,retain_active,recovery-5ec36c25826c
animehacker-tq3-0,experiments/raw-results/animehacker-tq3-0/2026-07-18/runtime/AH-09-rejected-flash-env-only/pilot/.utilization-stop,experiments/raw-results/retained/animehacker-tq3-0/2026-07-18/runtime/AH-09-rejected-flash-env-only/pilot/.utilization-stop,4,6c45cb72a36e63d522aa54ed8adbd7a29a989474f2f77e0458af8800564ef3cb,"[""animehacker-8b3eb2d75461604405af""]",,,,retain_active,recovery-5ec36c25826c
animehacker-tq3-0,experiments/raw-results/animehacker-tq3-0/2026-07-18/runtime/AH-09-rejected-flash-env-only/pilot/activation.json,experiments/raw-results/retained/animehacker-tq3-0/2026-07-18/runtime/AH-09-rejected-flash-env-only/pilot/activation.json,224,b281fafc1d4ca0ece2c0abc878d34e9180f62f213c86c20f579ed81effa82ad8,"[""animehacker-94da70f6ac3bebe8e933""]",,,,retain_active,recovery-5ec36c25826c
animehacker-tq3-0,experiments/raw-results/animehacker-tq3-0/2026-07-18/runtime/AH-09-rejected-flash-env-only/pilot/command.json,experiments/raw-results/retained/animehacker-tq3-0/2026-07-18/runtime/AH-09-rejected-flash-env-only/pilot/command.json,2228,1c9b3a715d39874c0205c5c2ac03f3bba3cc53b4c74d9824436cd7da533b1dbb,"[""animehacker-094ec611e356f168d351""]",,,,retain_active,recovery-5ec36c25826c
animehacker-tq3-0,experiments/raw-results/animehacker-tq3-0/2026-07-18/runtime/AH-09-rejected-flash-env-only/pilot/controller-stderr.txt,experiments/raw-results/retained/animehacker-tq3-0/2026-07-18/runtime/AH-09-rejected-flash-env-only/pilot/controller-stderr.txt,0,e3b0c44298fc1c149afbf4c8996fb92427ae41e4649b934ca495991b7852b855,"[""animehacker-ace80162f9f097bd6a69""]",,,,retain_active,recovery-5ec36c25826c
animehacker-tq3-0,experiments/raw-results/animehacker-tq3-0/2026-07-18/runtime/AH-09-rejected-flash-env-only/pilot/controller-stdout.txt,experiments/raw-results/retained/animehacker-tq3-0/2026-07-18/runtime/AH-09-rejected-flash-env-only/pilot/controller-stdout.txt,1243,7cf9a50ca4c19f1972f23df648cff507a43613fb2ba5cfd4af528a57fb201752,"[""animehacker-b5f7f87205dbebdebfec""]",,,,retain_active,recovery-5ec36c25826c
animehacker-tq3-0,experiments/raw-results/animehacker-tq3-0/2026-07-18/runtime/AH-09-rejected-flash-env-only/pilot/events.jsonl,experiments/raw-results/retained/animehacker-tq3-0/2026-07-18/runtime/AH-09-rejected-flash-env-only/pilot/events.jsonl,95301,ad5d3a37ea454bd4b9cccd57a860456c605145e1034150548baae853bdf66e09,"[""animehacker-f23056ac190fbc8fee52""]",,,,retain_active,recovery-5ec36c25826c
animehacker-tq3-0,experiments/raw-results/animehacker-tq3-0/2026-07-18/runtime/AH-09-rejected-flash-env-only/pilot/measurement.json,experiments/raw-results/retained/animehacker-tq3-0/2026-07-18/runtime/AH-09-rejected-flash-env-only/pilot/measurement.json,1413,8c7b55dd2939210380040d2ed0bbecc37050f7d9d8671d091e4e23553f83a679,"[""animehacker-606904bc475a3b246762""]",,,,retain_active,recovery-5ec36c25826c
animehacker-tq3-0,experiments/raw-results/animehacker-tq3-0/2026-07-18/runtime/AH-09-rejected-flash-env-only/pilot/stderr.txt,experiments/raw-results/retained/animehacker-tq3-0/2026-07-18/runtime/AH-09-rejected-flash-env-only/pilot/stderr.txt,46224,3180ac6ce70f9f8eee039d0791c5b42dc216a4143fd4ae5870f43c4343cdeacd,"[""animehacker-c55f41d52e47f2292ee6""]",,,,retain_active,recovery-5ec36c25826c
animehacker-tq3-0,experiments/raw-results/animehacker-tq3-0/2026-07-18/runtime/AH-09-rejected-flash-env-only/pilot/stdout.txt,experiments/raw-results/retained/animehacker-tq3-0/2026-07-18/runtime/AH-09-rejected-flash-env-only/pilot/stdout.txt,0,e3b0c44298fc1c149afbf4c8996fb92427ae41e4649b934ca495991b7852b855,"[""animehacker-6320a9322e11b803798f""]",,,,retain_active,recovery-5ec36c25826c
animehacker-tq3-0,experiments/raw-results/animehacker-tq3-0/2026-07-18/runtime/AH-09-rejected-flash-env-only/pilot/utilization-samples.csv,experiments/raw-results/retained/animehacker-tq3-0/2026-07-18/runtime/AH-09-rejected-flash-env-only/pilot/utilization-samples.csv,162,e5ea2c6d32bae62267b27d33a674b7cab91c49ae962a09fa6f9966da87abc3ff,"[""animehacker-812d071b3daa94ea6176""]",,,,retain_active,recovery-5ec36c25826c
animehacker-tq3-0,experiments/raw-results/animehacker-tq3-0/2026-07-18/runtime/AH-09-rejected-flash-env-only/sample-1/.utilization-ready,experiments/raw-results/retained/animehacker-tq3-0/2026-07-18/runtime/AH-09-rejected-flash-env-only/sample-1/.utilization-ready,7,83e24203f3532a5d379e2dfcab2a0bffa0b0d059eddc22ab04155ed229343ef3,"[""animehacker-51c3616c2fe2c3973ff7""]",,,,retain_active,recovery-5ec36c25826c
animehacker-tq3-0,experiments/raw-results/animehacker-tq3-0/2026-07-18/runtime/AH-09-rejected-flash-env-only/sample-1/.utilization-stop,experiments/raw-results/retained/animehacker-tq3-0/2026-07-18/runtime/AH-09-rejected-flash-env-only/sample-1/.utilization-stop,4,6c45cb72a36e63d522aa54ed8adbd7a29a989474f2f77e0458af8800564ef3cb,"[""animehacker-60c6d670063e98c978f3""]",,,,retain_active,recovery-5ec36c25826c
animehacker-tq3-0,experiments/raw-results/animehacker-tq3-0/2026-07-18/runtime/AH-09-rejected-flash-env-only/sample-1/activation.json,experiments/raw-results/retained/animehacker-tq3-0/2026-07-18/runtime/AH-09-rejected-flash-env-only/sample-1/activation.json,224,b281fafc1d4ca0ece2c0abc878d34e9180f62f213c86c20f579ed81effa82ad8,"[""animehacker-18232e30cfbeb2c2a0a1""]",,,,retain_active,recovery-5ec36c25826c
animehacker-tq3-0,experiments/raw-results/animehacker-tq3-0/2026-07-18/runtime/AH-09-rejected-flash-env-only/sample-1/command.json,experiments/raw-results/retained/animehacker-tq3-0/2026-07-18/runtime/AH-09-rejected-flash-env-only/sample-1/command.json,2234,f8208ce0a1d112d01e512107e9cd783c31d3f66e1708dbaabf7b1266eb67cea7,"[""animehacker-b77982a3b2e9367a8159""]",,,,retain_active,recovery-5ec36c25826c
animehacker-tq3-0,experiments/raw-results/animehacker-tq3-0/2026-07-18/runtime/AH-09-rejected-flash-env-only/sample-1/controller-stderr.txt,experiments/raw-results/retained/animehacker-tq3-0/2026-07-18/runtime/AH-09-rejected-flash-env-only/sample-1/controller-stderr.txt,0,e3b0c44298fc1c149afbf4c8996fb92427ae41e4649b934ca495991b7852b855,"[""animehacker-c9d07d60e7168c4dbc2b""]",,,,retain_active,recovery-5ec36c25826c
animehacker-tq3-0,experiments/raw-results/animehacker-tq3-0/2026-07-18/runtime/AH-09-rejected-flash-env-only/sample-1/controller-stdout.txt,experiments/raw-results/retained/animehacker-tq3-0/2026-07-18/runtime/AH-09-rejected-flash-env-only/sample-1/controller-stdout.txt,1243,c83972a85a76acd903dc5dd2a1a0a57d32299cf0c59c8f3e5f0fda03160fa159,"[""animehacker-aa2331ee73876ea07e06""]",,,,retain_active,recovery-5ec36c25826c
animehacker-tq3-0,experiments/raw-results/animehacker-tq3-0/2026-07-18/runtime/AH-09-rejected-flash-env-only/sample-1/events.jsonl,experiments/raw-results/retained/animehacker-tq3-0/2026-07-18/runtime/AH-09-rejected-flash-env-only/sample-1/events.jsonl,95329,8d7c0b4980dd056e1baf074d93ce1501d691dfac69df8f677a7d92489083e96e,"[""animehacker-76b8b75b9e56674a75a2""]",,,,retain_active,recovery-5ec36c25826c
animehacker-tq3-0,experiments/raw-results/animehacker-tq3-0/2026-07-18/runtime/AH-09-rejected-flash-env-only/sample-1/measurement.json,experiments/raw-results/retained/animehacker-tq3-0/2026-07-18/runtime/AH-09-rejected-flash-env-only/sample-1/measurement.json,1413,45baab3dc40e19e169abb1b875d368f8248c6bc3d1c95bd21b435965a0f82145,"[""animehacker-e3a413033030b43337b1""]",,,,retain_active,recovery-5ec36c25826c
animehacker-tq3-0,experiments/raw-results/animehacker-tq3-0/2026-07-18/runtime/AH-09-rejected-flash-env-only/sample-1/stderr.txt,experiments/raw-results/retained/animehacker-tq3-0/2026-07-18/runtime/AH-09-rejected-flash-env-only/sample-1/stderr.txt,46224,7714d25bb3199385d4346d2705c84ccd23a0c7b6963a2dc65d206c968147fb63,"[""animehacker-04593eae60641db5362b""]",,,,retain_active,recovery-5ec36c25826c
animehacker-tq3-0,experiments/raw-results/animehacker-tq3-0/2026-07-18/runtime/AH-09-rejected-flash-env-only/sample-1/stdout.txt,experiments/raw-results/retained/animehacker-tq3-0/2026-07-18/runtime/AH-09-rejected-flash-env-only/sample-1/stdout.txt,0,e3b0c44298fc1c149afbf4c8996fb92427ae41e4649b934ca495991b7852b855,"[""animehacker-e5635bf799b6a36a9514""]",,,,retain_active,recovery-5ec36c25826c
animehacker-tq3-0,experiments/raw-results/animehacker-tq3-0/2026-07-18/runtime/AH-09-rejected-flash-env-only/sample-1/utilization-samples.csv,experiments/raw-results/retained/animehacker-tq3-0/2026-07-18/runtime/AH-09-rejected-flash-env-only/sample-1/utilization-samples.csv,162,35c5a57548119f024a548fcb8a8e6035aae7bb862b64b774f4daba20d28ecc48,"[""animehacker-e53800632b9435e713fc""]",,,,retain_active,recovery-5ec36c25826c
animehacker-tq3-0,experiments/raw-results/animehacker-tq3-0/2026-07-18/runtime/AH-09-rejected-flash-env-only/sample-2/.utilization-ready,experiments/raw-results/retained/animehacker-tq3-0/2026-07-18/runtime/AH-09-rejected-flash-env-only/sample-2/.utilization-ready,7,83e24203f3532a5d379e2dfcab2a0bffa0b0d059eddc22ab04155ed229343ef3,"[""animehacker-108fd5a3270b451d43d8""]",,,,retain_active,recovery-5ec36c25826c
animehacker-tq3-0,experiments/raw-results/animehacker-tq3-0/2026-07-18/runtime/AH-09-rejected-flash-env-only/sample-2/.utilization-stop,experiments/raw-results/retained/animehacker-tq3-0/2026-07-18/runtime/AH-09-rejected-flash-env-only/sample-2/.utilization-stop,4,6c45cb72a36e63d522aa54ed8adbd7a29a989474f2f77e0458af8800564ef3cb,"[""animehacker-c606abfea38b73026aa8""]",,,,retain_active,recovery-5ec36c25826c
animehacker-tq3-0,experiments/raw-results/animehacker-tq3-0/2026-07-18/runtime/AH-09-rejected-flash-env-only/sample-2/activation.json,experiments/raw-results/retained/animehacker-tq3-0/2026-07-18/runtime/AH-09-rejected-flash-env-only/sample-2/activation.json,224,b281fafc1d4ca0ece2c0abc878d34e9180f62f213c86c20f579ed81effa82ad8,"[""animehacker-0e01a24a4bff484622af""]",,,,retain_active,recovery-5ec36c25826c
animehacker-tq3-0,experiments/raw-results/animehacker-tq3-0/2026-07-18/runtime/AH-09-rejected-flash-env-only/sample-2/command.json,experiments/raw-results/retained/animehacker-tq3-0/2026-07-18/runtime/AH-09-rejected-flash-env-only/sample-2/command.json,2234,150d46b5c5b8adb16dc35052ba153ce0ea67384660485df9057df11fc1e975b7,"[""animehacker-d56a7dc87fb3bb19f772""]",,,,retain_active,recovery-5ec36c25826c
animehacker-tq3-0,experiments/raw-results/animehacker-tq3-0/2026-07-18/runtime/AH-09-rejected-flash-env-only/sample-2/controller-stderr.txt,experiments/raw-results/retained/animehacker-tq3-0/2026-07-18/runtime/AH-09-rejected-flash-env-only/sample-2/controller-stderr.txt,0,e3b0c44298fc1c149afbf4c8996fb92427ae41e4649b934ca495991b7852b855,"[""animehacker-b5bae624652c0b621359""]",,,,retain_active,recovery-5ec36c25826c
animehacker-tq3-0,experiments/raw-results/animehacker-tq3-0/2026-07-18/runtime/AH-09-rejected-flash-env-only/sample-2/controller-stdout.txt,experiments/raw-results/retained/animehacker-tq3-0/2026-07-18/runtime/AH-09-rejected-flash-env-only/sample-2/controller-stdout.txt,1243,38aac0d80564ccf614f39395a81ad93fac21ce4d05fe6fbd5a4bd1b8c6086435,"[""animehacker-fffdcff752f785ae9f61""]",,,,retain_active,recovery-5ec36c25826c
animehacker-tq3-0,experiments/raw-results/animehacker-tq3-0/2026-07-18/runtime/AH-09-rejected-flash-env-only/sample-2/events.jsonl,experiments/raw-results/retained/animehacker-tq3-0/2026-07-18/runtime/AH-09-rejected-flash-env-only/sample-2/events.jsonl,95163,b44ec47f3b67ad8043eb5903f743c891f2b9061c80a1814bea127be101641f23,"[""animehacker-435a28adecae76fc57e0""]",,,,retain_active,recovery-5ec36c25826c
animehacker-tq3-0,experiments/raw-results/animehacker-tq3-0/2026-07-18/runtime/AH-09-rejected-flash-env-only/sample-2/measurement.json,experiments/raw-results/retained/animehacker-tq3-0/2026-07-18/runtime/AH-09-rejected-flash-env-only/sample-2/measurement.json,1413,9fabaa029f36716b767bd65a676df3814862543e032380929ac9f3efa73d520c,"[""animehacker-0f59f9bba4221ebbc074""]",,,,retain_active,recovery-5ec36c25826c
animehacker-tq3-0,experiments/raw-results/animehacker-tq3-0/2026-07-18/runtime/AH-09-rejected-flash-env-only/sample-2/stderr.txt,experiments/raw-results/retained/animehacker-tq3-0/2026-07-18/runtime/AH-09-rejected-flash-env-only/sample-2/stderr.txt,46224,0547070c49db58e89acd2bf3770571f52996f19a82802b167bbe819fb1a98b61,"[""animehacker-eca8e0a0b992885a87c1""]",,,,retain_active,recovery-5ec36c25826c
animehacker-tq3-0,experiments/raw-results/animehacker-tq3-0/2026-07-18/runtime/AH-09-rejected-flash-env-only/sample-2/stdout.txt,experiments/raw-results/retained/animehacker-tq3-0/2026-07-18/runtime/AH-09-rejected-flash-env-only/sample-2/stdout.txt,0,e3b0c44298fc1c149afbf4c8996fb92427ae41e4649b934ca495991b7852b855,"[""animehacker-27d9759fb3f5de0f780d""]",,,,retain_active,recovery-5ec36c25826c
animehacker-tq3-0,experiments/raw-results/animehacker-tq3-0/2026-07-18/runtime/AH-09-rejected-flash-env-only/sample-2/utilization-samples.csv,experiments/raw-results/retained/animehacker-tq3-0/2026-07-18/runtime/AH-09-rejected-flash-env-only/sample-2/utilization-samples.csv,162,fe8756a4fe541ee9adfedec6773865799c179f2c89a242be6544a72dfa17bd7b,"[""animehacker-3238a00107185a82a862""]",,,,retain_active,recovery-5ec36c25826c
animehacker-tq3-0,experiments/raw-results/animehacker-tq3-0/2026-07-18/runtime/AH-09-rejected-flash-env-only/sample-3/.utilization-ready,experiments/raw-results/retained/animehacker-tq3-0/2026-07-18/runtime/AH-09-rejected-flash-env-only/sample-3/.utilization-ready,7,83e24203f3532a5d379e2dfcab2a0bffa0b0d059eddc22ab04155ed229343ef3,"[""animehacker-85b01b4234c45422294c""]",,,,retain_active,recovery-5ec36c25826c
animehacker-tq3-0,experiments/raw-results/animehacker-tq3-0/2026-07-18/runtime/AH-09-rejected-flash-env-only/sample-3/.utilization-stop,experiments/raw-results/retained/animehacker-tq3-0/2026-07-18/runtime/AH-09-rejected-flash-env-only/sample-3/.utilization-stop,4,6c45cb72a36e63d522aa54ed8adbd7a29a989474f2f77e0458af8800564ef3cb,"[""animehacker-3f107d4fc7497db8f28a""]",,,,retain_active,recovery-5ec36c25826c
animehacker-tq3-0,experiments/raw-results/animehacker-tq3-0/2026-07-18/runtime/AH-09-rejected-flash-env-only/sample-3/activation.json,experiments/raw-results/retained/animehacker-tq3-0/2026-07-18/runtime/AH-09-rejected-flash-env-only/sample-3/activation.json,224,b281fafc1d4ca0ece2c0abc878d34e9180f62f213c86c20f579ed81effa82ad8,"[""animehacker-58b659287d3f82e736af""]",,,,retain_active,recovery-5ec36c25826c
animehacker-tq3-0,experiments/raw-results/animehacker-tq3-0/2026-07-18/runtime/AH-09-rejected-flash-env-only/sample-3/command.json,experiments/raw-results/retained/animehacker-tq3-0/2026-07-18/runtime/AH-09-rejected-flash-env-only/sample-3/command.json,2234,6012ecc2db831555d0f1f3dd4ec08b84b04bab2f82f5252cba032ac0fb419f7f,"[""animehacker-835ccab725edf2fa3c91""]",,,,retain_active,recovery-5ec36c25826c
animehacker-tq3-0,experiments/raw-results/animehacker-tq3-0/2026-07-18/runtime/AH-09-rejected-flash-env-only/sample-3/controller-stderr.txt,experiments/raw-results/retained/animehacker-tq3-0/2026-07-18/runtime/AH-09-rejected-flash-env-only/sample-3/controller-stderr.txt,0,e3b0c44298fc1c149afbf4c8996fb92427ae41e4649b934ca495991b7852b855,"[""animehacker-57ae25446676b7771e5c""]",,,,retain_active,recovery-5ec36c25826c
animehacker-tq3-0,experiments/raw-results/animehacker-tq3-0/2026-07-18/runtime/AH-09-rejected-flash-env-only/sample-3/controller-stdout.txt,experiments/raw-results/retained/animehacker-tq3-0/2026-07-18/runtime/AH-09-rejected-flash-env-only/sample-3/controller-stdout.txt,1237,e883319db4c4bdeb60ffbdcb722e474f7d0c8e619883510e1e5612f36a8f8c27,"[""animehacker-560cb54d5e572bac6b0c""]",,,,retain_active,recovery-5ec36c25826c
animehacker-tq3-0,experiments/raw-results/animehacker-tq3-0/2026-07-18/runtime/AH-09-rejected-flash-env-only/sample-3/events.jsonl,experiments/raw-results/retained/animehacker-tq3-0/2026-07-18/runtime/AH-09-rejected-flash-env-only/sample-3/events.jsonl,95297,41ca1d8ee9c8acd553cca236e8c6c022b484a97574fd3aa4cdb5779cc4e61a6d,"[""animehacker-f11d875c84a77c777180""]",,,,retain_active,recovery-5ec36c25826c
animehacker-tq3-0,experiments/raw-results/animehacker-tq3-0/2026-07-18/runtime/AH-09-rejected-flash-env-only/sample-3/measurement.json,experiments/raw-results/retained/animehacker-tq3-0/2026-07-18/runtime/AH-09-rejected-flash-env-only/sample-3/measurement.json,1407,941653fa3625f7e2824e8acf27a271741d4eb191a09b23f2123f91e080e1538e,"[""animehacker-e36f1202c33374a97be7""]",,,,retain_active,recovery-5ec36c25826c
animehacker-tq3-0,experiments/raw-results/animehacker-tq3-0/2026-07-18/runtime/AH-09-rejected-flash-env-only/sample-3/stderr.txt,experiments/raw-results/retained/animehacker-tq3-0/2026-07-18/runtime/AH-09-rejected-flash-env-only/sample-3/stderr.txt,46214,fdd01a8f94897fae26345d731715fc667379b59b42e2793641ca36c6c796b73a,"[""animehacker-2193be392b4e8ec5b61a""]",,,,retain_active,recovery-5ec36c25826c
animehacker-tq3-0,experiments/raw-results/animehacker-tq3-0/2026-07-18/runtime/AH-09-rejected-flash-env-only/sample-3/stdout.txt,experiments/raw-results/retained/animehacker-tq3-0/2026-07-18/runtime/AH-09-rejected-flash-env-only/sample-3/stdout.txt,0,e3b0c44298fc1c149afbf4c8996fb92427ae41e4649b934ca495991b7852b855,"[""animehacker-1e96883b3482d65741f3""]",,,,retain_active,recovery-5ec36c25826c
animehacker-tq3-0,experiments/raw-results/animehacker-tq3-0/2026-07-18/runtime/AH-09-rejected-flash-env-only/sample-3/utilization-samples.csv,experiments/raw-results/retained/animehacker-tq3-0/2026-07-18/runtime/AH-09-rejected-flash-env-only/sample-3/utilization-samples.csv,162,b2f26afae46bd76f3ab850a7621d413f7af125d8d72df861195505971c3e052b,"[""animehacker-75955cdfd0b7f5231ff0""]",,,,retain_active,recovery-5ec36c25826c
animehacker-tq3-0,experiments/raw-results/animehacker-tq3-0/2026-07-18/runtime/AH-09-rejected-flash-env-only/summary.json,experiments/raw-results/retained/animehacker-tq3-0/2026-07-18/runtime/AH-09-rejected-flash-env-only/summary.json,7529,65f7f2c93acdca1564e3e5e2831fed942087ac382f34ebaf02f234dd2d76b9f3,"[""animehacker-161b128b90a01ee0e4d5""]",AH-09,AH-09--rejected-flash-env-only,failed,retain_active,recovery-5ec36c25826c
animehacker-tq3-0,experiments/raw-results/animehacker-tq3-0/2026-07-18/runtime/AH-09-rejected-flash-env-only/warmup/.utilization-ready,experiments/raw-results/retained/animehacker-tq3-0/2026-07-18/runtime/AH-09-rejected-flash-env-only/warmup/.utilization-ready,7,83e24203f3532a5d379e2dfcab2a0bffa0b0d059eddc22ab04155ed229343ef3,"[""animehacker-b5a83a22a18418afa63b""]",,,,retain_active,recovery-5ec36c25826c
animehacker-tq3-0,experiments/raw-results/animehacker-tq3-0/2026-07-18/runtime/AH-09-rejected-flash-env-only/warmup/.utilization-stop,experiments/raw-results/retained/animehacker-tq3-0/2026-07-18/runtime/AH-09-rejected-flash-env-only/warmup/.utilization-stop,4,6c45cb72a36e63d522aa54ed8adbd7a29a989474f2f77e0458af8800564ef3cb,"[""animehacker-18bba0ef0b0d0389daf3""]",,,,retain_active,recovery-5ec36c25826c
animehacker-tq3-0,experiments/raw-results/animehacker-tq3-0/2026-07-18/runtime/AH-09-rejected-flash-env-only/warmup/activation.json,experiments/raw-results/retained/animehacker-tq3-0/2026-07-18/runtime/AH-09-rejected-flash-env-only/warmup/activation.json,224,b281fafc1d4ca0ece2c0abc878d34e9180f62f213c86c20f579ed81effa82ad8,"[""animehacker-2ef40399eee08c9f756c""]",,,,retain_active,recovery-5ec36c25826c
animehacker-tq3-0,experiments/raw-results/animehacker-tq3-0/2026-07-18/runtime/AH-09-rejected-flash-env-only/warmup/command.json,experiments/raw-results/retained/animehacker-tq3-0/2026-07-18/runtime/AH-09-rejected-flash-env-only/warmup/command.json,2230,05ead0b3689cfef649baa7d80219154d4ff4b97cb487d040bd1e2d833aa840d0,"[""animehacker-a095130ae3b9acaf2b7d""]",,,,retain_active,recovery-5ec36c25826c
animehacker-tq3-0,experiments/raw-results/animehacker-tq3-0/2026-07-18/runtime/AH-09-rejected-flash-env-only/warmup/controller-stderr.txt,experiments/raw-results/retained/animehacker-tq3-0/2026-07-18/runtime/AH-09-rejected-flash-env-only/warmup/controller-stderr.txt,0,e3b0c44298fc1c149afbf4c8996fb92427ae41e4649b934ca495991b7852b855,"[""animehacker-85b08ed7753814073227""]",,,,retain_active,recovery-5ec36c25826c
animehacker-tq3-0,experiments/raw-results/animehacker-tq3-0/2026-07-18/runtime/AH-09-rejected-flash-env-only/warmup/controller-stdout.txt,experiments/raw-results/retained/animehacker-tq3-0/2026-07-18/runtime/AH-09-rejected-flash-env-only/warmup/controller-stdout.txt,1244,eaaf235602f66bf856823b1ccfc58486799ae8cf45de2982daa9a33201201e39,"[""animehacker-d8400511994a8adeeea2""]",,,,retain_active,recovery-5ec36c25826c
animehacker-tq3-0,experiments/raw-results/animehacker-tq3-0/2026-07-18/runtime/AH-09-rejected-flash-env-only/warmup/events.jsonl,experiments/raw-results/retained/animehacker-tq3-0/2026-07-18/runtime/AH-09-rejected-flash-env-only/warmup/events.jsonl,95150,e61a5fafa90c238f958e644db0f8913ca7d52a70052e40bacd58fe7f49f772c1,"[""animehacker-b932e7df17aab1b40864""]",,,,retain_active,recovery-5ec36c25826c
animehacker-tq3-0,experiments/raw-results/animehacker-tq3-0/2026-07-18/runtime/AH-09-rejected-flash-env-only/warmup/measurement.json,experiments/raw-results/retained/animehacker-tq3-0/2026-07-18/runtime/AH-09-rejected-flash-env-only/warmup/measurement.json,1414,8d6af3f2f5060f0ad53f5cbe836b8c0900a99420cf8fd809b8040faa5c6666bd,"[""animehacker-a45313a6e2b6e2c2d879""]",,,,retain_active,recovery-5ec36c25826c
animehacker-tq3-0,experiments/raw-results/animehacker-tq3-0/2026-07-18/runtime/AH-09-rejected-flash-env-only/warmup/stderr.txt,experiments/raw-results/retained/animehacker-tq3-0/2026-07-18/runtime/AH-09-rejected-flash-env-only/warmup/stderr.txt,46225,60e66c3291e1319d3d7636ea460de6ca37d2599cd30613505ef8afebbb6cd739,"[""animehacker-d288d307f750c71c9eda""]",,,,retain_active,recovery-5ec36c25826c
animehacker-tq3-0,experiments/raw-results/animehacker-tq3-0/2026-07-18/runtime/AH-09-rejected-flash-env-only/warmup/stdout.txt,experiments/raw-results/retained/animehacker-tq3-0/2026-07-18/runtime/AH-09-rejected-flash-env-only/warmup/stdout.txt,0,e3b0c44298fc1c149afbf4c8996fb92427ae41e4649b934ca495991b7852b855,"[""animehacker-685c77cc1a22e10f826a""]",,,,retain_active,recovery-5ec36c25826c
animehacker-tq3-0,experiments/raw-results/animehacker-tq3-0/2026-07-18/runtime/AH-09-rejected-flash-env-only/warmup/utilization-samples.csv,experiments/raw-results/retained/animehacker-tq3-0/2026-07-18/runtime/AH-09-rejected-flash-env-only/warmup/utilization-samples.csv,162,f9ff0f526dd692bb93934917a87ef4cf2b8017684dc60f8ee68f0a87f6f9a6d2,"[""animehacker-d8befae993e7a1a79934""]",,,,retain_active,recovery-5ec36c25826c
animehacker-tq3-0,experiments/raw-results/animehacker-tq3-0/2026-07-18/runtime/AH-09-sycl-recovery/level-zero-environment.json,experiments/raw-results/retained/animehacker-tq3-0/2026-07-18/runtime/AH-09-sycl-recovery/level-zero-environment.json,47,0736186de04028204eb0092d670465aaae13de1b8ca45bfbd1fcc49fe2d36317,"[""animehacker-d99f420ff1252bc4c6b9""]",,,,retain_active,recovery-5ec36c25826c
animehacker-tq3-0,experiments/raw-results/animehacker-tq3-0/2026-07-18/runtime/AH-09-sycl-recovery/server-chat-template-pilot/.utilization-ready,experiments/raw-results/retained/animehacker-tq3-0/2026-07-18/runtime/AH-09-sycl-recovery/server-chat-template-pilot/.utilization-ready,7,83e24203f3532a5d379e2dfcab2a0bffa0b0d059eddc22ab04155ed229343ef3,"[""animehacker-b261027a044501009df4""]",,,,retain_active,recovery-5ec36c25826c
animehacker-tq3-0,experiments/raw-results/animehacker-tq3-0/2026-07-18/runtime/AH-09-sycl-recovery/server-chat-template-pilot/.utilization-stop,experiments/raw-results/retained/animehacker-tq3-0/2026-07-18/runtime/AH-09-sycl-recovery/server-chat-template-pilot/.utilization-stop,4,6c45cb72a36e63d522aa54ed8adbd7a29a989474f2f77e0458af8800564ef3cb,"[""animehacker-9dc1a4d62a3307dc5c8d""]",,,,retain_active,recovery-5ec36c25826c
animehacker-tq3-0,experiments/raw-results/animehacker-tq3-0/2026-07-18/runtime/AH-09-sycl-recovery/server-chat-template-pilot/events.jsonl,experiments/raw-results/retained/animehacker-tq3-0/2026-07-18/runtime/AH-09-sycl-recovery/server-chat-template-pilot/events.jsonl,482466,7614ced37966a7fd513e05c5c57bf7af5feda56faf46e7a8595afeb3925b1978,"[""animehacker-d4fd0e41d451b7fa9391""]",,,,retain_active,recovery-5ec36c25826c
animehacker-tq3-0,experiments/raw-results/animehacker-tq3-0/2026-07-18/runtime/AH-09-sycl-recovery/server-chat-template-pilot/measurement.json,experiments/raw-results/retained/animehacker-tq3-0/2026-07-18/runtime/AH-09-sycl-recovery/server-chat-template-pilot/measurement.json,1486,e7c3ee20767a45a76a3d758e6c3a2caf816c5ccd8b94fa17befb36e482643d87,"[""animehacker-dc764c6d56ad4a13b864""]",,,,retain_active,recovery-5ec36c25826c
animehacker-tq3-0,experiments/raw-results/animehacker-tq3-0/2026-07-18/runtime/AH-09-sycl-recovery/server-chat-template-pilot/stderr.txt,experiments/raw-results/retained/animehacker-tq3-0/2026-07-18/runtime/AH-09-sycl-recovery/server-chat-template-pilot/stderr.txt,279582,64caff58bf798c17d8531f69a9b1d9a7a2d17e8cb8c891b442e7694891f41349,"[""animehacker-f243c51b5f9f77aa5251""]",,,,retain_active,recovery-5ec36c25826c
animehacker-tq3-0,experiments/raw-results/animehacker-tq3-0/2026-07-18/runtime/AH-09-sycl-recovery/server-chat-template-pilot/stdout.txt,experiments/raw-results/retained/animehacker-tq3-0/2026-07-18/runtime/AH-09-sycl-recovery/server-chat-template-pilot/stdout.txt,0,e3b0c44298fc1c149afbf4c8996fb92427ae41e4649b934ca495991b7852b855,"[""animehacker-a9ab2e43f85acbce5554""]",,,,retain_active,recovery-5ec36c25826c
animehacker-tq3-0,experiments/raw-results/animehacker-tq3-0/2026-07-18/runtime/AH-09-sycl-recovery/server-chat-template-pilot/utilization-samples.csv,experiments/raw-results/retained/animehacker-tq3-0/2026-07-18/runtime/AH-09-sycl-recovery/server-chat-template-pilot/utilization-samples.csv,1183,fa64cfb6c1f14ceb2253d4f76fb1dbed3a986210c35b5c154361eb864db6380d,"[""animehacker-435476798e2ac436d867""]",,,,retain_active,recovery-5ec36c25826c
animehacker-tq3-0,experiments/raw-results/animehacker-tq3-0/2026-07-18/runtime/AH-09-sycl-recovery/server-pilot-2/.utilization-ready,experiments/raw-results/retained/animehacker-tq3-0/2026-07-18/runtime/AH-09-sycl-recovery/server-pilot-2/.utilization-ready,7,83e24203f3532a5d379e2dfcab2a0bffa0b0d059eddc22ab04155ed229343ef3,"[""animehacker-50700bcc9868951a01e8""]",,,,retain_active,recovery-5ec36c25826c
animehacker-tq3-0,experiments/raw-results/animehacker-tq3-0/2026-07-18/runtime/AH-09-sycl-recovery/server-pilot-2/.utilization-stop,experiments/raw-results/retained/animehacker-tq3-0/2026-07-18/runtime/AH-09-sycl-recovery/server-pilot-2/.utilization-stop,4,6c45cb72a36e63d522aa54ed8adbd7a29a989474f2f77e0458af8800564ef3cb,"[""animehacker-71f91de043d87063d166""]",,,,retain_active,recovery-5ec36c25826c
animehacker-tq3-0,experiments/raw-results/animehacker-tq3-0/2026-07-18/runtime/AH-09-sycl-recovery/server-pilot-2/events.jsonl,experiments/raw-results/retained/animehacker-tq3-0/2026-07-18/runtime/AH-09-sycl-recovery/server-pilot-2/events.jsonl,103002,9b905a4ce7272470952c9c3415b9cb1aeedd3d7952c427765c33e7b742f47675,"[""animehacker-2305ee0a61d3fbb10325""]",,,,retain_active,recovery-5ec36c25826c
animehacker-tq3-0,experiments/raw-results/animehacker-tq3-0/2026-07-18/runtime/AH-09-sycl-recovery/server-pilot-2/measurement.json,experiments/raw-results/retained/animehacker-tq3-0/2026-07-18/runtime/AH-09-sycl-recovery/server-pilot-2/measurement.json,1423,75225d9b046d4438ceb7d1b04ce15757891f012f816adddb58eb58cd2818e609,"[""animehacker-dfd6e44515dffa9ba707""]",,,,retain_active,recovery-5ec36c25826c
animehacker-tq3-0,experiments/raw-results/animehacker-tq3-0/2026-07-18/runtime/AH-09-sycl-recovery/server-pilot-2/stderr.txt,experiments/raw-results/retained/animehacker-tq3-0/2026-07-18/runtime/AH-09-sycl-recovery/server-pilot-2/stderr.txt,45649,ea50e2b396a0998e2361c33daf4b6b43e68765fb7b79b8d89ad8ec6ffc1ba69a,"[""animehacker-826fa8d245903e850d47""]",,,,retain_active,recovery-5ec36c25826c
animehacker-tq3-0,experiments/raw-results/animehacker-tq3-0/2026-07-18/runtime/AH-09-sycl-recovery/server-pilot-2/stdout.txt,experiments/raw-results/retained/animehacker-tq3-0/2026-07-18/runtime/AH-09-sycl-recovery/server-pilot-2/stdout.txt,0,e3b0c44298fc1c149afbf4c8996fb92427ae41e4649b934ca495991b7852b855,"[""animehacker-bb008dfe495c1693624b""]",,,,retain_active,recovery-5ec36c25826c
animehacker-tq3-0,experiments/raw-results/animehacker-tq3-0/2026-07-18/runtime/AH-09-sycl-recovery/server-pilot-2/utilization-samples.csv,experiments/raw-results/retained/animehacker-tq3-0/2026-07-18/runtime/AH-09-sycl-recovery/server-pilot-2/utilization-samples.csv,161,26d01797baad8bc01fa82e0ae4b9f3811257b02599db26eb49f7e8bc816c7e0f,"[""animehacker-8fed4d445a395a88e761""]",,,,retain_active,recovery-5ec36c25826c
animehacker-tq3-0,experiments/raw-results/animehacker-tq3-0/2026-07-18/runtime/AH-09-sycl-recovery/server-pilot/events.jsonl,experiments/raw-results/retained/animehacker-tq3-0/2026-07-18/runtime/AH-09-sycl-recovery/server-pilot/events.jsonl,255,e6ea7789f8e23edca35393d3cdae792537f66a70444365bf19999e87924c5f42,"[""animehacker-a2859ec3f81e0ecce478""]",,,,retain_active,recovery-5ec36c25826c
animehacker-tq3-0,experiments/raw-results/animehacker-tq3-0/2026-07-18/runtime/AH-09-sycl-recovery/server-pilot/measurement.json,experiments/raw-results/retained/animehacker-tq3-0/2026-07-18/runtime/AH-09-sycl-recovery/server-pilot/measurement.json,1148,321c464daafa8de74f9351beadbabd06df463fd84af8b5b187aee4e40f2d5c7c,"[""animehacker-5b3a0be7d78f4718c5b3""]",,,,retain_active,recovery-5ec36c25826c
animehacker-tq3-0,experiments/raw-results/animehacker-tq3-0/2026-07-18/runtime/AH-09-sycl-recovery/server-pilot/stderr.txt,experiments/raw-results/retained/animehacker-tq3-0/2026-07-18/runtime/AH-09-sycl-recovery/server-pilot/stderr.txt,0,e3b0c44298fc1c149afbf4c8996fb92427ae41e4649b934ca495991b7852b855,"[""animehacker-14b53cc315ff523d1f8b""]",,,,retain_active,recovery-5ec36c25826c
animehacker-tq3-0,experiments/raw-results/animehacker-tq3-0/2026-07-18/runtime/AH-09-sycl-recovery/server-pilot/stdout.txt,experiments/raw-results/retained/animehacker-tq3-0/2026-07-18/runtime/AH-09-sycl-recovery/server-pilot/stdout.txt,0,e3b0c44298fc1c149afbf4c8996fb92427ae41e4649b934ca495991b7852b855,"[""animehacker-dfe4012e0dbaf26309a9""]",,,,retain_active,recovery-5ec36c25826c
animehacker-tq3-0,experiments/raw-results/animehacker-tq3-0/2026-07-18/runtime/AH-09/environment.json,experiments/raw-results/retained/animehacker-tq3-0/2026-07-18/runtime/AH-09/environment.json,82,fa014b76419ccacfb260c5810b354230de84d6b2d0b8f0914534f07214ff6f56,"[""animehacker-c4e4c116aa1023cc7baf""]",,,,retain_active,recovery-5ec36c25826c
animehacker-tq3-0,experiments/raw-results/animehacker-tq3-0/2026-07-18/runtime/AH-09/model.json,experiments/raw-results/retained/animehacker-tq3-0/2026-07-18/runtime/AH-09/model.json,236,ef47576d50939008fe638786a2a8492509b3f81b1c3f7f5a48ba9ccd19c8bdcb,"[""animehacker-6300366e82af9aaa3c3a""]",,,,retain_active,recovery-5ec36c25826c
animehacker-tq3-0,experiments/raw-results/animehacker-tq3-0/2026-07-18/runtime/AH-09/pilot/.utilization-ready,experiments/raw-results/retained/animehacker-tq3-0/2026-07-18/runtime/AH-09/pilot/.utilization-ready,7,83e24203f3532a5d379e2dfcab2a0bffa0b0d059eddc22ab04155ed229343ef3,"[""animehacker-d381cebdb91ef29dfd3b""]",,,,retain_active,recovery-5ec36c25826c
animehacker-tq3-0,experiments/raw-results/animehacker-tq3-0/2026-07-18/runtime/AH-09/pilot/.utilization-stop,experiments/raw-results/retained/animehacker-tq3-0/2026-07-18/runtime/AH-09/pilot/.utilization-stop,4,6c45cb72a36e63d522aa54ed8adbd7a29a989474f2f77e0458af8800564ef3cb,"[""animehacker-e8bbd9dd4d7f58a516a5""]",,,,retain_active,recovery-5ec36c25826c
animehacker-tq3-0,experiments/raw-results/animehacker-tq3-0/2026-07-18/runtime/AH-09/pilot/activation.json,experiments/raw-results/retained/animehacker-tq3-0/2026-07-18/runtime/AH-09/pilot/activation.json,224,b281fafc1d4ca0ece2c0abc878d34e9180f62f213c86c20f579ed81effa82ad8,"[""animehacker-8d7369405eb5e3b1d37e""]",,,,retain_active,recovery-5ec36c25826c
animehacker-tq3-0,experiments/raw-results/animehacker-tq3-0/2026-07-18/runtime/AH-09/pilot/command.json,experiments/raw-results/retained/animehacker-tq3-0/2026-07-18/runtime/AH-09/pilot/command.json,2338,6cc0e1117ade04a9a0c95aec1d1715f111ca67268b24dafa1f8b586848ac2a20,"[""animehacker-0fb98d900bfca7545cdb""]",,,,retain_active,recovery-5ec36c25826c
animehacker-tq3-0,experiments/raw-results/animehacker-tq3-0/2026-07-18/runtime/AH-09/pilot/controller-stderr.txt,experiments/raw-results/retained/animehacker-tq3-0/2026-07-18/runtime/AH-09/pilot/controller-stderr.txt,0,e3b0c44298fc1c149afbf4c8996fb92427ae41e4649b934ca495991b7852b855,"[""animehacker-d56da5eee7bb2743119a""]",,,,retain_active,recovery-5ec36c25826c
animehacker-tq3-0,experiments/raw-results/animehacker-tq3-0/2026-07-18/runtime/AH-09/pilot/controller-stdout.txt,experiments/raw-results/retained/animehacker-tq3-0/2026-07-18/runtime/AH-09/pilot/controller-stdout.txt,1113,1458a29fade0d236366ba40aa68be4e6a963e156a9eb11eb089620217c77bae2,"[""animehacker-f90474e2ab31b5a189b6""]",,,,retain_active,recovery-5ec36c25826c
animehacker-tq3-0,experiments/raw-results/animehacker-tq3-0/2026-07-18/runtime/AH-09/pilot/events.jsonl,experiments/raw-results/retained/animehacker-tq3-0/2026-07-18/runtime/AH-09/pilot/events.jsonl,83414,e4d0214cbeccf0034cbcb5c653198a90d2bc7c0b727dafd90114550d0b40c6d2,"[""animehacker-02bdddf0cdd7ea6d2313""]",,,,retain_active,recovery-5ec36c25826c
animehacker-tq3-0,experiments/raw-results/animehacker-tq3-0/2026-07-18/runtime/AH-09/pilot/measurement.json,experiments/raw-results/retained/animehacker-tq3-0/2026-07-18/runtime/AH-09/pilot/measurement.json,1275,d5ff5671b84737b81c3a530d945f12399f112febff852d3e08922501e99abf91,"[""animehacker-6bda271f60c0dcb1f275""]",,,,retain_active,recovery-5ec36c25826c
animehacker-tq3-0,experiments/raw-results/animehacker-tq3-0/2026-07-18/runtime/AH-09/pilot/stderr.txt,experiments/raw-results/retained/animehacker-tq3-0/2026-07-18/runtime/AH-09/pilot/stderr.txt,40378,62f318f81312ecaf963ed9ae0b0f718aeb016e1bd28ea9c8b77fc4e57160e3a9,"[""animehacker-d12949c4cc319394e9a6""]",,,,retain_active,recovery-5ec36c25826c
animehacker-tq3-0,experiments/raw-results/animehacker-tq3-0/2026-07-18/runtime/AH-09/pilot/stdout.txt,experiments/raw-results/retained/animehacker-tq3-0/2026-07-18/runtime/AH-09/pilot/stdout.txt,0,e3b0c44298fc1c149afbf4c8996fb92427ae41e4649b934ca495991b7852b855,"[""animehacker-c6ac5439c66496054a2c""]",,,,retain_active,recovery-5ec36c25826c
animehacker-tq3-0,experiments/raw-results/animehacker-tq3-0/2026-07-18/runtime/AH-09/pilot/utilization-samples.csv,experiments/raw-results/retained/animehacker-tq3-0/2026-07-18/runtime/AH-09/pilot/utilization-samples.csv,162,e5ea2c6d32bae62267b27d33a674b7cab91c49ae962a09fa6f9966da87abc3ff,"[""animehacker-e1bdd7a5efdf765c1b8a""]",,,,retain_active,recovery-5ec36c25826c
animehacker-tq3-0,experiments/raw-results/animehacker-tq3-0/2026-07-18/runtime/AH-09/sample-1/.utilization-ready,experiments/raw-results/retained/animehacker-tq3-0/2026-07-18/runtime/AH-09/sample-1/.utilization-ready,7,83e24203f3532a5d379e2dfcab2a0bffa0b0d059eddc22ab04155ed229343ef3,"[""animehacker-f29f8b7056ab76b9fd60""]",,,,retain_active,recovery-5ec36c25826c
animehacker-tq3-0,experiments/raw-results/animehacker-tq3-0/2026-07-18/runtime/AH-09/sample-1/.utilization-stop,experiments/raw-results/retained/animehacker-tq3-0/2026-07-18/runtime/AH-09/sample-1/.utilization-stop,4,6c45cb72a36e63d522aa54ed8adbd7a29a989474f2f77e0458af8800564ef3cb,"[""animehacker-38849ad13cd58c0e12d4""]",,,,retain_active,recovery-5ec36c25826c
animehacker-tq3-0,experiments/raw-results/animehacker-tq3-0/2026-07-18/runtime/AH-09/sample-1/activation.json,experiments/raw-results/retained/animehacker-tq3-0/2026-07-18/runtime/AH-09/sample-1/activation.json,224,b281fafc1d4ca0ece2c0abc878d34e9180f62f213c86c20f579ed81effa82ad8,"[""animehacker-9ba139c302ba36b5f6c9""]",,,,retain_active,recovery-5ec36c25826c
animehacker-tq3-0,experiments/raw-results/animehacker-tq3-0/2026-07-18/runtime/AH-09/sample-1/command.json,experiments/raw-results/retained/animehacker-tq3-0/2026-07-18/runtime/AH-09/sample-1/command.json,2234,f8208ce0a1d112d01e512107e9cd783c31d3f66e1708dbaabf7b1266eb67cea7,"[""animehacker-891cc231e081109f41a3""]",,,,retain_active,recovery-5ec36c25826c
animehacker-tq3-0,experiments/raw-results/animehacker-tq3-0/2026-07-18/runtime/AH-09/sample-1/controller-stderr.txt,experiments/raw-results/retained/animehacker-tq3-0/2026-07-18/runtime/AH-09/sample-1/controller-stderr.txt,0,e3b0c44298fc1c149afbf4c8996fb92427ae41e4649b934ca495991b7852b855,"[""animehacker-58bf5d9737268f6cd7b4""]",,,,retain_active,recovery-5ec36c25826c
animehacker-tq3-0,experiments/raw-results/animehacker-tq3-0/2026-07-18/runtime/AH-09/sample-1/controller-stdout.txt,experiments/raw-results/retained/animehacker-tq3-0/2026-07-18/runtime/AH-09/sample-1/controller-stdout.txt,1243,c83972a85a76acd903dc5dd2a1a0a57d32299cf0c59c8f3e5f0fda03160fa159,"[""animehacker-7abeef1e6bdd27aeab5f""]",,,,retain_active,recovery-5ec36c25826c
animehacker-tq3-0,experiments/raw-results/animehacker-tq3-0/2026-07-18/runtime/AH-09/sample-1/events.jsonl,experiments/raw-results/retained/animehacker-tq3-0/2026-07-18/runtime/AH-09/sample-1/events.jsonl,95329,8d7c0b4980dd056e1baf074d93ce1501d691dfac69df8f677a7d92489083e96e,"[""animehacker-43ed62850f16c2cea367""]",,,,retain_active,recovery-5ec36c25826c
animehacker-tq3-0,experiments/raw-results/animehacker-tq3-0/2026-07-18/runtime/AH-09/sample-1/measurement.json,experiments/raw-results/retained/animehacker-tq3-0/2026-07-18/runtime/AH-09/sample-1/measurement.json,1413,45baab3dc40e19e169abb1b875d368f8248c6bc3d1c95bd21b435965a0f82145,"[""animehacker-4dbf2c4d3aa43b35e076""]",,,,retain_active,recovery-5ec36c25826c
animehacker-tq3-0,experiments/raw-results/animehacker-tq3-0/2026-07-18/runtime/AH-09/sample-1/stderr.txt,experiments/raw-results/retained/animehacker-tq3-0/2026-07-18/runtime/AH-09/sample-1/stderr.txt,46224,7714d25bb3199385d4346d2705c84ccd23a0c7b6963a2dc65d206c968147fb63,"[""animehacker-27d08daec9274659042b""]",,,,retain_active,recovery-5ec36c25826c
animehacker-tq3-0,experiments/raw-results/animehacker-tq3-0/2026-07-18/runtime/AH-09/sample-1/stdout.txt,experiments/raw-results/retained/animehacker-tq3-0/2026-07-18/runtime/AH-09/sample-1/stdout.txt,0,e3b0c44298fc1c149afbf4c8996fb92427ae41e4649b934ca495991b7852b855,"[""animehacker-2c21bf64b01ccb4572b8""]",,,,retain_active,recovery-5ec36c25826c
animehacker-tq3-0,experiments/raw-results/animehacker-tq3-0/2026-07-18/runtime/AH-09/sample-1/utilization-samples.csv,experiments/raw-results/retained/animehacker-tq3-0/2026-07-18/runtime/AH-09/sample-1/utilization-samples.csv,162,35c5a57548119f024a548fcb8a8e6035aae7bb862b64b774f4daba20d28ecc48,"[""animehacker-1f484370c3300a11703d""]",,,,retain_active,recovery-5ec36c25826c
animehacker-tq3-0,experiments/raw-results/animehacker-tq3-0/2026-07-18/runtime/AH-09/sample-2/.utilization-ready,experiments/raw-results/retained/animehacker-tq3-0/2026-07-18/runtime/AH-09/sample-2/.utilization-ready,7,83e24203f3532a5d379e2dfcab2a0bffa0b0d059eddc22ab04155ed229343ef3,"[""animehacker-7e614af3e6ec973e73db""]",,,,retain_active,recovery-5ec36c25826c
animehacker-tq3-0,experiments/raw-results/animehacker-tq3-0/2026-07-18/runtime/AH-09/sample-2/.utilization-stop,experiments/raw-results/retained/animehacker-tq3-0/2026-07-18/runtime/AH-09/sample-2/.utilization-stop,4,6c45cb72a36e63d522aa54ed8adbd7a29a989474f2f77e0458af8800564ef3cb,"[""animehacker-a29c042a2440ef1ce83c""]",,,,retain_active,recovery-5ec36c25826c
animehacker-tq3-0,experiments/raw-results/animehacker-tq3-0/2026-07-18/runtime/AH-09/sample-2/activation.json,experiments/raw-results/retained/animehacker-tq3-0/2026-07-18/runtime/AH-09/sample-2/activation.json,224,b281fafc1d4ca0ece2c0abc878d34e9180f62f213c86c20f579ed81effa82ad8,"[""animehacker-7dd9eab469d31da9b298""]",,,,retain_active,recovery-5ec36c25826c
animehacker-tq3-0,experiments/raw-results/animehacker-tq3-0/2026-07-18/runtime/AH-09/sample-2/command.json,experiments/raw-results/retained/animehacker-tq3-0/2026-07-18/runtime/AH-09/sample-2/command.json,2234,150d46b5c5b8adb16dc35052ba153ce0ea67384660485df9057df11fc1e975b7,"[""animehacker-8d625184eb52d0622421""]",,,,retain_active,recovery-5ec36c25826c
animehacker-tq3-0,experiments/raw-results/animehacker-tq3-0/2026-07-18/runtime/AH-09/sample-2/controller-stderr.txt,experiments/raw-results/retained/animehacker-tq3-0/2026-07-18/runtime/AH-09/sample-2/controller-stderr.txt,0,e3b0c44298fc1c149afbf4c8996fb92427ae41e4649b934ca495991b7852b855,"[""animehacker-7d01841214e0a0b12b3f""]",,,,retain_active,recovery-5ec36c25826c
animehacker-tq3-0,experiments/raw-results/animehacker-tq3-0/2026-07-18/runtime/AH-09/sample-2/controller-stdout.txt,experiments/raw-results/retained/animehacker-tq3-0/2026-07-18/runtime/AH-09/sample-2/controller-stdout.txt,1243,38aac0d80564ccf614f39395a81ad93fac21ce4d05fe6fbd5a4bd1b8c6086435,"[""animehacker-0b0201e7d773c79eca7b""]",,,,retain_active,recovery-5ec36c25826c
animehacker-tq3-0,experiments/raw-results/animehacker-tq3-0/2026-07-18/runtime/AH-09/sample-2/events.jsonl,experiments/raw-results/retained/animehacker-tq3-0/2026-07-18/runtime/AH-09/sample-2/events.jsonl,95163,b44ec47f3b67ad8043eb5903f743c891f2b9061c80a1814bea127be101641f23,"[""animehacker-009bbdea4e2688996bf1""]",,,,retain_active,recovery-5ec36c25826c
animehacker-tq3-0,experiments/raw-results/animehacker-tq3-0/2026-07-18/runtime/AH-09/sample-2/measurement.json,experiments/raw-results/retained/animehacker-tq3-0/2026-07-18/runtime/AH-09/sample-2/measurement.json,1413,9fabaa029f36716b767bd65a676df3814862543e032380929ac9f3efa73d520c,"[""animehacker-d2805af8a3b0c8227f90""]",,,,retain_active,recovery-5ec36c25826c
animehacker-tq3-0,experiments/raw-results/animehacker-tq3-0/2026-07-18/runtime/AH-09/sample-2/stderr.txt,experiments/raw-results/retained/animehacker-tq3-0/2026-07-18/runtime/AH-09/sample-2/stderr.txt,46224,0547070c49db58e89acd2bf3770571f52996f19a82802b167bbe819fb1a98b61,"[""animehacker-4f01fa42bab94cbe3c07""]",,,,retain_active,recovery-5ec36c25826c
animehacker-tq3-0,experiments/raw-results/animehacker-tq3-0/2026-07-18/runtime/AH-09/sample-2/stdout.txt,experiments/raw-results/retained/animehacker-tq3-0/2026-07-18/runtime/AH-09/sample-2/stdout.txt,0,e3b0c44298fc1c149afbf4c8996fb92427ae41e4649b934ca495991b7852b855,"[""animehacker-5ad607cfbb9f548df544""]",,,,retain_active,recovery-5ec36c25826c
animehacker-tq3-0,experiments/raw-results/animehacker-tq3-0/2026-07-18/runtime/AH-09/sample-2/utilization-samples.csv,experiments/raw-results/retained/animehacker-tq3-0/2026-07-18/runtime/AH-09/sample-2/utilization-samples.csv,162,fe8756a4fe541ee9adfedec6773865799c179f2c89a242be6544a72dfa17bd7b,"[""animehacker-40e19993b4440324e1ea""]",,,,retain_active,recovery-5ec36c25826c
animehacker-tq3-0,experiments/raw-results/animehacker-tq3-0/2026-07-18/runtime/AH-09/sample-3/.utilization-ready,experiments/raw-results/retained/animehacker-tq3-0/2026-07-18/runtime/AH-09/sample-3/.utilization-ready,7,83e24203f3532a5d379e2dfcab2a0bffa0b0d059eddc22ab04155ed229343ef3,"[""animehacker-1ac31a2117909351cbf6""]",,,,retain_active,recovery-5ec36c25826c
animehacker-tq3-0,experiments/raw-results/animehacker-tq3-0/2026-07-18/runtime/AH-09/sample-3/.utilization-stop,experiments/raw-results/retained/animehacker-tq3-0/2026-07-18/runtime/AH-09/sample-3/.utilization-stop,4,6c45cb72a36e63d522aa54ed8adbd7a29a989474f2f77e0458af8800564ef3cb,"[""animehacker-e7e6df9bc7c6dc64723f""]",,,,retain_active,recovery-5ec36c25826c
animehacker-tq3-0,experiments/raw-results/animehacker-tq3-0/2026-07-18/runtime/AH-09/sample-3/activation.json,experiments/raw-results/retained/animehacker-tq3-0/2026-07-18/runtime/AH-09/sample-3/activation.json,224,b281fafc1d4ca0ece2c0abc878d34e9180f62f213c86c20f579ed81effa82ad8,"[""animehacker-5e09f579c9c73eb104e8""]",,,,retain_active,recovery-5ec36c25826c
animehacker-tq3-0,experiments/raw-results/animehacker-tq3-0/2026-07-18/runtime/AH-09/sample-3/command.json,experiments/raw-results/retained/animehacker-tq3-0/2026-07-18/runtime/AH-09/sample-3/command.json,2234,6012ecc2db831555d0f1f3dd4ec08b84b04bab2f82f5252cba032ac0fb419f7f,"[""animehacker-c615e30348b3705d82b7""]",,,,retain_active,recovery-5ec36c25826c
animehacker-tq3-0,experiments/raw-results/animehacker-tq3-0/2026-07-18/runtime/AH-09/sample-3/controller-stderr.txt,experiments/raw-results/retained/animehacker-tq3-0/2026-07-18/runtime/AH-09/sample-3/controller-stderr.txt,0,e3b0c44298fc1c149afbf4c8996fb92427ae41e4649b934ca495991b7852b855,"[""animehacker-a06c6fa59d4b1006a81d""]",,,,retain_active,recovery-5ec36c25826c
animehacker-tq3-0,experiments/raw-results/animehacker-tq3-0/2026-07-18/runtime/AH-09/sample-3/controller-stdout.txt,experiments/raw-results/retained/animehacker-tq3-0/2026-07-18/runtime/AH-09/sample-3/controller-stdout.txt,1237,e883319db4c4bdeb60ffbdcb722e474f7d0c8e619883510e1e5612f36a8f8c27,"[""animehacker-2afabbe66adf4e69d2ac""]",,,,retain_active,recovery-5ec36c25826c
animehacker-tq3-0,experiments/raw-results/animehacker-tq3-0/2026-07-18/runtime/AH-09/sample-3/events.jsonl,experiments/raw-results/retained/animehacker-tq3-0/2026-07-18/runtime/AH-09/sample-3/events.jsonl,95297,41ca1d8ee9c8acd553cca236e8c6c022b484a97574fd3aa4cdb5779cc4e61a6d,"[""animehacker-adc721d40284580fc5f9""]",,,,retain_active,recovery-5ec36c25826c
animehacker-tq3-0,experiments/raw-results/animehacker-tq3-0/2026-07-18/runtime/AH-09/sample-3/measurement.json,experiments/raw-results/retained/animehacker-tq3-0/2026-07-18/runtime/AH-09/sample-3/measurement.json,1407,941653fa3625f7e2824e8acf27a271741d4eb191a09b23f2123f91e080e1538e,"[""animehacker-c48f09c9da15966a98e2""]",,,,retain_active,recovery-5ec36c25826c
animehacker-tq3-0,experiments/raw-results/animehacker-tq3-0/2026-07-18/runtime/AH-09/sample-3/stderr.txt,experiments/raw-results/retained/animehacker-tq3-0/2026-07-18/runtime/AH-09/sample-3/stderr.txt,46214,fdd01a8f94897fae26345d731715fc667379b59b42e2793641ca36c6c796b73a,"[""animehacker-639b36727e9402d46aac""]",,,,retain_active,recovery-5ec36c25826c
animehacker-tq3-0,experiments/raw-results/animehacker-tq3-0/2026-07-18/runtime/AH-09/sample-3/stdout.txt,experiments/raw-results/retained/animehacker-tq3-0/2026-07-18/runtime/AH-09/sample-3/stdout.txt,0,e3b0c44298fc1c149afbf4c8996fb92427ae41e4649b934ca495991b7852b855,"[""animehacker-701ce00939ecc28fe42b""]",,,,retain_active,recovery-5ec36c25826c
animehacker-tq3-0,experiments/raw-results/animehacker-tq3-0/2026-07-18/runtime/AH-09/sample-3/utilization-samples.csv,experiments/raw-results/retained/animehacker-tq3-0/2026-07-18/runtime/AH-09/sample-3/utilization-samples.csv,162,b2f26afae46bd76f3ab850a7621d413f7af125d8d72df861195505971c3e052b,"[""animehacker-26b4ec9c2d6395365b3b""]",,,,retain_active,recovery-5ec36c25826c
animehacker-tq3-0,experiments/raw-results/animehacker-tq3-0/2026-07-18/runtime/AH-09/summary.json,experiments/raw-results/retained/animehacker-tq3-0/2026-07-18/runtime/AH-09/summary.json,7529,65f7f2c93acdca1564e3e5e2831fed942087ac382f34ebaf02f234dd2d76b9f3,"[""animehacker-196439fe39a5f94af850""]",,,,retain_active,recovery-5ec36c25826c
animehacker-tq3-0,experiments/raw-results/animehacker-tq3-0/2026-07-18/runtime/AH-09/warmup/.utilization-ready,experiments/raw-results/retained/animehacker-tq3-0/2026-07-18/runtime/AH-09/warmup/.utilization-ready,7,83e24203f3532a5d379e2dfcab2a0bffa0b0d059eddc22ab04155ed229343ef3,"[""animehacker-9c9b1fb3329a7d1e56df""]",,,,retain_active,recovery-5ec36c25826c
animehacker-tq3-0,experiments/raw-results/animehacker-tq3-0/2026-07-18/runtime/AH-09/warmup/.utilization-stop,experiments/raw-results/retained/animehacker-tq3-0/2026-07-18/runtime/AH-09/warmup/.utilization-stop,4,6c45cb72a36e63d522aa54ed8adbd7a29a989474f2f77e0458af8800564ef3cb,"[""animehacker-4ee3920f7b33357d9454""]",,,,retain_active,recovery-5ec36c25826c
animehacker-tq3-0,experiments/raw-results/animehacker-tq3-0/2026-07-18/runtime/AH-09/warmup/activation.json,experiments/raw-results/retained/animehacker-tq3-0/2026-07-18/runtime/AH-09/warmup/activation.json,224,b281fafc1d4ca0ece2c0abc878d34e9180f62f213c86c20f579ed81effa82ad8,"[""animehacker-56da17c9bd156f043343""]",,,,retain_active,recovery-5ec36c25826c
animehacker-tq3-0,experiments/raw-results/animehacker-tq3-0/2026-07-18/runtime/AH-09/warmup/command.json,experiments/raw-results/retained/animehacker-tq3-0/2026-07-18/runtime/AH-09/warmup/command.json,2230,05ead0b3689cfef649baa7d80219154d4ff4b97cb487d040bd1e2d833aa840d0,"[""animehacker-2f0988ec73ee504b2542""]",,,,retain_active,recovery-5ec36c25826c
animehacker-tq3-0,experiments/raw-results/animehacker-tq3-0/2026-07-18/runtime/AH-09/warmup/controller-stderr.txt,experiments/raw-results/retained/animehacker-tq3-0/2026-07-18/runtime/AH-09/warmup/controller-stderr.txt,0,e3b0c44298fc1c149afbf4c8996fb92427ae41e4649b934ca495991b7852b855,"[""animehacker-e98af125d516895f4b9e""]",,,,retain_active,recovery-5ec36c25826c
animehacker-tq3-0,experiments/raw-results/animehacker-tq3-0/2026-07-18/runtime/AH-09/warmup/controller-stdout.txt,experiments/raw-results/retained/animehacker-tq3-0/2026-07-18/runtime/AH-09/warmup/controller-stdout.txt,1244,eaaf235602f66bf856823b1ccfc58486799ae8cf45de2982daa9a33201201e39,"[""animehacker-411759c28e8733029e6b""]",,,,retain_active,recovery-5ec36c25826c
animehacker-tq3-0,experiments/raw-results/animehacker-tq3-0/2026-07-18/runtime/AH-09/warmup/events.jsonl,experiments/raw-results/retained/animehacker-tq3-0/2026-07-18/runtime/AH-09/warmup/events.jsonl,95150,e61a5fafa90c238f958e644db0f8913ca7d52a70052e40bacd58fe7f49f772c1,"[""animehacker-c8df23f3d495a25c4131""]",,,,retain_active,recovery-5ec36c25826c
animehacker-tq3-0,experiments/raw-results/animehacker-tq3-0/2026-07-18/runtime/AH-09/warmup/measurement.json,experiments/raw-results/retained/animehacker-tq3-0/2026-07-18/runtime/AH-09/warmup/measurement.json,1414,8d6af3f2f5060f0ad53f5cbe836b8c0900a99420cf8fd809b8040faa5c6666bd,"[""animehacker-cb2b905ef29e0245359b""]",,,,retain_active,recovery-5ec36c25826c
animehacker-tq3-0,experiments/raw-results/animehacker-tq3-0/2026-07-18/runtime/AH-09/warmup/stderr.txt,experiments/raw-results/retained/animehacker-tq3-0/2026-07-18/runtime/AH-09/warmup/stderr.txt,46225,60e66c3291e1319d3d7636ea460de6ca37d2599cd30613505ef8afebbb6cd739,"[""animehacker-a4d249ce69969b9eddea""]",,,,retain_active,recovery-5ec36c25826c
animehacker-tq3-0,experiments/raw-results/animehacker-tq3-0/2026-07-18/runtime/AH-09/warmup/stdout.txt,experiments/raw-results/retained/animehacker-tq3-0/2026-07-18/runtime/AH-09/warmup/stdout.txt,0,e3b0c44298fc1c149afbf4c8996fb92427ae41e4649b934ca495991b7852b855,"[""animehacker-a414eff77ebe99dfcf50""]",,,,retain_active,recovery-5ec36c25826c
animehacker-tq3-0,experiments/raw-results/animehacker-tq3-0/2026-07-18/runtime/AH-09/warmup/utilization-samples.csv,experiments/raw-results/retained/animehacker-tq3-0/2026-07-18/runtime/AH-09/warmup/utilization-samples.csv,162,f9ff0f526dd692bb93934917a87ef4cf2b8017684dc60f8ee68f0a87f6f9a6d2,"[""animehacker-81ba301716ece8e5e90c""]",,,,retain_active,recovery-5ec36c25826c
animehacker-tq3-0,experiments/raw-results/animehacker-tq3-0/2026-07-18/runtime/state.json,experiments/raw-results/retained/animehacker-tq3-0/2026-07-18/runtime/state.json,2595,25bd4e668fe6f443ec338f82d8e6db8cbb5e75dc44a10c200a52ce32003b4cbf,"[""animehacker-d0a6c059ef53abfb592a""]",,,,retain_active,recovery-5ec36c25826c
atomicbot-turboquant,experiments/raw-results/atomicbot-turboquant/2026-07-16/acquisition/metrics/AB-01/AB-01-formal-summary.json,experiments/raw-results/retained/atomicbot-turboquant/2026-07-16/acquisition/metrics/AB-01/AB-01-formal-summary.json,14591,f4dc5f4cc1abb9e77dab44c1b4308be2125e4ef54ff1861583f69f6c5c124975,"[""atomicbot-formal-throughput-source-f4dc5f4cc1abb9e7""]",,,,retain_active,recovery-5ec36c25826c
atomicbot-turboquant,experiments/raw-results/atomicbot-turboquant/2026-07-16/acquisition/metrics/AB-02/AB-02-formal-summary.json,experiments/raw-results/retained/atomicbot-turboquant/2026-07-16/acquisition/metrics/AB-02/AB-02-formal-summary.json,14517,4e79c93e598d7ebe141535bbdc969c0cb5465d9fbb2146ec095779bb96881a82,"[""atomicbot-formal-throughput-source-4e79c93e598d7ebe""]",,,,retain_active,recovery-5ec36c25826c
atomicbot-turboquant,experiments/raw-results/atomicbot-turboquant/2026-07-16/acquisition/metrics/AB-03/AB-03-formal-summary.json,experiments/raw-results/retained/atomicbot-turboquant/2026-07-16/acquisition/metrics/AB-03/AB-03-formal-summary.json,13845,8639469b84dd468eafb089104380f3cb7ea6b9153ba4a34e7ef67142eaf46664,"[""atomicbot-formal-throughput-source-8639469b84dd468e""]",,,,retain_active,recovery-5ec36c25826c
atomicbot-turboquant,experiments/raw-results/atomicbot-turboquant/2026-07-16/acquisition/metrics/AB-04/AB-04-formal-summary.json,experiments/raw-results/retained/atomicbot-turboquant/2026-07-16/acquisition/metrics/AB-04/AB-04-formal-summary.json,13620,22c5dc1be32155dc0265b4e67b089896e7eafc9a7bbeccf536e796a129ae9ccb,"[""atomicbot-formal-throughput-source-22c5dc1be32155dc""]",,,,retain_active,recovery-5ec36c25826c
atomicbot-turboquant,experiments/raw-results/atomicbot-turboquant/2026-07-16/acquisition/metrics/AB-05/AB-05-formal-summary.json,experiments/raw-results/retained/atomicbot-turboquant/2026-07-16/acquisition/metrics/AB-05/AB-05-formal-summary.json,13694,e51c0f0ed67d6679c09e92985309f577a25cc61c3455c3480dc57b688d632eca,"[""atomicbot-formal-throughput-source-e51c0f0ed67d6679""]",,,,retain_active,recovery-5ec36c25826c
atomicbot-turboquant,experiments/raw-results/atomicbot-turboquant/2026-07-16/acquisition/metrics/AB-06/AB-06-formal-summary.json,experiments/raw-results/retained/atomicbot-turboquant/2026-07-16/acquisition/metrics/AB-06/AB-06-formal-summary.json,13774,dcdd8d4b8df288ec5b14669fc4115a2d753b2713637abeaff32a64f8f4ac5aa4,"[""atomicbot-formal-throughput-source-dcdd8d4b8df288ec""]",,,,retain_active,recovery-5ec36c25826c
atomicbot-turboquant,experiments/raw-results/atomicbot-turboquant/2026-07-16/acquisition/metrics/AB-07/AB-07-formal-summary.json,experiments/raw-results/retained/atomicbot-turboquant/2026-07-16/acquisition/metrics/AB-07/AB-07-formal-summary.json,13537,3cd1fc7ad6fc75baed42f0db74ba1c8c9b984815734ae77afa38212ad4275f64,"[""atomicbot-formal-throughput-source-3cd1fc7ad6fc75ba""]",,,,retain_active,recovery-5ec36c25826c
atomicbot-turboquant,experiments/raw-results/atomicbot-turboquant/2026-07-16/acquisition/metrics/AB-08F/AB-08F-formal-summary.json,experiments/raw-results/retained/atomicbot-turboquant/2026-07-16/acquisition/metrics/AB-08F/AB-08F-formal-summary.json,13935,aac4bd0b23b6bbeb59fb26c3471bf027fec67072ad552756e2b411e21d194053,"[""atomicbot-formal-throughput-source-aac4bd0b23b6bbeb""]",,,,retain_active,recovery-5ec36c25826c
atomicbot-turboquant,experiments/raw-results/atomicbot-turboquant/2026-07-16/acquisition/metrics/AB-08Q/AB-08Q-formal-summary.json,experiments/raw-results/retained/atomicbot-turboquant/2026-07-16/acquisition/metrics/AB-08Q/AB-08Q-formal-summary.json,13929,42a1ae2ad863eb72e80f92586bc38fdd15d4e70a32bad2da361477b6995d6d4d,"[""atomicbot-formal-throughput-source-42a1ae2ad863eb72""]",,,,retain_active,recovery-5ec36c25826c
atomicbot-turboquant,experiments/raw-results/atomicbot-turboquant/2026-07-16/acquisition/metrics/AB-09/AB-09-formal-summary.json,experiments/raw-results/retained/atomicbot-turboquant/2026-07-16/acquisition/metrics/AB-09/AB-09-formal-summary.json,13755,06bff1890a79477a5287a77ed6710ee24a388f03dd5a305f39aa884cfffe31df,"[""atomicbot-formal-throughput-source-06bff1890a79477a""]",,,,retain_active,recovery-5ec36c25826c
atomicbot-turboquant,experiments/raw-results/atomicbot-turboquant/2026-07-16/acquisition/metrics/AB-10/AB-10-formal-summary.json,experiments/raw-results/retained/atomicbot-turboquant/2026-07-16/acquisition/metrics/AB-10/AB-10-formal-summary.json,13826,0915ba1b98540d53999796027c8e6cda5a97008f2d24f1e721140495524fcbba,"[""atomicbot-formal-throughput-source-0915ba1b98540d53""]",,,,retain_active,recovery-5ec36c25826c
atomicbot-turboquant,experiments/raw-results/atomicbot-turboquant/2026-07-16/acquisition/metrics/AB-11/AB-11-formal-summary.json,experiments/raw-results/retained/atomicbot-turboquant/2026-07-16/acquisition/metrics/AB-11/AB-11-formal-summary.json,15544,82ed10afb751a4960b4acef7d5715dd0bf1160fbd899f62fa55d42237f5d3116,"[""atomicbot-formal-throughput-source-82ed10afb751a496""]",,,,retain_active,recovery-5ec36c25826c
atomicbot-turboquant,experiments/raw-results/atomicbot-turboquant/2026-07-16/acquisition/metrics/AB-12/AB-12-formal-summary.json,experiments/raw-results/retained/atomicbot-turboquant/2026-07-16/acquisition/metrics/AB-12/AB-12-formal-summary.json,15683,2bf63156a88a6b29b91e8efaf1a4b95f866f366d4116cdf4b862e1c0d58b6201,"[""atomicbot-formal-throughput-source-2bf63156a88a6b29""]",,,,retain_active,recovery-5ec36c25826c
atomicbot-turboquant,experiments/raw-results/atomicbot-turboquant/2026-07-16/acquisition/metrics/AB-13/AB-13-formal-summary.json,experiments/raw-results/retained/atomicbot-turboquant/2026-07-16/acquisition/metrics/AB-13/AB-13-formal-summary.json,15791,a887065460d9be1d81df6b40d3da9c7a889dbde77d0670b0101e4f6b965aa987,"[""atomicbot-formal-throughput-source-a887065460d9be1d""]",,,,retain_active,recovery-5ec36c25826c
atomicbot-turboquant,experiments/raw-results/atomicbot-turboquant/2026-07-16/acquisition/metrics/AB-14/AB-14-formal-summary.json,experiments/raw-results/retained/atomicbot-turboquant/2026-07-16/acquisition/metrics/AB-14/AB-14-formal-summary.json,15664,04b35554d3107caad9965a46321971c3c1e54055f120a546a8eb8abdc9d54c87,"[""atomicbot-formal-throughput-source-04b35554d3107caa""]",,,,retain_active,recovery-5ec36c25826c
atomicbot-turboquant,experiments/raw-results/atomicbot-turboquant/2026-07-16/acquisition/metrics/AB-15/AB-15-formal-summary.json,experiments/raw-results/retained/atomicbot-turboquant/2026-07-16/acquisition/metrics/AB-15/AB-15-formal-summary.json,15679,05eed1af0843462b1b0698fd24fd5947d94eb4ddc311da8027c7bf767819a81c,"[""atomicbot-formal-throughput-source-05eed1af0843462b""]",,,,retain_active,recovery-5ec36c25826c
atomicbot-turboquant,experiments/raw-results/atomicbot-turboquant/2026-07-16/acquisition/metrics/AB-KV3-F16-4K/AB-KV3-F16-4K-formal-summary.json,experiments/raw-results/retained/atomicbot-turboquant/2026-07-16/acquisition/metrics/AB-KV3-F16-4K/AB-KV3-F16-4K-formal-summary.json,14088,269ef7a16247e2ca240d9016aef81249093805a53ea2640f3667e9f3cfde972c,"[""atomicbot-formal-throughput-source-269ef7a16247e2ca""]",,,,retain_active,recovery-5ec36c25826c
atomicbot-turboquant,experiments/raw-results/atomicbot-turboquant/2026-07-16/acquisition/results/AtomicBot_Environment_Manifest.json,experiments/raw-results/retained/atomicbot-turboquant/2026-07-16/acquisition/results/AtomicBot_Environment_Manifest.json,2431,84f761a6f791fde36703bdf0fab2518ecd6f25b3dd9ab2c5845ec55a6ad1d7c9,"[""atomicbot-environment-manifest-84f761a6f791fde3""]",,,,retain_active,recovery-5ec36c25826c
atomicbot-turboquant,experiments/raw-results/atomicbot-turboquant/2026-07-16/acquisition/results/AtomicBot_Failure_Log.csv,experiments/raw-results/retained/atomicbot-turboquant/2026-07-16/acquisition/results/AtomicBot_Failure_Log.csv,1656,45844b769c9b654b74f8a15ebf17c3b5845913a5ba7da7e734935120220b42e5,[],,,,retain_active,recovery-5ec36c25826c
atomicbot-turboquant,experiments/raw-results/atomicbot-turboquant/2026-07-16/acquisition/results/AtomicBot_Failure_Log.json,experiments/raw-results/retained/atomicbot-turboquant/2026-07-16/acquisition/results/AtomicBot_Failure_Log.json,2542,edd597640bd970c5108a072960064870026641fe339b31dae44dbacacb34db6c,"[""atomicbot-failure-log-edd597640bd970c5""]",,,,retain_active,recovery-5ec36c25826c
atomicbot-turboquant,experiments/raw-results/atomicbot-turboquant/2026-07-16/acquisition/results/AtomicBot_Master_Summary.json,experiments/raw-results/retained/atomicbot-turboquant/2026-07-16/acquisition/results/AtomicBot_Master_Summary.json,299767,7f9f199e9656751fdd8ddafdbdaadc6f132557effd75cfe30e1487739df3cb71,"[""atomicbot-master-summary-7f9f199e9656751f""]",,,,retain_active,recovery-5ec36c25826c
atomicbot-turboquant,experiments/raw-results/atomicbot-turboquant/2026-07-16/acquisition/results/AtomicBot_Model_Manifest.json,experiments/raw-results/retained/atomicbot-turboquant/2026-07-16/acquisition/results/AtomicBot_Model_Manifest.json,984,714c338abd8495c0a725df0c2eb02a738c08845611551a4f52ebee02f329ad3f,"[""atomicbot-model-manifest-714c338abd8495c0""]",,,,retain_active,recovery-5ec36c25826c
atomicbot-turboquant,experiments/raw-results/atomicbot-turboquant/2026-07-16/acquisition/results/AtomicBot_Perplexity_Summary.json,experiments/raw-results/retained/atomicbot-turboquant/2026-07-16/acquisition/results/AtomicBot_Perplexity_Summary.json,1546,090b69c956b6ee32e679567e5d89ab42330b20a25627554aea621a24706a507f,"[""atomicbot-perplexity-summary-090b69c956b6ee32""]",,,,retain_active,recovery-5ec36c25826c
atomicbot-turboquant,experiments/raw-results/atomicbot-turboquant/2026-07-16/safety-bypass/AB-15M/cli-throughput/sample-1/events.jsonl,experiments/raw-results/retained/atomicbot-turboquant/2026-07-16/safety-bypass/AB-15M/cli-throughput/sample-1/events.jsonl,38783,75bd0dd6694b11336b47c140db50b03b7b6442bff76a91fbe91a5f01a4d21dc5,"[""atomicbot-formal-throughput-source-75bd0dd6694b1133""]",,,,retain_active,recovery-5ec36c25826c
atomicbot-turboquant,experiments/raw-results/atomicbot-turboquant/2026-07-16/safety-bypass/AB-15M/cli-throughput/sample-1/stderr.txt,experiments/raw-results/retained/atomicbot-turboquant/2026-07-16/safety-bypass/AB-15M/cli-throughput/sample-1/stderr.txt,14645,35c57963d15a348e3e9c5f1572fafe3fb04be3b25f83429a572cd6f2dbef78f7,[],,,,retain_active,recovery-5ec36c25826c
atomicbot-turboquant,experiments/raw-results/atomicbot-turboquant/2026-07-16/safety-bypass/AB-15M/cli-throughput/sample-2/events.jsonl,experiments/raw-results/retained/atomicbot-turboquant/2026-07-16/safety-bypass/AB-15M/cli-throughput/sample-2/events.jsonl,38781,cbea1346c235b995e7ced14be04e7fa64ec8d4f3e8a166381e0d91c32105c1f6,"[""atomicbot-formal-throughput-source-cbea1346c235b995""]",,,,retain_active,recovery-5ec36c25826c
atomicbot-turboquant,experiments/raw-results/atomicbot-turboquant/2026-07-16/safety-bypass/AB-15M/cli-throughput/sample-2/stderr.txt,experiments/raw-results/retained/atomicbot-turboquant/2026-07-16/safety-bypass/AB-15M/cli-throughput/sample-2/stderr.txt,14645,db5421fd3ae2b55cab3769947130abd22bac08dca8901b03edd11418141c6c6b,[],,,,retain_active,recovery-5ec36c25826c
atomicbot-turboquant,experiments/raw-results/atomicbot-turboquant/2026-07-16/safety-bypass/AB-15M/cli-throughput/sample-3/events.jsonl,experiments/raw-results/retained/atomicbot-turboquant/2026-07-16/safety-bypass/AB-15M/cli-throughput/sample-3/events.jsonl,38856,6d63d4de9f01de383bb8a24e458271636fd3453f0566dd39706472cf692da25e,"[""atomicbot-formal-throughput-source-6d63d4de9f01de38""]",,,,retain_active,recovery-5ec36c25826c
atomicbot-turboquant,experiments/raw-results/atomicbot-turboquant/2026-07-16/safety-bypass/AB-15M/cli-throughput/sample-3/stderr.txt,experiments/raw-results/retained/atomicbot-turboquant/2026-07-16/safety-bypass/AB-15M/cli-throughput/sample-3/stderr.txt,14645,2f0c6f763878d0c5442c6576fd3ac4f244ca69ba564fba210ea237ea9dc9ec38,[],,,,retain_active,recovery-5ec36c25826c
atomicbot-turboquant,experiments/raw-results/atomicbot-turboquant/2026-07-16/safety-bypass/AB-15M/cli-throughput/warmup/stderr.txt,experiments/raw-results/retained/atomicbot-turboquant/2026-07-16/safety-bypass/AB-15M/cli-throughput/warmup/stderr.txt,14645,c3d5abf5df83dc2cea5723f4be94c9e30558c965db7c98ea719565a6dc2e2bff,[],,,,retain_active,recovery-5ec36c25826c
atomicbot-turboquant,experiments/raw-results/atomicbot-turboquant/2026-07-16/safety-bypass/AB-15M/pilot/stderr.txt,experiments/raw-results/retained/atomicbot-turboquant/2026-07-16/safety-bypass/AB-15M/pilot/stderr.txt,15967,3f4aee9c7a43667b25d9ea31a8efb85efd2eef17d961dcc8ddb806dfb4338f08,[],,,,retain_active,recovery-5ec36c25826c
atomicbot-turboquant,experiments/raw-results/atomicbot-turboquant/2026-07-16/safety-bypass/AB-15M/sample-1/stderr.txt,experiments/raw-results/retained/atomicbot-turboquant/2026-07-16/safety-bypass/AB-15M/sample-1/stderr.txt,15270,ac4a7c28a74e553fbb24360e6d44c515bca130d7bc67ce2f72a7704fc3c93b5b,[],,,,retain_active,recovery-5ec36c25826c
atomicbot-turboquant,experiments/raw-results/atomicbot-turboquant/2026-07-16/safety-bypass/AB-15M/sample-2/stderr.txt,experiments/raw-results/retained/atomicbot-turboquant/2026-07-16/safety-bypass/AB-15M/sample-2/stderr.txt,15270,827febcf0766cdd46efa80989a5aa3bd001655be8fbf989773f6fc3dcbd23131,[],,,,retain_active,recovery-5ec36c25826c
atomicbot-turboquant,experiments/raw-results/atomicbot-turboquant/2026-07-16/safety-bypass/AB-15M/sample-3/stderr.txt,experiments/raw-results/retained/atomicbot-turboquant/2026-07-16/safety-bypass/AB-15M/sample-3/stderr.txt,15270,3007fb7c2fefd155946cc392cd1af8726af55cd8d6330eee05bf9422c0859c2a,[],,,,retain_active,recovery-5ec36c25826c
atomicbot-turboquant,experiments/raw-results/atomicbot-turboquant/2026-07-16/safety-bypass/AB-15M/warmup/stderr.txt,experiments/raw-results/retained/atomicbot-turboquant/2026-07-16/safety-bypass/AB-15M/warmup/stderr.txt,15270,7b32fa01d7b3634314b39b8a23831251df9313dfb4bf9fbda71f37650f596d26,[],,,,retain_active,recovery-5ec36c25826c
atomicbot-turboquant,experiments/raw-results/atomicbot-turboquant/2026-07-16/safety-bypass/AB-KV8-F16-4K/cli-throughput/sample-1/events.jsonl,experiments/raw-results/retained/atomicbot-turboquant/2026-07-16/safety-bypass/AB-KV8-F16-4K/cli-throughput/sample-1/events.jsonl,34295,7a72e46cbf652d02a51bf7f487d01b9114b7f463813c60201212c17c2f769e86,"[""atomicbot-formal-throughput-source-7a72e46cbf652d02""]",,,,retain_active,recovery-5ec36c25826c
atomicbot-turboquant,experiments/raw-results/atomicbot-turboquant/2026-07-16/safety-bypass/AB-KV8-F16-4K/cli-throughput/sample-1/stderr.txt,experiments/raw-results/retained/atomicbot-turboquant/2026-07-16/safety-bypass/AB-KV8-F16-4K/cli-throughput/sample-1/stderr.txt,14378,2a6dc4c7b17e2e8dc59f2187e3dd59bd8d2a142df5d5c27ab13c2a899ae659d9,[],,,,retain_active,recovery-5ec36c25826c
atomicbot-turboquant,experiments/raw-results/atomicbot-turboquant/2026-07-16/safety-bypass/AB-KV8-F16-4K/cli-throughput/sample-2/events.jsonl,experiments/raw-results/retained/atomicbot-turboquant/2026-07-16/safety-bypass/AB-KV8-F16-4K/cli-throughput/sample-2/events.jsonl,34513,2610ce93211eb21fc446424e411d151c8f03309d63953a0612f67b110d242eab,"[""atomicbot-formal-throughput-source-2610ce93211eb21f""]",,,,retain_active,recovery-5ec36c25826c
atomicbot-turboquant,experiments/raw-results/atomicbot-turboquant/2026-07-16/safety-bypass/AB-KV8-F16-4K/cli-throughput/sample-2/stderr.txt,experiments/raw-results/retained/atomicbot-turboquant/2026-07-16/safety-bypass/AB-KV8-F16-4K/cli-throughput/sample-2/stderr.txt,14378,fdf370543b58db1804e382d85a0a950da9965646ce10aa2141b6043c2e68d4f2,[],,,,retain_active,recovery-5ec36c25826c
atomicbot-turboquant,experiments/raw-results/atomicbot-turboquant/2026-07-16/safety-bypass/AB-KV8-F16-4K/cli-throughput/sample-3/events.jsonl,experiments/raw-results/retained/atomicbot-turboquant/2026-07-16/safety-bypass/AB-KV8-F16-4K/cli-throughput/sample-3/events.jsonl,35042,8802adf6c7325d1711ea77e1b33a67e9b65256c0eb41048ab94935a80da0c6c5,"[""atomicbot-formal-throughput-source-8802adf6c7325d17""]",,,,retain_active,recovery-5ec36c25826c
atomicbot-turboquant,experiments/raw-results/atomicbot-turboquant/2026-07-16/safety-bypass/AB-KV8-F16-4K/cli-throughput/sample-3/stderr.txt,experiments/raw-results/retained/atomicbot-turboquant/2026-07-16/safety-bypass/AB-KV8-F16-4K/cli-throughput/sample-3/stderr.txt,14378,86f713b2839dea47d79f7fcb7578d9b356878bffa7bd249409047ced34653a03,[],,,,retain_active,recovery-5ec36c25826c
atomicbot-turboquant,experiments/raw-results/atomicbot-turboquant/2026-07-16/safety-bypass/AB-KV8-F16-4K/cli-throughput/warmup/stderr.txt,experiments/raw-results/retained/atomicbot-turboquant/2026-07-16/safety-bypass/AB-KV8-F16-4K/cli-throughput/warmup/stderr.txt,14378,7fac4e6ee740c4bf36a8117b4cb8c404e1ffc571cd183f20df9a5cb79fa639e9,[],,,,retain_active,recovery-5ec36c25826c
atomicbot-turboquant,experiments/raw-results/atomicbot-turboquant/2026-07-16/safety-bypass/AB-KV8-F16-4K/pilot/stderr.txt,experiments/raw-results/retained/atomicbot-turboquant/2026-07-16/safety-bypass/AB-KV8-F16-4K/pilot/stderr.txt,14924,b7a8c39eac16fe78131cdb5784db57f67289b61141100702a368a1da29e1617e,[],,,,retain_active,recovery-5ec36c25826c
atomicbot-turboquant,experiments/raw-results/atomicbot-turboquant/2026-07-16/safety-bypass/AB-KV8-F16-4K/sample-1/stderr.txt,experiments/raw-results/retained/atomicbot-turboquant/2026-07-16/safety-bypass/AB-KV8-F16-4K/sample-1/stderr.txt,14924,828237ecba60c27173b5e4ba0fb275c6d3797b4c1cafa17c7dad9f0f4ef4d113,[],,,,retain_active,recovery-5ec36c25826c
atomicbot-turboquant,experiments/raw-results/atomicbot-turboquant/2026-07-16/safety-bypass/AB-KV8-F16-4K/sample-2/stderr.txt,experiments/raw-results/retained/atomicbot-turboquant/2026-07-16/safety-bypass/AB-KV8-F16-4K/sample-2/stderr.txt,14924,34a2f6c3b410965cb97632f1ac1b02bfd2540c64491965c7635733ca287cc603,[],,,,retain_active,recovery-5ec36c25826c
atomicbot-turboquant,experiments/raw-results/atomicbot-turboquant/2026-07-16/safety-bypass/AB-KV8-F16-4K/sample-3/stderr.txt,experiments/raw-results/retained/atomicbot-turboquant/2026-07-16/safety-bypass/AB-KV8-F16-4K/sample-3/stderr.txt,14924,ff89a5051aca510ab7d5629bce6790808c8152679f731fbc0fd09a79acb37a77,[],,,,retain_active,recovery-5ec36c25826c
atomicbot-turboquant,experiments/raw-results/atomicbot-turboquant/2026-07-16/safety-bypass/AB-KV8-F16-4K/warmup/stderr.txt,experiments/raw-results/retained/atomicbot-turboquant/2026-07-16/safety-bypass/AB-KV8-F16-4K/warmup/stderr.txt,14924,55c9395a51a6512229529f77f23577f9b1f1fbb5b0b6804aa82da0aa6ef99275,[],,,,retain_active,recovery-5ec36c25826c
atomicbot-turboquant,experiments/raw-results/atomicbot-turboquant/2026-07-16/server-metrics/AB-01/pilot/stderr.txt,experiments/raw-results/retained/atomicbot-turboquant/2026-07-16/server-metrics/AB-01/pilot/stderr.txt,16302,c56df58ba2e1976167260619f8b4033ae9a0e3a75f3d6a76515308e9c70f7d71,[],,,,retain_active,recovery-5ec36c25826c
atomicbot-turboquant,experiments/raw-results/atomicbot-turboquant/2026-07-16/server-metrics/AB-01/sample-1/stderr.txt,experiments/raw-results/retained/atomicbot-turboquant/2026-07-16/server-metrics/AB-01/sample-1/stderr.txt,16302,06c44580941bab1b86e683e9c25b98dd9a065b97fba52d6a88900205b999bed4,[],,,,retain_active,recovery-5ec36c25826c
atomicbot-turboquant,experiments/raw-results/atomicbot-turboquant/2026-07-16/server-metrics/AB-01/sample-2/stderr.txt,experiments/raw-results/retained/atomicbot-turboquant/2026-07-16/server-metrics/AB-01/sample-2/stderr.txt,16302,5dcb0ad49ee270eb027e274af38d140b4b17facd9cf19cd39b30459c45c5448c,[],,,,retain_active,recovery-5ec36c25826c
atomicbot-turboquant,experiments/raw-results/atomicbot-turboquant/2026-07-16/server-metrics/AB-01/sample-3/stderr.txt,experiments/raw-results/retained/atomicbot-turboquant/2026-07-16/server-metrics/AB-01/sample-3/stderr.txt,16302,cf319a494c645f425bba9a1c5b64a69a01a68ea0cc532ee36663938312865796,[],,,,retain_active,recovery-5ec36c25826c
atomicbot-turboquant,experiments/raw-results/atomicbot-turboquant/2026-07-16/server-metrics/AB-01/warmup/stderr.txt,experiments/raw-results/retained/atomicbot-turboquant/2026-07-16/server-metrics/AB-01/warmup/stderr.txt,16302,579a816a55bcf16f65d0b88e3c71a5abff1f9851885e65e580f6f3690b646063,[],,,,retain_active,recovery-5ec36c25826c
atomicbot-turboquant,experiments/raw-results/atomicbot-turboquant/2026-07-16/server-metrics/AB-02/pilot/stderr.txt,experiments/raw-results/retained/atomicbot-turboquant/2026-07-16/server-metrics/AB-02/pilot/stderr.txt,16480,0d7c761d8cb7b27eb9b1df92aa474ad305b345bb93036a9dcba66a5d4a244782,[],,,,retain_active,recovery-5ec36c25826c
atomicbot-turboquant,experiments/raw-results/atomicbot-turboquant/2026-07-16/server-metrics/AB-02/sample-1/stderr.txt,experiments/raw-results/retained/atomicbot-turboquant/2026-07-16/server-metrics/AB-02/sample-1/stderr.txt,16480,5fe9d183fe908e7dfdc10ba6a29e96301fa66f8b08b093a68fd4c5c4b101a14a,[],,,,retain_active,recovery-5ec36c25826c
atomicbot-turboquant,experiments/raw-results/atomicbot-turboquant/2026-07-16/server-metrics/AB-02/sample-2/stderr.txt,experiments/raw-results/retained/atomicbot-turboquant/2026-07-16/server-metrics/AB-02/sample-2/stderr.txt,16480,8ceb4f2ce3a67f81fe57c0152575eda80d164a1133ee8cb74588fbc666fc8c41,[],,,,retain_active,recovery-5ec36c25826c
atomicbot-turboquant,experiments/raw-results/atomicbot-turboquant/2026-07-16/server-metrics/AB-02/sample-3/stderr.txt,experiments/raw-results/retained/atomicbot-turboquant/2026-07-16/server-metrics/AB-02/sample-3/stderr.txt,16480,a3f519804640f5b639d9026ff0e4d4c151f1d4eb659128b009ba226c4e76a5f8,[],,,,retain_active,recovery-5ec36c25826c
atomicbot-turboquant,experiments/raw-results/atomicbot-turboquant/2026-07-16/server-metrics/AB-02/warmup/stderr.txt,experiments/raw-results/retained/atomicbot-turboquant/2026-07-16/server-metrics/AB-02/warmup/stderr.txt,16480,10933ae2e9b201f3ec66e1c3560265391303347c4637e2c25709a622c527b04e,[],,,,retain_active,recovery-5ec36c25826c
atomicbot-turboquant,experiments/raw-results/atomicbot-turboquant/2026-07-16/server-metrics/AB-03/pilot/stderr.txt,experiments/raw-results/retained/atomicbot-turboquant/2026-07-16/server-metrics/AB-03/pilot/stderr.txt,14973,e667897d0835fa7623e817ba6c170bc913a8b22753b0cdda58eb44ffcf22ded4,[],,,,retain_active,recovery-5ec36c25826c
atomicbot-turboquant,experiments/raw-results/atomicbot-turboquant/2026-07-16/server-metrics/AB-03/sample-1/stderr.txt,experiments/raw-results/retained/atomicbot-turboquant/2026-07-16/server-metrics/AB-03/sample-1/stderr.txt,15124,b962825411f88f1e061d8746ff27d1f2fda5dc9b588a0736a8fc77fe151aab8e,[],,,,retain_active,recovery-5ec36c25826c
atomicbot-turboquant,experiments/raw-results/atomicbot-turboquant/2026-07-16/server-metrics/AB-03/sample-2/stderr.txt,experiments/raw-results/retained/atomicbot-turboquant/2026-07-16/server-metrics/AB-03/sample-2/stderr.txt,15124,d1333db184a5d13952670fb1dff987236dccd98f953d8636e070cdfad471e337,[],,,,retain_active,recovery-5ec36c25826c
atomicbot-turboquant,experiments/raw-results/atomicbot-turboquant/2026-07-16/server-metrics/AB-03/sample-3/stderr.txt,experiments/raw-results/retained/atomicbot-turboquant/2026-07-16/server-metrics/AB-03/sample-3/stderr.txt,15124,2d6d7fb80bf4205f4ad772f0519506afa8d5684a4e40d5b1735faff02aa88190,[],,,,retain_active,recovery-5ec36c25826c
atomicbot-turboquant,experiments/raw-results/atomicbot-turboquant/2026-07-16/server-metrics/AB-03/warmup/stderr.txt,experiments/raw-results/retained/atomicbot-turboquant/2026-07-16/server-metrics/AB-03/warmup/stderr.txt,14973,2353af58e4fdf32519463d48eb7bad4dd0613b551d62afb4d083d21cf8b01d40,[],,,,retain_active,recovery-5ec36c25826c
atomicbot-turboquant,experiments/raw-results/atomicbot-turboquant/2026-07-16/server-metrics/AB-04/pilot/stderr.txt,experiments/raw-results/retained/atomicbot-turboquant/2026-07-16/server-metrics/AB-04/pilot/stderr.txt,14975,6812aeede88df7d47638afd2e56216b8107117e40c343a45d0c84fff0985982a,[],,,,retain_active,recovery-5ec36c25826c
atomicbot-turboquant,experiments/raw-results/atomicbot-turboquant/2026-07-16/server-metrics/AB-04/sample-1/stderr.txt,experiments/raw-results/retained/atomicbot-turboquant/2026-07-16/server-metrics/AB-04/sample-1/stderr.txt,15612,ab6f7cb3ffb86fc0f9841db8272ac77c6258a1918078fc8431b763726af40116,[],,,,retain_active,recovery-5ec36c25826c
atomicbot-turboquant,experiments/raw-results/atomicbot-turboquant/2026-07-16/server-metrics/AB-04/sample-2/stderr.txt,experiments/raw-results/retained/atomicbot-turboquant/2026-07-16/server-metrics/AB-04/sample-2/stderr.txt,15612,005d817ae3b6e4fd395af2e4182d634b7a75193fd34ea4ec412382ec734d2bb7,[],,,,retain_active,recovery-5ec36c25826c
atomicbot-turboquant,experiments/raw-results/atomicbot-turboquant/2026-07-16/server-metrics/AB-04/sample-3/stderr.txt,experiments/raw-results/retained/atomicbot-turboquant/2026-07-16/server-metrics/AB-04/sample-3/stderr.txt,15612,9ad654561f886a416e0e6a76f41debdec5a6d044768214cea912b6b1cf92a64a,[],,,,retain_active,recovery-5ec36c25826c
atomicbot-turboquant,experiments/raw-results/atomicbot-turboquant/2026-07-16/server-metrics/AB-04/warmup/stderr.txt,experiments/raw-results/retained/atomicbot-turboquant/2026-07-16/server-metrics/AB-04/warmup/stderr.txt,15612,a26421bd4641949d1a561418199996625db9ddf2ae2f7efb89b0a796ec0fa18e,[],,,,retain_active,recovery-5ec36c25826c
atomicbot-turboquant,experiments/raw-results/atomicbot-turboquant/2026-07-16/server-metrics/AB-05/pilot/stderr.txt,experiments/raw-results/retained/atomicbot-turboquant/2026-07-16/server-metrics/AB-05/pilot/stderr.txt,15246,84c60e2ea3840dc997ec4d7b06364bea30d383b8a1f93acca890f61168bb42e9,[],,,,retain_active,recovery-5ec36c25826c
atomicbot-turboquant,experiments/raw-results/atomicbot-turboquant/2026-07-16/server-metrics/AB-05/sample-1/stderr.txt,experiments/raw-results/retained/atomicbot-turboquant/2026-07-16/server-metrics/AB-05/sample-1/stderr.txt,15246,8d7a395d99b6d2d6c64e1f740e8b8745273d0d7f1cf2e6f974fcb55115d5dfdd,[],,,,retain_active,recovery-5ec36c25826c
atomicbot-turboquant,experiments/raw-results/atomicbot-turboquant/2026-07-16/server-metrics/AB-05/sample-2/stderr.txt,experiments/raw-results/retained/atomicbot-turboquant/2026-07-16/server-metrics/AB-05/sample-2/stderr.txt,15883,138a22201a232f43d98e014eceaafaf08fcb79432fe48a499cd2eff4a4739d86,[],,,,retain_active,recovery-5ec36c25826c
atomicbot-turboquant,experiments/raw-results/atomicbot-turboquant/2026-07-16/server-metrics/AB-05/sample-3/stderr.txt,experiments/raw-results/retained/atomicbot-turboquant/2026-07-16/server-metrics/AB-05/sample-3/stderr.txt,15883,8b4bf55f07f204b80c1ccc41993801444142cc8512f60b5458e91c0b2ce2ba5a,[],,,,retain_active,recovery-5ec36c25826c
atomicbot-turboquant,experiments/raw-results/atomicbot-turboquant/2026-07-16/server-metrics/AB-05/warmup/stderr.txt,experiments/raw-results/retained/atomicbot-turboquant/2026-07-16/server-metrics/AB-05/warmup/stderr.txt,15246,144252c0be463ec433d823f4f6e9ef8c54b44a3ad1b7c404da2339b52b7f6073,[],,,,retain_active,recovery-5ec36c25826c
atomicbot-turboquant,experiments/raw-results/atomicbot-turboquant/2026-07-16/server-metrics/AB-06/pilot/stderr.txt,experiments/raw-results/retained/atomicbot-turboquant/2026-07-16/server-metrics/AB-06/pilot/stderr.txt,15883,0fe475a179dd7891f179beb17b0655a5d0b89ecd6c0603bbab9be38193906ae7,[],,,,retain_active,recovery-5ec36c25826c
atomicbot-turboquant,experiments/raw-results/atomicbot-turboquant/2026-07-16/server-metrics/AB-06/sample-1/stderr.txt,experiments/raw-results/retained/atomicbot-turboquant/2026-07-16/server-metrics/AB-06/sample-1/stderr.txt,15883,def9b1778ca32b5f4ffd0496aead6acfdcad52e8ed9662c5c0d259b1152bcdf0,[],,,,retain_active,recovery-5ec36c25826c
atomicbot-turboquant,experiments/raw-results/atomicbot-turboquant/2026-07-16/server-metrics/AB-06/sample-2/stderr.txt,experiments/raw-results/retained/atomicbot-turboquant/2026-07-16/server-metrics/AB-06/sample-2/stderr.txt,15883,1c0ef92d36f23742635201265221609e5da44c1618aafd382d69578b79031d2b,[],,,,retain_active,recovery-5ec36c25826c
atomicbot-turboquant,experiments/raw-results/atomicbot-turboquant/2026-07-16/server-metrics/AB-06/sample-3/stderr.txt,experiments/raw-results/retained/atomicbot-turboquant/2026-07-16/server-metrics/AB-06/sample-3/stderr.txt,15883,bf3902b4d6f452dabffbd5a12ab7cbd0a1fdaf574e9ea549b5fe364c2fe7d302,[],,,,retain_active,recovery-5ec36c25826c
atomicbot-turboquant,experiments/raw-results/atomicbot-turboquant/2026-07-16/server-metrics/AB-06/warmup/stderr.txt,experiments/raw-results/retained/atomicbot-turboquant/2026-07-16/server-metrics/AB-06/warmup/stderr.txt,15883,0768dc4fcfdb4f16da6a7bce8896294e4d88fd0bf6b8756f41bc2206d3ca37e3,[],,,,retain_active,recovery-5ec36c25826c
atomicbot-turboquant,experiments/raw-results/atomicbot-turboquant/2026-07-16/server-metrics/AB-07/pilot/stderr.txt,experiments/raw-results/retained/atomicbot-turboquant/2026-07-16/server-metrics/AB-07/pilot/stderr.txt,15494,fa8b1505e423a6634c00cc191882c8c8a4af7598d27073b6a72620bed66cad9b,[],,,,retain_active,recovery-5ec36c25826c
atomicbot-turboquant,experiments/raw-results/atomicbot-turboquant/2026-07-16/server-metrics/AB-07/sample-1/stderr.txt,experiments/raw-results/retained/atomicbot-turboquant/2026-07-16/server-metrics/AB-07/sample-1/stderr.txt,15494,fc1e95bb6c63f93a92143ff59efece106b49743ca764bb92857e6a13d29ef633,[],,,,retain_active,recovery-5ec36c25826c
atomicbot-turboquant,experiments/raw-results/atomicbot-turboquant/2026-07-16/server-metrics/AB-07/sample-2/stderr.txt,experiments/raw-results/retained/atomicbot-turboquant/2026-07-16/server-metrics/AB-07/sample-2/stderr.txt,15494,48ef4ad1350a729c88bdee2e7c3abbbd903ca4d86153e71691b5c0e14e1d81c2,[],,,,retain_active,recovery-5ec36c25826c
atomicbot-turboquant,experiments/raw-results/atomicbot-turboquant/2026-07-16/server-metrics/AB-07/sample-3/stderr.txt,experiments/raw-results/retained/atomicbot-turboquant/2026-07-16/server-metrics/AB-07/sample-3/stderr.txt,15494,18d18d930ae7dd03e97dea1037bbc15d0630404439de293e9e9569cb8b7784b9,[],,,,retain_active,recovery-5ec36c25826c
atomicbot-turboquant,experiments/raw-results/atomicbot-turboquant/2026-07-16/server-metrics/AB-07/warmup/stderr.txt,experiments/raw-results/retained/atomicbot-turboquant/2026-07-16/server-metrics/AB-07/warmup/stderr.txt,15494,6f8f064aaf814cb48d5e84e5c3dfa6b9243773d6b32abf3f8d3eaf9fc4f253ee,[],,,,retain_active,recovery-5ec36c25826c
atomicbot-turboquant,experiments/raw-results/atomicbot-turboquant/2026-07-16/server-metrics/AB-08F/pilot/stderr.txt,experiments/raw-results/retained/atomicbot-turboquant/2026-07-16/server-metrics/AB-08F/pilot/stderr.txt,14924,a45252a1e001fe32bda673f3f375e1cae14b6a255996541f16e5e086e7d47497,[],,,,retain_active,recovery-5ec36c25826c
atomicbot-turboquant,experiments/raw-results/atomicbot-turboquant/2026-07-16/server-metrics/AB-08F/sample-1/stderr.txt,experiments/raw-results/retained/atomicbot-turboquant/2026-07-16/server-metrics/AB-08F/sample-1/stderr.txt,14924,33c5062789ae5b533b4ca46fe0e019df5925047de15b032030257f14b641f80c,[],,,,retain_active,recovery-5ec36c25826c
atomicbot-turboquant,experiments/raw-results/atomicbot-turboquant/2026-07-16/server-metrics/AB-08F/sample-2/stderr.txt,experiments/raw-results/retained/atomicbot-turboquant/2026-07-16/server-metrics/AB-08F/sample-2/stderr.txt,14924,12452bc069ae86088d71a4b39c3a33a4d43ab6c43acff8e345386a6a838d35f1,[],,,,retain_active,recovery-5ec36c25826c
atomicbot-turboquant,experiments/raw-results/atomicbot-turboquant/2026-07-16/server-metrics/AB-08F/sample-3/stderr.txt,experiments/raw-results/retained/atomicbot-turboquant/2026-07-16/server-metrics/AB-08F/sample-3/stderr.txt,14924,4b4cff0bc184ad0eb8db406fa031ad07b4730630270917f214286f200e562507,[],,,,retain_active,recovery-5ec36c25826c
atomicbot-turboquant,experiments/raw-results/atomicbot-turboquant/2026-07-16/server-metrics/AB-08F/warmup/stderr.txt,experiments/raw-results/retained/atomicbot-turboquant/2026-07-16/server-metrics/AB-08F/warmup/stderr.txt,14924,451facc4a6b6109ea672ed3f684648895e7dc00fb20b60fe1dfde181dffb7dcd,[],,,,retain_active,recovery-5ec36c25826c
atomicbot-turboquant,experiments/raw-results/atomicbot-turboquant/2026-07-16/server-metrics/AB-08Q/pilot/stderr.txt,experiments/raw-results/retained/atomicbot-turboquant/2026-07-16/server-metrics/AB-08Q/pilot/stderr.txt,15623,50f4e295f87d7b4f815993f70fd8efa802da7c23db2231f6baf6a76de738675d,[],,,,retain_active,recovery-5ec36c25826c
atomicbot-turboquant,experiments/raw-results/atomicbot-turboquant/2026-07-16/server-metrics/AB-08Q/sample-1/stderr.txt,experiments/raw-results/retained/atomicbot-turboquant/2026-07-16/server-metrics/AB-08Q/sample-1/stderr.txt,14926,3d65183e310783603a887f0ae86323348545065f601b9a8cdcd6b55c1930ffd5,[],,,,retain_active,recovery-5ec36c25826c
atomicbot-turboquant,experiments/raw-results/atomicbot-turboquant/2026-07-16/server-metrics/AB-08Q/sample-2/stderr.txt,experiments/raw-results/retained/atomicbot-turboquant/2026-07-16/server-metrics/AB-08Q/sample-2/stderr.txt,14926,d5e1d549f40aeafed357adddcab21c5a81e170d0ebe2c7497f1b4859dc7ed583,[],,,,retain_active,recovery-5ec36c25826c
atomicbot-turboquant,experiments/raw-results/atomicbot-turboquant/2026-07-16/server-metrics/AB-08Q/sample-3/stderr.txt,experiments/raw-results/retained/atomicbot-turboquant/2026-07-16/server-metrics/AB-08Q/sample-3/stderr.txt,14926,39a0b8e0b9da3f620488e265c87e924f47b852bd484297feff12f00815ada642,[],,,,retain_active,recovery-5ec36c25826c
atomicbot-turboquant,experiments/raw-results/atomicbot-turboquant/2026-07-16/server-metrics/AB-08Q/warmup/stderr.txt,experiments/raw-results/retained/atomicbot-turboquant/2026-07-16/server-metrics/AB-08Q/warmup/stderr.txt,14926,5246cde7c34317a1964694d2ecc32e39c16bab2d43f34db96acfa5293c5c4d4e,[],,,,retain_active,recovery-5ec36c25826c
atomicbot-turboquant,experiments/raw-results/atomicbot-turboquant/2026-07-16/server-metrics/AB-09/pilot/stderr.txt,experiments/raw-results/retained/atomicbot-turboquant/2026-07-16/server-metrics/AB-09/pilot/stderr.txt,15652,8819d36ed59001bfd5adb68753b4adbd6940ea5d8e07ab0510b31cbd966fa1bc,[],,,,retain_active,recovery-5ec36c25826c
atomicbot-turboquant,experiments/raw-results/atomicbot-turboquant/2026-07-16/server-metrics/AB-09/sample-1/stderr.txt,experiments/raw-results/retained/atomicbot-turboquant/2026-07-16/server-metrics/AB-09/sample-1/stderr.txt,15652,5779ef6b13116c886536294fd881bc2fcc0d44045df2f53a4bb509791ca723ce,[],,,,retain_active,recovery-5ec36c25826c
atomicbot-turboquant,experiments/raw-results/atomicbot-turboquant/2026-07-16/server-metrics/AB-09/sample-2/stderr.txt,experiments/raw-results/retained/atomicbot-turboquant/2026-07-16/server-metrics/AB-09/sample-2/stderr.txt,15652,de2cefab7173e70a06a2bc2d1981090538677db855c2d74a2609d7ef86ef157d,[],,,,retain_active,recovery-5ec36c25826c
atomicbot-turboquant,experiments/raw-results/atomicbot-turboquant/2026-07-16/server-metrics/AB-09/sample-3/stderr.txt,experiments/raw-results/retained/atomicbot-turboquant/2026-07-16/server-metrics/AB-09/sample-3/stderr.txt,15652,551a1275c3102fe5123ceda9557a4d69fd1a61e3269086d72694bfa609c682a9,[],,,,retain_active,recovery-5ec36c25826c
atomicbot-turboquant,experiments/raw-results/atomicbot-turboquant/2026-07-16/server-metrics/AB-09/warmup/stderr.txt,experiments/raw-results/retained/atomicbot-turboquant/2026-07-16/server-metrics/AB-09/warmup/stderr.txt,15652,36637b5f7a8be1682af87318c78300f070afce34c7fd00e8e35138a399693239,[],,,,retain_active,recovery-5ec36c25826c
atomicbot-turboquant,experiments/raw-results/atomicbot-turboquant/2026-07-16/server-metrics/AB-10/pilot/stderr.txt,experiments/raw-results/retained/atomicbot-turboquant/2026-07-16/server-metrics/AB-10/pilot/stderr.txt,15013,5520e6ac6bd7428650e4196fd0e49754831b44e30eb5ee489b86c5912a4b0f9f,[],,,,retain_active,recovery-5ec36c25826c
atomicbot-turboquant,experiments/raw-results/atomicbot-turboquant/2026-07-16/server-metrics/AB-10/sample-1/stderr.txt,experiments/raw-results/retained/atomicbot-turboquant/2026-07-16/server-metrics/AB-10/sample-1/stderr.txt,15013,37a392ae2a3e7939f881a23ff4697790110fe1c0f3a75b38a1761e76a542ea71,[],,,,retain_active,recovery-5ec36c25826c
atomicbot-turboquant,experiments/raw-results/atomicbot-turboquant/2026-07-16/server-metrics/AB-10/sample-2/stderr.txt,experiments/raw-results/retained/atomicbot-turboquant/2026-07-16/server-metrics/AB-10/sample-2/stderr.txt,15013,cdf064d2df772a0512d0fc95c5fafb62a10348ee250e581115a2f2a263be3bf8,[],,,,retain_active,recovery-5ec36c25826c
atomicbot-turboquant,experiments/raw-results/atomicbot-turboquant/2026-07-16/server-metrics/AB-10/sample-3/stderr.txt,experiments/raw-results/retained/atomicbot-turboquant/2026-07-16/server-metrics/AB-10/sample-3/stderr.txt,15013,9026f0d9ab0c024aa6cca84d6b690bb6a40a7493fb8599ca0263f596be6f581f,[],,,,retain_active,recovery-5ec36c25826c
atomicbot-turboquant,experiments/raw-results/atomicbot-turboquant/2026-07-16/server-metrics/AB-10/warmup/stderr.txt,experiments/raw-results/retained/atomicbot-turboquant/2026-07-16/server-metrics/AB-10/warmup/stderr.txt,15013,1589e0e7da049a37047cc7bde6dfe05662096c8c23a909229230028f6dd2d2fc,[],,,,retain_active,recovery-5ec36c25826c
atomicbot-turboquant,experiments/raw-results/atomicbot-turboquant/2026-07-16/server-metrics/AB-11/pilot/stderr.txt,experiments/raw-results/retained/atomicbot-turboquant/2026-07-16/server-metrics/AB-11/pilot/stderr.txt,15251,14f0b6eeec99c6fe8b4018047fb70b1fb922643853314bc1aa379191b542a8d0,[],,,,retain_active,recovery-5ec36c25826c
atomicbot-turboquant,experiments/raw-results/atomicbot-turboquant/2026-07-16/server-metrics/AB-11/sample-1/stderr.txt,experiments/raw-results/retained/atomicbot-turboquant/2026-07-16/server-metrics/AB-11/sample-1/stderr.txt,15251,ae91ff53bc3a91b4fec50a5550fefefb04bfaa0925e420a403d6b01502da66c0,[],,,,retain_active,recovery-5ec36c25826c
atomicbot-turboquant,experiments/raw-results/atomicbot-turboquant/2026-07-16/server-metrics/AB-11/sample-2/stderr.txt,experiments/raw-results/retained/atomicbot-turboquant/2026-07-16/server-metrics/AB-11/sample-2/stderr.txt,15251,43063a73ab76279b4b0ea5ec19f83e96afddbeb9e86502dff6b7cc94cef0c40e,[],,,,retain_active,recovery-5ec36c25826c
atomicbot-turboquant,experiments/raw-results/atomicbot-turboquant/2026-07-16/server-metrics/AB-11/sample-3/stderr.txt,experiments/raw-results/retained/atomicbot-turboquant/2026-07-16/server-metrics/AB-11/sample-3/stderr.txt,15251,d60724305959df272719aba6384e7a0a264d2e141fa7a775e9651afa288e0d67,[],,,,retain_active,recovery-5ec36c25826c
atomicbot-turboquant,experiments/raw-results/atomicbot-turboquant/2026-07-16/server-metrics/AB-11/warmup/stderr.txt,experiments/raw-results/retained/atomicbot-turboquant/2026-07-16/server-metrics/AB-11/warmup/stderr.txt,15251,34308fed211ab1f1ebc0a34032862a235062587ca3bb3b4306cd9e5d6a328b93,[],,,,retain_active,recovery-5ec36c25826c
atomicbot-turboquant,experiments/raw-results/atomicbot-turboquant/2026-07-16/server-metrics/AB-12/pilot/stderr.txt,experiments/raw-results/retained/atomicbot-turboquant/2026-07-16/server-metrics/AB-12/pilot/stderr.txt,15524,a92533324d0c3f2b48bebcb33ed1431f09a420c533ac37b815934d10c330707b,[],,,,retain_active,recovery-5ec36c25826c
atomicbot-turboquant,experiments/raw-results/atomicbot-turboquant/2026-07-16/server-metrics/AB-12/sample-1/stderr.txt,experiments/raw-results/retained/atomicbot-turboquant/2026-07-16/server-metrics/AB-12/sample-1/stderr.txt,15524,eb01b1e52840f56779284d790e359022df686723929c4e87151dc5bc0d23d863,[],,,,retain_active,recovery-5ec36c25826c
atomicbot-turboquant,experiments/raw-results/atomicbot-turboquant/2026-07-16/server-metrics/AB-12/sample-2/stderr.txt,experiments/raw-results/retained/atomicbot-turboquant/2026-07-16/server-metrics/AB-12/sample-2/stderr.txt,15524,d2bb4a5242f9972edf71977e40da9f94e7c27fcf3e5f4c1aad1346d3671c9028,[],,,,retain_active,recovery-5ec36c25826c
atomicbot-turboquant,experiments/raw-results/atomicbot-turboquant/2026-07-16/server-metrics/AB-12/sample-3/stderr.txt,experiments/raw-results/retained/atomicbot-turboquant/2026-07-16/server-metrics/AB-12/sample-3/stderr.txt,15524,b6fc8762a24947b9617d2b7b68c800fdc847385013ce62bcd831a279076fbe7c,[],,,,retain_active,recovery-5ec36c25826c
atomicbot-turboquant,experiments/raw-results/atomicbot-turboquant/2026-07-16/server-metrics/AB-12/warmup/stderr.txt,experiments/raw-results/retained/atomicbot-turboquant/2026-07-16/server-metrics/AB-12/warmup/stderr.txt,15524,c2013564f7c87fa2ac7731ca8f1615e21ef65aa8b6e42fc358e5b9bcbd2b4936,[],,,,retain_active,recovery-5ec36c25826c
atomicbot-turboquant,experiments/raw-results/atomicbot-turboquant/2026-07-16/server-metrics/AB-13/pilot/stderr.txt,experiments/raw-results/retained/atomicbot-turboquant/2026-07-16/server-metrics/AB-13/pilot/stderr.txt,15496,081254863fc7643b01ed07148f57fefc7f155d6b4422f9d3ae1c2e1a46a5a53a,[],,,,retain_active,recovery-5ec36c25826c
atomicbot-turboquant,experiments/raw-results/atomicbot-turboquant/2026-07-16/server-metrics/AB-13/sample-1/stderr.txt,experiments/raw-results/retained/atomicbot-turboquant/2026-07-16/server-metrics/AB-13/sample-1/stderr.txt,15496,94f456318419698bdd524e5349af84ea54e99aef52c9c67e58a1c41c4a6616ac,[],,,,retain_active,recovery-5ec36c25826c
atomicbot-turboquant,experiments/raw-results/atomicbot-turboquant/2026-07-16/server-metrics/AB-13/sample-2/stderr.txt,experiments/raw-results/retained/atomicbot-turboquant/2026-07-16/server-metrics/AB-13/sample-2/stderr.txt,15496,e94100aab4f85af66107dfbec933987b34b697ebc4614e4c091bf913b8840d5a,[],,,,retain_active,recovery-5ec36c25826c
atomicbot-turboquant,experiments/raw-results/atomicbot-turboquant/2026-07-16/server-metrics/AB-13/sample-3/stderr.txt,experiments/raw-results/retained/atomicbot-turboquant/2026-07-16/server-metrics/AB-13/sample-3/stderr.txt,15496,5578e07f47576bfa77b112b30a71dc07d9a9d7b57090d47af610f0b24ab0ea91,[],,,,retain_active,recovery-5ec36c25826c
atomicbot-turboquant,experiments/raw-results/atomicbot-turboquant/2026-07-16/server-metrics/AB-13/warmup/stderr.txt,experiments/raw-results/retained/atomicbot-turboquant/2026-07-16/server-metrics/AB-13/warmup/stderr.txt,15496,c557d00bbbec89c2de69abc5488c27e6c42859d555493304cfa74825aeceadfc,[],,,,retain_active,recovery-5ec36c25826c
atomicbot-turboquant,experiments/raw-results/atomicbot-turboquant/2026-07-16/server-metrics/AB-14/pilot/stderr.txt,experiments/raw-results/retained/atomicbot-turboquant/2026-07-16/server-metrics/AB-14/pilot/stderr.txt,15211,f59b73a37113c13852bcfaef509c897686a187ed1b88e72d84e4c7f9c39af9e9,[],,,,retain_active,recovery-5ec36c25826c
atomicbot-turboquant,experiments/raw-results/atomicbot-turboquant/2026-07-16/server-metrics/AB-14/sample-1/stderr.txt,experiments/raw-results/retained/atomicbot-turboquant/2026-07-16/server-metrics/AB-14/sample-1/stderr.txt,15211,690788ad923da0f5fe2afb6ac6bdf09eef1438ebfd89d7010749ef012e94547a,[],,,,retain_active,recovery-5ec36c25826c
atomicbot-turboquant,experiments/raw-results/atomicbot-turboquant/2026-07-16/server-metrics/AB-14/sample-2/stderr.txt,experiments/raw-results/retained/atomicbot-turboquant/2026-07-16/server-metrics/AB-14/sample-2/stderr.txt,15211,4f3795376ff8c736264d8bdabb2c49d5dd7806bb1a39f48c75b3f6af149ac80a,[],,,,retain_active,recovery-5ec36c25826c
atomicbot-turboquant,experiments/raw-results/atomicbot-turboquant/2026-07-16/server-metrics/AB-14/sample-3/stderr.txt,experiments/raw-results/retained/atomicbot-turboquant/2026-07-16/server-metrics/AB-14/sample-3/stderr.txt,15211,64aef0bb9c28c77120e2cb3b2c98cc7cdeba66a75565eff7db45a25efb35ac96,[],,,,retain_active,recovery-5ec36c25826c
atomicbot-turboquant,experiments/raw-results/atomicbot-turboquant/2026-07-16/server-metrics/AB-14/warmup/stderr.txt,experiments/raw-results/retained/atomicbot-turboquant/2026-07-16/server-metrics/AB-14/warmup/stderr.txt,15211,48f14f29b89b6aa4f1cb810f4c87c215891895591e1491f24567e037350bbf2c,[],,,,retain_active,recovery-5ec36c25826c
atomicbot-turboquant,experiments/raw-results/atomicbot-turboquant/2026-07-16/server-metrics/AB-15/pilot/stderr.txt,experiments/raw-results/retained/atomicbot-turboquant/2026-07-16/server-metrics/AB-15/pilot/stderr.txt,15298,1c95ae0fc0ba63b725c0ab2297fd22b38b80db7146de690ab7d029be8a314eb5,[],,,,retain_active,recovery-5ec36c25826c
atomicbot-turboquant,experiments/raw-results/atomicbot-turboquant/2026-07-16/server-metrics/AB-15/sample-1/stderr.txt,experiments/raw-results/retained/atomicbot-turboquant/2026-07-16/server-metrics/AB-15/sample-1/stderr.txt,15298,780d1dde80601f0cb4cd67df9a3538124991559fcf2d5de145f03d8db025854c,[],,,,retain_active,recovery-5ec36c25826c
atomicbot-turboquant,experiments/raw-results/atomicbot-turboquant/2026-07-16/server-metrics/AB-15/sample-2/stderr.txt,experiments/raw-results/retained/atomicbot-turboquant/2026-07-16/server-metrics/AB-15/sample-2/stderr.txt,15298,b2bfca18142d76eb7259df7b30945be48045b3dc4c9f64fadf7ec8cdb9979161,[],,,,retain_active,recovery-5ec36c25826c
atomicbot-turboquant,experiments/raw-results/atomicbot-turboquant/2026-07-16/server-metrics/AB-15/sample-3/stderr.txt,experiments/raw-results/retained/atomicbot-turboquant/2026-07-16/server-metrics/AB-15/sample-3/stderr.txt,15298,2a4ca334fd735bc81e06d5b488d72daee08a23af3f6efcbdd0ec91ab434e4aa1,[],,,,retain_active,recovery-5ec36c25826c
atomicbot-turboquant,experiments/raw-results/atomicbot-turboquant/2026-07-16/server-metrics/AB-15/warmup/stderr.txt,experiments/raw-results/retained/atomicbot-turboquant/2026-07-16/server-metrics/AB-15/warmup/stderr.txt,15298,f218c025772cc2b4deb0a22e6563e8b82e5967f9ccba2a7892de3ca51e754b48,[],,,,retain_active,recovery-5ec36c25826c
atomicbot-turboquant,experiments/raw-results/atomicbot-turboquant/2026-07-16/server-metrics/AB-KV3-F16-4K/pilot/stderr.txt,experiments/raw-results/retained/atomicbot-turboquant/2026-07-16/server-metrics/AB-KV3-F16-4K/pilot/stderr.txt,15124,0aa581e108b3a09b01cc2508cbc1de31e4cbe8ea0eb8637d33aab1a9067e321a,[],,,,retain_active,recovery-5ec36c25826c
atomicbot-turboquant,experiments/raw-results/atomicbot-turboquant/2026-07-16/server-metrics/AB-KV3-F16-4K/sample-1/stderr.txt,experiments/raw-results/retained/atomicbot-turboquant/2026-07-16/server-metrics/AB-KV3-F16-4K/sample-1/stderr.txt,15124,be86c40e2734223b2501b062c448f976595365c92ee80a8bcf31422f626cf481,[],,,,retain_active,recovery-5ec36c25826c
atomicbot-turboquant,experiments/raw-results/atomicbot-turboquant/2026-07-16/server-metrics/AB-KV3-F16-4K/sample-2/stderr.txt,experiments/raw-results/retained/atomicbot-turboquant/2026-07-16/server-metrics/AB-KV3-F16-4K/sample-2/stderr.txt,14973,718a74908fccacd8b057df2da11285a50024cbc870e2a81de978811b101bf950,[],,,,retain_active,recovery-5ec36c25826c
atomicbot-turboquant,experiments/raw-results/atomicbot-turboquant/2026-07-16/server-metrics/AB-KV3-F16-4K/sample-3/stderr.txt,experiments/raw-results/retained/atomicbot-turboquant/2026-07-16/server-metrics/AB-KV3-F16-4K/sample-3/stderr.txt,14973,9fc11569421256f596e6299cc5fe4c569174e5e8e15ec8514277aa14cfba3b29,[],,,,retain_active,recovery-5ec36c25826c
atomicbot-turboquant,experiments/raw-results/atomicbot-turboquant/2026-07-16/server-metrics/AB-KV3-F16-4K/warmup/stderr.txt,experiments/raw-results/retained/atomicbot-turboquant/2026-07-16/server-metrics/AB-KV3-F16-4K/warmup/stderr.txt,15124,5d7324f089600211d9c2f567d7c49e57fa8657b4cb3251500186158444536d85,[],,,,retain_active,recovery-5ec36c25826c
atomicbot-turboquant,experiments/raw-results/atomicbot-turboquant/2026-07-17/ab-15m-utilization-rerun-v2/AB-15M/pilot/stderr.txt,experiments/raw-results/retained/atomicbot-turboquant/2026-07-17/ab-15m-utilization-rerun-v2/AB-15M/pilot/stderr.txt,15933,459d55a6faf2808fd05d46c4980bce6917bc79231202ebfb950837b7461e7181,[],,,,retain_active,recovery-5ec36c25826c
atomicbot-turboquant,experiments/raw-results/atomicbot-turboquant/2026-07-17/ab-15m-utilization-rerun-v2/AB-15M/sample-1/stderr.txt,experiments/raw-results/retained/atomicbot-turboquant/2026-07-17/ab-15m-utilization-rerun-v2/AB-15M/sample-1/stderr.txt,15933,2f57ba6f16a3cb202c0ba4f4c35dbfa0f86eaca100069c51b513b90089259f50,[],,,,retain_active,recovery-5ec36c25826c
atomicbot-turboquant,experiments/raw-results/atomicbot-turboquant/2026-07-17/ab-15m-utilization-rerun-v2/AB-15M/sample-2/stderr.txt,experiments/raw-results/retained/atomicbot-turboquant/2026-07-17/ab-15m-utilization-rerun-v2/AB-15M/sample-2/stderr.txt,15933,996829543452777ef5494452e607687bc3865d4facc65071f06fc369cfe6345b,[],,,,retain_active,recovery-5ec36c25826c
atomicbot-turboquant,experiments/raw-results/atomicbot-turboquant/2026-07-17/ab-15m-utilization-rerun-v2/AB-15M/sample-3/stderr.txt,experiments/raw-results/retained/atomicbot-turboquant/2026-07-17/ab-15m-utilization-rerun-v2/AB-15M/sample-3/stderr.txt,15933,c56bbcfacc11048b3ef536d8b6fc0356507fba6201d1a02b19f0dfcd8319a183,[],,,,retain_active,recovery-5ec36c25826c
atomicbot-turboquant,experiments/raw-results/atomicbot-turboquant/2026-07-17/ab-15m-utilization-rerun-v2/AB-15M/warmup/stderr.txt,experiments/raw-results/retained/atomicbot-turboquant/2026-07-17/ab-15m-utilization-rerun-v2/AB-15M/warmup/stderr.txt,15933,8d5b82714c7f6794bd578cae6642fd3594ada46a24beab4342fbecea0126c7f9,[],,,,retain_active,recovery-5ec36c25826c
atomicbot-turboquant,experiments/raw-results/atomicbot-turboquant/2026-07-17/all-row-utilization-v1/AB-01/pilot/stderr.txt,experiments/raw-results/retained/atomicbot-turboquant/2026-07-17/all-row-utilization-v1/AB-01/pilot/stderr.txt,16743,e75fa389bb0e33a32a5e2b6eaada68b6743c1d78fe1e7076ba65be591d1f08cd,[],,,,retain_active,recovery-5ec36c25826c
atomicbot-turboquant,experiments/raw-results/atomicbot-turboquant/2026-07-17/all-row-utilization-v1/AB-01/sample-1/measurement.json,experiments/raw-results/retained/atomicbot-turboquant/2026-07-17/all-row-utilization-v1/AB-01/sample-1/measurement.json,687,e60f95d589aa1ab1615d0fabdb32c3439988a466e89bfeb46237bab8184cc1af,"[""atomicbot-resource-e60f95d589aa1ab1""]",,,,retain_active,recovery-5ec36c25826c
atomicbot-turboquant,experiments/raw-results/atomicbot-turboquant/2026-07-17/all-row-utilization-v1/AB-01/sample-1/stderr.txt,experiments/raw-results/retained/atomicbot-turboquant/2026-07-17/all-row-utilization-v1/AB-01/sample-1/stderr.txt,16743,d8d3bb2228ca8cc2cb2bacf56612e2bcc4362a456094643a94b78dab2f4a1a06,[],,,,retain_active,recovery-5ec36c25826c
atomicbot-turboquant,experiments/raw-results/atomicbot-turboquant/2026-07-17/all-row-utilization-v1/AB-01/sample-1/utilization-samples.csv,experiments/raw-results/retained/atomicbot-turboquant/2026-07-17/all-row-utilization-v1/AB-01/sample-1/utilization-samples.csv,161,45632d8dfd23854ae362de95532c0d65ec6a5b8508a674cf7d83d2238434f1b2,"[""EVID-34f5fdef9ec609afb3c6""]",,,,retain_active,recovery-5ec36c25826c
atomicbot-turboquant,experiments/raw-results/atomicbot-turboquant/2026-07-17/all-row-utilization-v1/AB-01/sample-2/measurement.json,experiments/raw-results/retained/atomicbot-turboquant/2026-07-17/all-row-utilization-v1/AB-01/sample-2/measurement.json,690,ee5dfe8604d350eec945f044feec797130b219a8239ae8e115d42d5630b8c898,"[""atomicbot-resource-ee5dfe8604d350ee""]",,,,retain_active,recovery-5ec36c25826c
atomicbot-turboquant,experiments/raw-results/atomicbot-turboquant/2026-07-17/all-row-utilization-v1/AB-01/sample-2/stderr.txt,experiments/raw-results/retained/atomicbot-turboquant/2026-07-17/all-row-utilization-v1/AB-01/sample-2/stderr.txt,16743,1ebd0c6d74b282e401ba9112a774c11ba90de31cd7ce78ab1753288b19f790d1,[],,,,retain_active,recovery-5ec36c25826c
atomicbot-turboquant,experiments/raw-results/atomicbot-turboquant/2026-07-17/all-row-utilization-v1/AB-01/sample-2/utilization-samples.csv,experiments/raw-results/retained/atomicbot-turboquant/2026-07-17/all-row-utilization-v1/AB-01/sample-2/utilization-samples.csv,161,21f7f6663dc3d3dc45e464154925abdaaecbb1917780e4e5a39f42eaf10b951f,"[""EVID-9e206b7341caf6ef1e4b""]",,,,retain_active,recovery-5ec36c25826c
atomicbot-turboquant,experiments/raw-results/atomicbot-turboquant/2026-07-17/all-row-utilization-v1/AB-01/sample-3/measurement.json,experiments/raw-results/retained/atomicbot-turboquant/2026-07-17/all-row-utilization-v1/AB-01/sample-3/measurement.json,673,eae7f7d1f9a690fe000d461ba250f488fced5388bf8b4ea0cd6d3ac64e876775,"[""atomicbot-resource-eae7f7d1f9a690fe""]",,,,retain_active,recovery-5ec36c25826c
atomicbot-turboquant,experiments/raw-results/atomicbot-turboquant/2026-07-17/all-row-utilization-v1/AB-01/sample-3/stderr.txt,experiments/raw-results/retained/atomicbot-turboquant/2026-07-17/all-row-utilization-v1/AB-01/sample-3/stderr.txt,16743,f3ae70af8a658574c1d5d23aa25356d6cfbf6901dc276263ffc0e9fa4ce0cb0f,[],,,,retain_active,recovery-5ec36c25826c
atomicbot-turboquant,experiments/raw-results/atomicbot-turboquant/2026-07-17/all-row-utilization-v1/AB-01/sample-3/utilization-samples.csv,experiments/raw-results/retained/atomicbot-turboquant/2026-07-17/all-row-utilization-v1/AB-01/sample-3/utilization-samples.csv,161,95610c2c9b6a14c0fff8d39b9e7f0c861b9bd4c8d3ba106080bc49fd5fb6ca28,"[""EVID-e0bc789317b1973f74b1""]",,,,retain_active,recovery-5ec36c25826c
atomicbot-turboquant,experiments/raw-results/atomicbot-turboquant/2026-07-17/all-row-utilization-v1/AB-01/server-metrics-summary.json,experiments/raw-results/retained/atomicbot-turboquant/2026-07-17/all-row-utilization-v1/AB-01/server-metrics-summary.json,3105,f60067599e97015ba47c0ef662c591203cce2068ee8ac8ee484840e7771d66f3,"[""atomicbot-current-server-metrics-summary-f60067599e97015b""]",,,,retain_active,recovery-5ec36c25826c
atomicbot-turboquant,experiments/raw-results/atomicbot-turboquant/2026-07-17/all-row-utilization-v1/AB-01/warmup/stderr.txt,experiments/raw-results/retained/atomicbot-turboquant/2026-07-17/all-row-utilization-v1/AB-01/warmup/stderr.txt,16743,2c4a087c55d6b5992fba448cb7aac9aeae20ec1011bdb283e792089281e7b709,[],,,,retain_active,recovery-5ec36c25826c
atomicbot-turboquant,experiments/raw-results/atomicbot-turboquant/2026-07-17/all-row-utilization-v1/AB-02/pilot/stderr.txt,experiments/raw-results/retained/atomicbot-turboquant/2026-07-17/all-row-utilization-v1/AB-02/pilot/stderr.txt,16921,c0395aa4f4a3e2618da9962e8047a02f4d2e53c0a74c8211379d71a3d7fa75cf,[],,,,retain_active,recovery-5ec36c25826c
atomicbot-turboquant,experiments/raw-results/atomicbot-turboquant/2026-07-17/all-row-utilization-v1/AB-02/sample-1/measurement.json,experiments/raw-results/retained/atomicbot-turboquant/2026-07-17/all-row-utilization-v1/AB-02/sample-1/measurement.json,670,873d9213f08c5c94e4a96bb6e5c1b7e14d9d59e75bac208056041ad1895c0407,"[""atomicbot-resource-873d9213f08c5c94""]",,,,retain_active,recovery-5ec36c25826c
atomicbot-turboquant,experiments/raw-results/atomicbot-turboquant/2026-07-17/all-row-utilization-v1/AB-02/sample-1/stderr.txt,experiments/raw-results/retained/atomicbot-turboquant/2026-07-17/all-row-utilization-v1/AB-02/sample-1/stderr.txt,16921,3c4333ad8392e4ab92b5872295d6ff64a1d6a4d8d3bdecb4aab66813e6fdfb26,[],,,,retain_active,recovery-5ec36c25826c
atomicbot-turboquant,experiments/raw-results/atomicbot-turboquant/2026-07-17/all-row-utilization-v1/AB-02/sample-1/utilization-samples.csv,experiments/raw-results/retained/atomicbot-turboquant/2026-07-17/all-row-utilization-v1/AB-02/sample-1/utilization-samples.csv,161,3334a59a55de78cb4b4b5e190145aa44bf2b405f3f49d67485a5194626abc14a,"[""EVID-e08341064813060e9c40""]",,,,retain_active,recovery-5ec36c25826c
atomicbot-turboquant,experiments/raw-results/atomicbot-turboquant/2026-07-17/all-row-utilization-v1/AB-02/sample-2/measurement.json,experiments/raw-results/retained/atomicbot-turboquant/2026-07-17/all-row-utilization-v1/AB-02/sample-2/measurement.json,673,65451b0ae8a00724107c4718005618fcf3673182560703acd50ffd6f9b6dd2d7,"[""atomicbot-resource-65451b0ae8a00724""]",,,,retain_active,recovery-5ec36c25826c
atomicbot-turboquant,experiments/raw-results/atomicbot-turboquant/2026-07-17/all-row-utilization-v1/AB-02/sample-2/stderr.txt,experiments/raw-results/retained/atomicbot-turboquant/2026-07-17/all-row-utilization-v1/AB-02/sample-2/stderr.txt,16921,81c2c03db06adf40c372277259b9704e0dfbffbf4925df0190b80e44f0675172,[],,,,retain_active,recovery-5ec36c25826c
atomicbot-turboquant,experiments/raw-results/atomicbot-turboquant/2026-07-17/all-row-utilization-v1/AB-02/sample-2/utilization-samples.csv,experiments/raw-results/retained/atomicbot-turboquant/2026-07-17/all-row-utilization-v1/AB-02/sample-2/utilization-samples.csv,161,41721eba3ee8e5f0fe65a3fbcbd85a8a23d05ceb01e01f263ffdf538e6822a18,"[""EVID-d2af2834cb1723571844""]",,,,retain_active,recovery-5ec36c25826c
atomicbot-turboquant,experiments/raw-results/atomicbot-turboquant/2026-07-17/all-row-utilization-v1/AB-02/sample-3/measurement.json,experiments/raw-results/retained/atomicbot-turboquant/2026-07-17/all-row-utilization-v1/AB-02/sample-3/measurement.json,673,aeda0592516518c84b3b409c5cceaf8cd9949a6a0f516c061eb7f271c44b24b8,"[""atomicbot-resource-aeda0592516518c8""]",,,,retain_active,recovery-5ec36c25826c
atomicbot-turboquant,experiments/raw-results/atomicbot-turboquant/2026-07-17/all-row-utilization-v1/AB-02/sample-3/stderr.txt,experiments/raw-results/retained/atomicbot-turboquant/2026-07-17/all-row-utilization-v1/AB-02/sample-3/stderr.txt,16921,1c560fd4ed8cbac0b757bfd195bae587a133586d783236315fc979877eff1dba,[],,,,retain_active,recovery-5ec36c25826c
atomicbot-turboquant,experiments/raw-results/atomicbot-turboquant/2026-07-17/all-row-utilization-v1/AB-02/sample-3/utilization-samples.csv,experiments/raw-results/retained/atomicbot-turboquant/2026-07-17/all-row-utilization-v1/AB-02/sample-3/utilization-samples.csv,161,c6dc09fae3a83f95edc7c14ddd07cf56f75217e8f38877dad3438da66368ee11,"[""EVID-a247b3a1bf624cb0be6d""]",,,,retain_active,recovery-5ec36c25826c
atomicbot-turboquant,experiments/raw-results/atomicbot-turboquant/2026-07-17/all-row-utilization-v1/AB-02/server-metrics-summary.json,experiments/raw-results/retained/atomicbot-turboquant/2026-07-17/all-row-utilization-v1/AB-02/server-metrics-summary.json,3063,741005f3bf029685ae4659d35a178141aa04785098b6176aea736e674a521bbf,"[""atomicbot-current-server-metrics-summary-741005f3bf029685""]",,,,retain_active,recovery-5ec36c25826c
atomicbot-turboquant,experiments/raw-results/atomicbot-turboquant/2026-07-17/all-row-utilization-v1/AB-02/warmup/stderr.txt,experiments/raw-results/retained/atomicbot-turboquant/2026-07-17/all-row-utilization-v1/AB-02/warmup/stderr.txt,16921,9d1ffd80b5890a884e9675f43bdef81b83df14d9048d30f50a331a0fbecbbf33,[],,,,retain_active,recovery-5ec36c25826c
atomicbot-turboquant,experiments/raw-results/atomicbot-turboquant/2026-07-17/all-row-utilization-v1/AB-03/pilot/stderr.txt,experiments/raw-results/retained/atomicbot-turboquant/2026-07-17/all-row-utilization-v1/AB-03/pilot/stderr.txt,15565,ec8aa4b87aecd38befa21fe87e56c5b28ba9945b92804e89f20fb4d58d37e3ba,[],,,,retain_active,recovery-5ec36c25826c
atomicbot-turboquant,experiments/raw-results/atomicbot-turboquant/2026-07-17/all-row-utilization-v1/AB-03/sample-1/measurement.json,experiments/raw-results/retained/atomicbot-turboquant/2026-07-17/all-row-utilization-v1/AB-03/sample-1/measurement.json,675,b7100238300b17fcb730d8db11b2c7424729802387c8e339bcb376ac84ffc26d,"[""atomicbot-resource-b7100238300b17fc""]",,,,retain_active,recovery-5ec36c25826c
atomicbot-turboquant,experiments/raw-results/atomicbot-turboquant/2026-07-17/all-row-utilization-v1/AB-03/sample-1/stderr.txt,experiments/raw-results/retained/atomicbot-turboquant/2026-07-17/all-row-utilization-v1/AB-03/sample-1/stderr.txt,15565,69dc8e4b5f154dd31007b28e52136a257eb8558664a37d135a556afd4711a259,[],,,,retain_active,recovery-5ec36c25826c
atomicbot-turboquant,experiments/raw-results/atomicbot-turboquant/2026-07-17/all-row-utilization-v1/AB-03/sample-1/utilization-samples.csv,experiments/raw-results/retained/atomicbot-turboquant/2026-07-17/all-row-utilization-v1/AB-03/sample-1/utilization-samples.csv,314,8d0327b6d7e61b4b139d2dda8be4a96265d04256c26b88a94d41abc14e9b923d,"[""EVID-43ddaeac46382db021c0""]",,,,retain_active,recovery-5ec36c25826c
atomicbot-turboquant,experiments/raw-results/atomicbot-turboquant/2026-07-17/all-row-utilization-v1/AB-03/sample-2/measurement.json,experiments/raw-results/retained/atomicbot-turboquant/2026-07-17/all-row-utilization-v1/AB-03/sample-2/measurement.json,675,32de32cbd9cfe78d1bdcf64ca9b6114c64e8dea525d50d35c63caef3eee6583b,"[""atomicbot-resource-32de32cbd9cfe78d""]",,,,retain_active,recovery-5ec36c25826c
atomicbot-turboquant,experiments/raw-results/atomicbot-turboquant/2026-07-17/all-row-utilization-v1/AB-03/sample-2/stderr.txt,experiments/raw-results/retained/atomicbot-turboquant/2026-07-17/all-row-utilization-v1/AB-03/sample-2/stderr.txt,15565,47b54eac3cefdc76d62a78c1b0b1862b8b5ea88d6b769e1a1d814a984d840e69,[],,,,retain_active,recovery-5ec36c25826c
atomicbot-turboquant,experiments/raw-results/atomicbot-turboquant/2026-07-17/all-row-utilization-v1/AB-03/sample-2/utilization-samples.csv,experiments/raw-results/retained/atomicbot-turboquant/2026-07-17/all-row-utilization-v1/AB-03/sample-2/utilization-samples.csv,314,514dc7169783672aec83b88ffa10f409250cd7984a555a0d387c2f1528fe3776,"[""EVID-96472d9159b64f3d0f65""]",,,,retain_active,recovery-5ec36c25826c
atomicbot-turboquant,experiments/raw-results/atomicbot-turboquant/2026-07-17/all-row-utilization-v1/AB-03/sample-3/measurement.json,experiments/raw-results/retained/atomicbot-turboquant/2026-07-17/all-row-utilization-v1/AB-03/sample-3/measurement.json,682,9ca9934bb9f1a5bbe05420de785ecc780c6d52e4d195ca1acfe1260896a1790c,"[""atomicbot-resource-9ca9934bb9f1a5bb""]",,,,retain_active,recovery-5ec36c25826c
atomicbot-turboquant,experiments/raw-results/atomicbot-turboquant/2026-07-17/all-row-utilization-v1/AB-03/sample-3/stderr.txt,experiments/raw-results/retained/atomicbot-turboquant/2026-07-17/all-row-utilization-v1/AB-03/sample-3/stderr.txt,15565,09fa667b400e76e489cc580f58c31d7e4106b2a807a286c2d688b3e6a1e4686e,[],,,,retain_active,recovery-5ec36c25826c
atomicbot-turboquant,experiments/raw-results/atomicbot-turboquant/2026-07-17/all-row-utilization-v1/AB-03/sample-3/utilization-samples.csv,experiments/raw-results/retained/atomicbot-turboquant/2026-07-17/all-row-utilization-v1/AB-03/sample-3/utilization-samples.csv,365,5f2a5202aa31609cafd104616aedb55552af4463ab0375dae72581bc7f61d445,"[""EVID-d2e75891fe506a3d775f""]",,,,retain_active,recovery-5ec36c25826c
atomicbot-turboquant,experiments/raw-results/atomicbot-turboquant/2026-07-17/all-row-utilization-v1/AB-03/server-metrics-summary.json,experiments/raw-results/retained/atomicbot-turboquant/2026-07-17/all-row-utilization-v1/AB-03/server-metrics-summary.json,3095,b0832479dc8fdee1b68eeee287c64dd8a6ab3b17bec9f874a73cc8426001e266,"[""atomicbot-current-server-metrics-summary-b0832479dc8fdee1""]",,,,retain_active,recovery-5ec36c25826c
atomicbot-turboquant,experiments/raw-results/atomicbot-turboquant/2026-07-17/all-row-utilization-v1/AB-03/warmup/stderr.txt,experiments/raw-results/retained/atomicbot-turboquant/2026-07-17/all-row-utilization-v1/AB-03/warmup/stderr.txt,15565,545148cf6cf74dfe9df6a0707a606ba8e09619d87826b4ba7ea39d7c1ed6a7ae,[],,,,retain_active,recovery-5ec36c25826c
atomicbot-turboquant,experiments/raw-results/atomicbot-turboquant/2026-07-17/all-row-utilization-v1/AB-04/pilot/stderr.txt,experiments/raw-results/retained/atomicbot-turboquant/2026-07-17/all-row-utilization-v1/AB-04/pilot/stderr.txt,15567,43c6fe4dcf7127a1ccfb01c9563d2c0e8b67c2d7c633b5fd390327f080f78991,[],,,,retain_active,recovery-5ec36c25826c
atomicbot-turboquant,experiments/raw-results/atomicbot-turboquant/2026-07-17/all-row-utilization-v1/AB-04/sample-1/measurement.json,experiments/raw-results/retained/atomicbot-turboquant/2026-07-17/all-row-utilization-v1/AB-04/sample-1/measurement.json,681,8544fc83416f82d61b6d11f05864c40f7ecc82bb0f87d7ce90e4167c74c3bd66,"[""atomicbot-resource-8544fc83416f82d6""]",,,,retain_active,recovery-5ec36c25826c
atomicbot-turboquant,experiments/raw-results/atomicbot-turboquant/2026-07-17/all-row-utilization-v1/AB-04/sample-1/stderr.txt,experiments/raw-results/retained/atomicbot-turboquant/2026-07-17/all-row-utilization-v1/AB-04/sample-1/stderr.txt,15567,61064d524343e810b7fbeb1928d93c96045490c6225bb4bc753a457e76df5818,[],,,,retain_active,recovery-5ec36c25826c
atomicbot-turboquant,experiments/raw-results/atomicbot-turboquant/2026-07-17/all-row-utilization-v1/AB-04/sample-1/utilization-samples.csv,experiments/raw-results/retained/atomicbot-turboquant/2026-07-17/all-row-utilization-v1/AB-04/sample-1/utilization-samples.csv,365,870582238432ae82f9b6a69e134b6a48932e7e669bed12ba60d8252759072570,"[""EVID-31f24bf0eb4821290fce""]",,,,retain_active,recovery-5ec36c25826c
atomicbot-turboquant,experiments/raw-results/atomicbot-turboquant/2026-07-17/all-row-utilization-v1/AB-04/sample-2/measurement.json,experiments/raw-results/retained/atomicbot-turboquant/2026-07-17/all-row-utilization-v1/AB-04/sample-2/measurement.json,681,d1e863c7f0eb6507d259d6361727e1f45867cfd2f1b08e833569639ce85a9b51,"[""atomicbot-resource-d1e863c7f0eb6507""]",,,,retain_active,recovery-5ec36c25826c
atomicbot-turboquant,experiments/raw-results/atomicbot-turboquant/2026-07-17/all-row-utilization-v1/AB-04/sample-2/stderr.txt,experiments/raw-results/retained/atomicbot-turboquant/2026-07-17/all-row-utilization-v1/AB-04/sample-2/stderr.txt,15567,117bfe7531f63e575e8a9c4187c63081a2c9ad897a8949223791b83eec138e64,[],,,,retain_active,recovery-5ec36c25826c
atomicbot-turboquant,experiments/raw-results/atomicbot-turboquant/2026-07-17/all-row-utilization-v1/AB-04/sample-2/utilization-samples.csv,experiments/raw-results/retained/atomicbot-turboquant/2026-07-17/all-row-utilization-v1/AB-04/sample-2/utilization-samples.csv,365,50c4200b7113d397f494a2c89dbe753780eab207625bd5ae4876aa8d8d74cf6a,"[""EVID-e1d5edcc34b6df5a42c0""]",,,,retain_active,recovery-5ec36c25826c
atomicbot-turboquant,experiments/raw-results/atomicbot-turboquant/2026-07-17/all-row-utilization-v1/AB-04/sample-3/measurement.json,experiments/raw-results/retained/atomicbot-turboquant/2026-07-17/all-row-utilization-v1/AB-04/sample-3/measurement.json,683,1be858555d7e35c2e58cc060106e58916e3e96e6a691b249fad8c49b8776af73,"[""atomicbot-resource-1be858555d7e35c2""]",,,,retain_active,recovery-5ec36c25826c
atomicbot-turboquant,experiments/raw-results/atomicbot-turboquant/2026-07-17/all-row-utilization-v1/AB-04/sample-3/stderr.txt,experiments/raw-results/retained/atomicbot-turboquant/2026-07-17/all-row-utilization-v1/AB-04/sample-3/stderr.txt,15567,907136e01c709eb4fe0f6bc99322bb8dd1d7fde2d88d9d9c1d2d455b43185b03,[],,,,retain_active,recovery-5ec36c25826c
atomicbot-turboquant,experiments/raw-results/atomicbot-turboquant/2026-07-17/all-row-utilization-v1/AB-04/sample-3/utilization-samples.csv,experiments/raw-results/retained/atomicbot-turboquant/2026-07-17/all-row-utilization-v1/AB-04/sample-3/utilization-samples.csv,365,5f4cbd3a0f4d2d388e5b472d4c54ba50d0d66831953fdf4cb7a111d7213c1ac8,"[""EVID-4f346806f246152437a9""]",,,,retain_active,recovery-5ec36c25826c
atomicbot-turboquant,experiments/raw-results/atomicbot-turboquant/2026-07-17/all-row-utilization-v1/AB-04/server-metrics-summary.json,experiments/raw-results/retained/atomicbot-turboquant/2026-07-17/all-row-utilization-v1/AB-04/server-metrics-summary.json,3109,8ba6912d36c0242928622df1924bafef371bf85f0a265e6bc069d8273f609b6a,"[""atomicbot-current-server-metrics-summary-8ba6912d36c02429""]",,,,retain_active,recovery-5ec36c25826c
atomicbot-turboquant,experiments/raw-results/atomicbot-turboquant/2026-07-17/all-row-utilization-v1/AB-04/warmup/stderr.txt,experiments/raw-results/retained/atomicbot-turboquant/2026-07-17/all-row-utilization-v1/AB-04/warmup/stderr.txt,15567,a6e8a69b2331b74b86ebaf1b7f7af14c3c336277ea06e5898425bfd27863578c,[],,,,retain_active,recovery-5ec36c25826c
atomicbot-turboquant,experiments/raw-results/atomicbot-turboquant/2026-07-17/all-row-utilization-v1/AB-05/pilot/stderr.txt,experiments/raw-results/retained/atomicbot-turboquant/2026-07-17/all-row-utilization-v1/AB-05/pilot/stderr.txt,15838,563feb48228b83b3ab97dd1732f98cf092e2ce96f9762fde63ffbe3839d99680,[],,,,retain_active,recovery-5ec36c25826c
atomicbot-turboquant,experiments/raw-results/atomicbot-turboquant/2026-07-17/all-row-utilization-v1/AB-05/sample-1/measurement.json,experiments/raw-results/retained/atomicbot-turboquant/2026-07-17/all-row-utilization-v1/AB-05/sample-1/measurement.json,681,852eaf84a4c065bc3ff3a1261319a2781dd9da1f6c51c788eb542b094a703e41,"[""atomicbot-resource-852eaf84a4c065bc""]",,,,retain_active,recovery-5ec36c25826c
atomicbot-turboquant,experiments/raw-results/atomicbot-turboquant/2026-07-17/all-row-utilization-v1/AB-05/sample-1/stderr.txt,experiments/raw-results/retained/atomicbot-turboquant/2026-07-17/all-row-utilization-v1/AB-05/sample-1/stderr.txt,15838,af6df21c8110441f56c81fc3906ed5086e53f7113c08ee7b83f91aa8bbc0c380,[],,,,retain_active,recovery-5ec36c25826c
atomicbot-turboquant,experiments/raw-results/atomicbot-turboquant/2026-07-17/all-row-utilization-v1/AB-05/sample-1/utilization-samples.csv,experiments/raw-results/retained/atomicbot-turboquant/2026-07-17/all-row-utilization-v1/AB-05/sample-1/utilization-samples.csv,416,e0e2008381ca843f63901c1356b60d18f1e3b1ebf647016c88b75fb46d999c94,"[""EVID-759c545f82837ae106dd""]",,,,retain_active,recovery-5ec36c25826c
atomicbot-turboquant,experiments/raw-results/atomicbot-turboquant/2026-07-17/all-row-utilization-v1/AB-05/sample-2/measurement.json,experiments/raw-results/retained/atomicbot-turboquant/2026-07-17/all-row-utilization-v1/AB-05/sample-2/measurement.json,681,33bb1ffe960a2bc244d6f1e242e4bc096bf23a981b5132862c9f7c8079671ad1,"[""atomicbot-resource-33bb1ffe960a2bc2""]",,,,retain_active,recovery-5ec36c25826c
atomicbot-turboquant,experiments/raw-results/atomicbot-turboquant/2026-07-17/all-row-utilization-v1/AB-05/sample-2/stderr.txt,experiments/raw-results/retained/atomicbot-turboquant/2026-07-17/all-row-utilization-v1/AB-05/sample-2/stderr.txt,15838,ef11584db7c9fc4541a80e134ad50ca79bf487aa754070a350b2fccc9082bb1e,[],,,,retain_active,recovery-5ec36c25826c
atomicbot-turboquant,experiments/raw-results/atomicbot-turboquant/2026-07-17/all-row-utilization-v1/AB-05/sample-2/utilization-samples.csv,experiments/raw-results/retained/atomicbot-turboquant/2026-07-17/all-row-utilization-v1/AB-05/sample-2/utilization-samples.csv,416,7a7026c587a20004d77e065b2ec4c46a7866abd584e92039ca77c9c48ade787e,"[""EVID-dbded501d8152f537c56""]",,,,retain_active,recovery-5ec36c25826c
atomicbot-turboquant,experiments/raw-results/atomicbot-turboquant/2026-07-17/all-row-utilization-v1/AB-05/sample-3/measurement.json,experiments/raw-results/retained/atomicbot-turboquant/2026-07-17/all-row-utilization-v1/AB-05/sample-3/measurement.json,672,7c6c291e3ad2008c7ce9feddecad8668e519a446cf6c035dd9ca15ec3ab7ed8c,"[""atomicbot-resource-7c6c291e3ad2008c""]",,,,retain_active,recovery-5ec36c25826c
atomicbot-turboquant,experiments/raw-results/atomicbot-turboquant/2026-07-17/all-row-utilization-v1/AB-05/sample-3/stderr.txt,experiments/raw-results/retained/atomicbot-turboquant/2026-07-17/all-row-utilization-v1/AB-05/sample-3/stderr.txt,15838,16656a323d35c666aef19173421b8482321ab9d3c1f9152b632026599aad18c4,[],,,,retain_active,recovery-5ec36c25826c
atomicbot-turboquant,experiments/raw-results/atomicbot-turboquant/2026-07-17/all-row-utilization-v1/AB-05/sample-3/utilization-samples.csv,experiments/raw-results/retained/atomicbot-turboquant/2026-07-17/all-row-utilization-v1/AB-05/sample-3/utilization-samples.csv,416,e169466c72effbe03547e263b071cef3eeefd88a619f0a9f185821410a688c87,"[""EVID-6866e746d187bbee0ac6""]",,,,retain_active,recovery-5ec36c25826c
atomicbot-turboquant,experiments/raw-results/atomicbot-turboquant/2026-07-17/all-row-utilization-v1/AB-05/server-metrics-summary.json,experiments/raw-results/retained/atomicbot-turboquant/2026-07-17/all-row-utilization-v1/AB-05/server-metrics-summary.json,3098,9f614e9f23e29518c21c453d6d6dfd33fd15f00b388fa09a273bf124b5f95384,"[""atomicbot-current-server-metrics-summary-9f614e9f23e29518""]",,,,retain_active,recovery-5ec36c25826c
atomicbot-turboquant,experiments/raw-results/atomicbot-turboquant/2026-07-17/all-row-utilization-v1/AB-05/warmup/stderr.txt,experiments/raw-results/retained/atomicbot-turboquant/2026-07-17/all-row-utilization-v1/AB-05/warmup/stderr.txt,15838,0dd04503ea33b6b533376bbfc2a7323e7c661b52febba4d138fba2661f19d5f1,[],,,,retain_active,recovery-5ec36c25826c
atomicbot-turboquant,experiments/raw-results/atomicbot-turboquant/2026-07-17/all-row-utilization-v1/AB-06/pilot/stderr.txt,experiments/raw-results/retained/atomicbot-turboquant/2026-07-17/all-row-utilization-v1/AB-06/pilot/stderr.txt,15838,c76587cb6348ac0246f08aa5b80041aad7967ce0f6c2f1aa77f2cb7214ece61c,[],,,,retain_active,recovery-5ec36c25826c
atomicbot-turboquant,experiments/raw-results/atomicbot-turboquant/2026-07-17/all-row-utilization-v1/AB-06/sample-1/measurement.json,experiments/raw-results/retained/atomicbot-turboquant/2026-07-17/all-row-utilization-v1/AB-06/sample-1/measurement.json,680,7b5dc1a7273ccc8f32be54d1dbc36b90088b66f13dcb65bddfd51db7044965b5,"[""atomicbot-resource-7b5dc1a7273ccc8f""]",,,,retain_active,recovery-5ec36c25826c
atomicbot-turboquant,experiments/raw-results/atomicbot-turboquant/2026-07-17/all-row-utilization-v1/AB-06/sample-1/stderr.txt,experiments/raw-results/retained/atomicbot-turboquant/2026-07-17/all-row-utilization-v1/AB-06/sample-1/stderr.txt,15838,3d00ba7e9b8ecb967b9ab6b969cb9f172e6bef15b561ec44810a8b3ab954e054,[],,,,retain_active,recovery-5ec36c25826c
atomicbot-turboquant,experiments/raw-results/atomicbot-turboquant/2026-07-17/all-row-utilization-v1/AB-06/sample-1/utilization-samples.csv,experiments/raw-results/retained/atomicbot-turboquant/2026-07-17/all-row-utilization-v1/AB-06/sample-1/utilization-samples.csv,416,117ba3042e2903c4c5c27f2f4e31e9d4080ca7422346023560189c1092c3ac34,"[""EVID-3382d3ef7ea06f1a7a52""]",,,,retain_active,recovery-5ec36c25826c
atomicbot-turboquant,experiments/raw-results/atomicbot-turboquant/2026-07-17/all-row-utilization-v1/AB-06/sample-2/measurement.json,experiments/raw-results/retained/atomicbot-turboquant/2026-07-17/all-row-utilization-v1/AB-06/sample-2/measurement.json,682,fff02d54f3a4ea42c120d23650d8281f4f1afca33bedcf6212a250d1eaae17e9,"[""atomicbot-resource-fff02d54f3a4ea42""]",,,,retain_active,recovery-5ec36c25826c
atomicbot-turboquant,experiments/raw-results/atomicbot-turboquant/2026-07-17/all-row-utilization-v1/AB-06/sample-2/stderr.txt,experiments/raw-results/retained/atomicbot-turboquant/2026-07-17/all-row-utilization-v1/AB-06/sample-2/stderr.txt,15838,dbf3e586f1c36e1913e1c52a78a164720bd2cdae724639d9ff64174f6e240db6,[],,,,retain_active,recovery-5ec36c25826c
atomicbot-turboquant,experiments/raw-results/atomicbot-turboquant/2026-07-17/all-row-utilization-v1/AB-06/sample-2/utilization-samples.csv,experiments/raw-results/retained/atomicbot-turboquant/2026-07-17/all-row-utilization-v1/AB-06/sample-2/utilization-samples.csv,416,f52426ad22abd1d5b03655e82223cbaa907c227ac892838b0d4e54fd6bcefe36,"[""EVID-f7b55e6294fb67f15ea7""]",,,,retain_active,recovery-5ec36c25826c
atomicbot-turboquant,experiments/raw-results/atomicbot-turboquant/2026-07-17/all-row-utilization-v1/AB-06/sample-3/measurement.json,experiments/raw-results/retained/atomicbot-turboquant/2026-07-17/all-row-utilization-v1/AB-06/sample-3/measurement.json,682,98ed77d29fb162334e9c2e521f2594202d08d45697d7adf114bbd706d0a26850,"[""atomicbot-resource-98ed77d29fb16233""]",,,,retain_active,recovery-5ec36c25826c
atomicbot-turboquant,experiments/raw-results/atomicbot-turboquant/2026-07-17/all-row-utilization-v1/AB-06/sample-3/stderr.txt,experiments/raw-results/retained/atomicbot-turboquant/2026-07-17/all-row-utilization-v1/AB-06/sample-3/stderr.txt,15838,f6adb610c13b0f1d058faacf60f597f7736330ec0479b03c6e93db2916b2ca6c,[],,,,retain_active,recovery-5ec36c25826c
atomicbot-turboquant,experiments/raw-results/atomicbot-turboquant/2026-07-17/all-row-utilization-v1/AB-06/sample-3/utilization-samples.csv,experiments/raw-results/retained/atomicbot-turboquant/2026-07-17/all-row-utilization-v1/AB-06/sample-3/utilization-samples.csv,416,15530d2886dcf2f8e6a165bc2959984d5238c882b54d624b1375912ee6fc553b,"[""EVID-69787a9facbcd5de813b""]",,,,retain_active,recovery-5ec36c25826c
atomicbot-turboquant,experiments/raw-results/atomicbot-turboquant/2026-07-17/all-row-utilization-v1/AB-06/server-metrics-summary.json,experiments/raw-results/retained/atomicbot-turboquant/2026-07-17/all-row-utilization-v1/AB-06/server-metrics-summary.json,3109,0b8809eeaf681ba1cee4b7352706be39447a40113013fd33a5a58a82ada88298,"[""atomicbot-current-server-metrics-summary-0b8809eeaf681ba1""]",,,,retain_active,recovery-5ec36c25826c
atomicbot-turboquant,experiments/raw-results/atomicbot-turboquant/2026-07-17/all-row-utilization-v1/AB-06/warmup/stderr.txt,experiments/raw-results/retained/atomicbot-turboquant/2026-07-17/all-row-utilization-v1/AB-06/warmup/stderr.txt,15838,732a2858f7ef9fd00bc5efb26fd23b2b30734180774ac95ae08059559900c7c7,[],,,,retain_active,recovery-5ec36c25826c
atomicbot-turboquant,experiments/raw-results/atomicbot-turboquant/2026-07-17/all-row-utilization-v1/AB-07/pilot/stderr.txt,experiments/raw-results/retained/atomicbot-turboquant/2026-07-17/all-row-utilization-v1/AB-07/pilot/stderr.txt,15935,41715bd9ea5270429599944c41dc49cac45a301070f3f2f604ce895beae29826,[],,,,retain_active,recovery-5ec36c25826c
atomicbot-turboquant,experiments/raw-results/atomicbot-turboquant/2026-07-17/all-row-utilization-v1/AB-07/sample-1/measurement.json,experiments/raw-results/retained/atomicbot-turboquant/2026-07-17/all-row-utilization-v1/AB-07/sample-1/measurement.json,682,2c1e0ca48d035ecd1733074984aa6e27207cb3cb22f8817416ba7983edbfd5d3,"[""atomicbot-resource-2c1e0ca48d035ecd""]",,,,retain_active,recovery-5ec36c25826c
atomicbot-turboquant,experiments/raw-results/atomicbot-turboquant/2026-07-17/all-row-utilization-v1/AB-07/sample-1/stderr.txt,experiments/raw-results/retained/atomicbot-turboquant/2026-07-17/all-row-utilization-v1/AB-07/sample-1/stderr.txt,15935,db7db7e26e568cec9d758bb7d4ceb51674fc3d2438703446655fca0d4264ee13,[],,,,retain_active,recovery-5ec36c25826c
atomicbot-turboquant,experiments/raw-results/atomicbot-turboquant/2026-07-17/all-row-utilization-v1/AB-07/sample-1/utilization-samples.csv,experiments/raw-results/retained/atomicbot-turboquant/2026-07-17/all-row-utilization-v1/AB-07/sample-1/utilization-samples.csv,416,157c2d10ae60df4f0e65fffdc16c94e1ca4f82bdaf73cd004040e4ee10b65180,"[""EVID-2aaaf7ac319b5669b987""]",,,,retain_active,recovery-5ec36c25826c
atomicbot-turboquant,experiments/raw-results/atomicbot-turboquant/2026-07-17/all-row-utilization-v1/AB-07/sample-2/measurement.json,experiments/raw-results/retained/atomicbot-turboquant/2026-07-17/all-row-utilization-v1/AB-07/sample-2/measurement.json,682,ec7f80a74b4a7acae7b23d03cc663ce0981c5a1aae93d82e457fd52ed30cfe08,"[""atomicbot-resource-ec7f80a74b4a7aca""]",,,,retain_active,recovery-5ec36c25826c
atomicbot-turboquant,experiments/raw-results/atomicbot-turboquant/2026-07-17/all-row-utilization-v1/AB-07/sample-2/stderr.txt,experiments/raw-results/retained/atomicbot-turboquant/2026-07-17/all-row-utilization-v1/AB-07/sample-2/stderr.txt,15935,91ee45558cfb22e780fc306b212e1da53a6c61a3151dcaba34d5417b7f09c6a7,[],,,,retain_active,recovery-5ec36c25826c
atomicbot-turboquant,experiments/raw-results/atomicbot-turboquant/2026-07-17/all-row-utilization-v1/AB-07/sample-2/utilization-samples.csv,experiments/raw-results/retained/atomicbot-turboquant/2026-07-17/all-row-utilization-v1/AB-07/sample-2/utilization-samples.csv,416,61e9a1d9827b50d21e92dd106c256bd8a496d21f587678bd4904d44b0810ca77,"[""EVID-d23210a9c54336b88a56""]",,,,retain_active,recovery-5ec36c25826c
atomicbot-turboquant,experiments/raw-results/atomicbot-turboquant/2026-07-17/all-row-utilization-v1/AB-07/sample-3/measurement.json,experiments/raw-results/retained/atomicbot-turboquant/2026-07-17/all-row-utilization-v1/AB-07/sample-3/measurement.json,672,52da382d7cd5317478efe4b6cb7498f32db9ca5761e4ca3c706e523b4672b505,"[""atomicbot-resource-52da382d7cd53174""]",,,,retain_active,recovery-5ec36c25826c
atomicbot-turboquant,experiments/raw-results/atomicbot-turboquant/2026-07-17/all-row-utilization-v1/AB-07/sample-3/stderr.txt,experiments/raw-results/retained/atomicbot-turboquant/2026-07-17/all-row-utilization-v1/AB-07/sample-3/stderr.txt,15935,1a7d411ffe18a9aa0aecd6d7ea3b3490be487bcb43582857351a41ae8d9bf6d3,[],,,,retain_active,recovery-5ec36c25826c
atomicbot-turboquant,experiments/raw-results/atomicbot-turboquant/2026-07-17/all-row-utilization-v1/AB-07/sample-3/utilization-samples.csv,experiments/raw-results/retained/atomicbot-turboquant/2026-07-17/all-row-utilization-v1/AB-07/sample-3/utilization-samples.csv,416,22def542fe4fd4dabb85a213eb2eda734a27a65ef76967d255bac7127317ec4b,"[""EVID-dff602af13743c1775d5""]",,,,retain_active,recovery-5ec36c25826c
atomicbot-turboquant,experiments/raw-results/atomicbot-turboquant/2026-07-17/all-row-utilization-v1/AB-07/server-metrics-summary.json,experiments/raw-results/retained/atomicbot-turboquant/2026-07-17/all-row-utilization-v1/AB-07/server-metrics-summary.json,3102,ef295a840ca4cb8f1e272c9ace108cd654a1adef6daac4264f88229f6d679232,"[""atomicbot-current-server-metrics-summary-ef295a840ca4cb8f""]",,,,retain_active,recovery-5ec36c25826c
atomicbot-turboquant,experiments/raw-results/atomicbot-turboquant/2026-07-17/all-row-utilization-v1/AB-07/warmup/stderr.txt,experiments/raw-results/retained/atomicbot-turboquant/2026-07-17/all-row-utilization-v1/AB-07/warmup/stderr.txt,15935,f9f15e2286dcaf0f8072f38881aa175d124d482d3e54f192e038d7fe8cb205b7,[],,,,retain_active,recovery-5ec36c25826c
atomicbot-turboquant,experiments/raw-results/atomicbot-turboquant/2026-07-17/all-row-utilization-v1/AB-08F/pilot/stderr.txt,experiments/raw-results/retained/atomicbot-turboquant/2026-07-17/all-row-utilization-v1/AB-08F/pilot/stderr.txt,15576,3bcd14f07801ac11aa0ba41af378f40ed29bce9cf6d41e9ff10d3fe6bcf42031,[],,,,retain_active,recovery-5ec36c25826c
atomicbot-turboquant,experiments/raw-results/atomicbot-turboquant/2026-07-17/all-row-utilization-v1/AB-08F/sample-1/measurement.json,experiments/raw-results/retained/atomicbot-turboquant/2026-07-17/all-row-utilization-v1/AB-08F/sample-1/measurement.json,680,36cf50f56b3cb835716f1329b1d0acc4fc0d29570c89b85b4d6e54b5926d7898,"[""atomicbot-resource-36cf50f56b3cb835""]",,,,retain_active,recovery-5ec36c25826c
atomicbot-turboquant,experiments/raw-results/atomicbot-turboquant/2026-07-17/all-row-utilization-v1/AB-08F/sample-1/stderr.txt,experiments/raw-results/retained/atomicbot-turboquant/2026-07-17/all-row-utilization-v1/AB-08F/sample-1/stderr.txt,15576,935cd80347bcc8f24bab895630f52d8e7fa6f0c91cca2e0627a62061c3388717,[],,,,retain_active,recovery-5ec36c25826c
atomicbot-turboquant,experiments/raw-results/atomicbot-turboquant/2026-07-17/all-row-utilization-v1/AB-08F/sample-1/utilization-samples.csv,experiments/raw-results/retained/atomicbot-turboquant/2026-07-17/all-row-utilization-v1/AB-08F/sample-1/utilization-samples.csv,875,64c711153b18300fe867fdaf4ff85fd50a052e58ed8504becddd864293835687,"[""EVID-b48b06f7e232e9507627""]",,,,retain_active,recovery-5ec36c25826c
atomicbot-turboquant,experiments/raw-results/atomicbot-turboquant/2026-07-17/all-row-utilization-v1/AB-08F/sample-2/measurement.json,experiments/raw-results/retained/atomicbot-turboquant/2026-07-17/all-row-utilization-v1/AB-08F/sample-2/measurement.json,680,1740374af96a957359429da48c83dc805c31fef99491132dc4a72b3dc28bb8b7,"[""atomicbot-resource-1740374af96a9573""]",,,,retain_active,recovery-5ec36c25826c
atomicbot-turboquant,experiments/raw-results/atomicbot-turboquant/2026-07-17/all-row-utilization-v1/AB-08F/sample-2/stderr.txt,experiments/raw-results/retained/atomicbot-turboquant/2026-07-17/all-row-utilization-v1/AB-08F/sample-2/stderr.txt,15576,40b9911312b25ee4c7f0e0ef994ff9de0753c524f79af83d483ee290fbadeb26,[],,,,retain_active,recovery-5ec36c25826c
atomicbot-turboquant,experiments/raw-results/atomicbot-turboquant/2026-07-17/all-row-utilization-v1/AB-08F/sample-2/utilization-samples.csv,experiments/raw-results/retained/atomicbot-turboquant/2026-07-17/all-row-utilization-v1/AB-08F/sample-2/utilization-samples.csv,875,a6d8459f5d9c571c81421482411092f1370aa110168a8c08943db778408baccc,"[""EVID-793ca72fd9a7b13b2e0a""]",,,,retain_active,recovery-5ec36c25826c
atomicbot-turboquant,experiments/raw-results/atomicbot-turboquant/2026-07-17/all-row-utilization-v1/AB-08F/sample-3/measurement.json,experiments/raw-results/retained/atomicbot-turboquant/2026-07-17/all-row-utilization-v1/AB-08F/sample-3/measurement.json,684,0f9597c30cb9cc3b3a0ab49702b149c4c858b21f31e58a250f81a77b09fa0594,"[""atomicbot-resource-0f9597c30cb9cc3b""]",,,,retain_active,recovery-5ec36c25826c
atomicbot-turboquant,experiments/raw-results/atomicbot-turboquant/2026-07-17/all-row-utilization-v1/AB-08F/sample-3/stderr.txt,experiments/raw-results/retained/atomicbot-turboquant/2026-07-17/all-row-utilization-v1/AB-08F/sample-3/stderr.txt,15576,1fd48b1c5100d4eab41e23b23101401e87d6afabd22405801370b85fc8f88b82,[],,,,retain_active,recovery-5ec36c25826c
atomicbot-turboquant,experiments/raw-results/atomicbot-turboquant/2026-07-17/all-row-utilization-v1/AB-08F/sample-3/utilization-samples.csv,experiments/raw-results/retained/atomicbot-turboquant/2026-07-17/all-row-utilization-v1/AB-08F/sample-3/utilization-samples.csv,824,6e95fdb38585b5d39183ff1ae8844aa8493378bb5f913be6c5716b87d0306ed7,"[""EVID-6c032ed4cc277ccec758""]",,,,retain_active,recovery-5ec36c25826c
atomicbot-turboquant,experiments/raw-results/atomicbot-turboquant/2026-07-17/all-row-utilization-v1/AB-08F/server-metrics-summary.json,experiments/raw-results/retained/atomicbot-turboquant/2026-07-17/all-row-utilization-v1/AB-08F/server-metrics-summary.json,3108,f448d621c82170b39a7107ded30e1be0aa0d08c518410ae49e8a78e74a6a810d,"[""atomicbot-current-server-metrics-summary-f448d621c82170b3""]",,,,retain_active,recovery-5ec36c25826c
atomicbot-turboquant,experiments/raw-results/atomicbot-turboquant/2026-07-17/all-row-utilization-v1/AB-08F/warmup/stderr.txt,experiments/raw-results/retained/atomicbot-turboquant/2026-07-17/all-row-utilization-v1/AB-08F/warmup/stderr.txt,15576,59f9b9d0a02f28240dcf61c81c191d33bee4e616012685e5e1e22bb930e4fb30,[],,,,retain_active,recovery-5ec36c25826c
atomicbot-turboquant,experiments/raw-results/atomicbot-turboquant/2026-07-17/all-row-utilization-v1/AB-08Q/pilot/stderr.txt,experiments/raw-results/retained/atomicbot-turboquant/2026-07-17/all-row-utilization-v1/AB-08Q/pilot/stderr.txt,15578,a859247f8eca3b374e719f2fb33e32ac29f1ebb47a313a25933f308c017fa0a3,[],,,,retain_active,recovery-5ec36c25826c
atomicbot-turboquant,experiments/raw-results/atomicbot-turboquant/2026-07-17/all-row-utilization-v1/AB-08Q/sample-1/measurement.json,experiments/raw-results/retained/atomicbot-turboquant/2026-07-17/all-row-utilization-v1/AB-08Q/sample-1/measurement.json,685,6bc1e7c28b0f2409bbc95dce6d6b91334100201b3d5776cc41f4fc747bf7b292,"[""atomicbot-resource-6bc1e7c28b0f2409""]",,,,retain_active,recovery-5ec36c25826c
atomicbot-turboquant,experiments/raw-results/atomicbot-turboquant/2026-07-17/all-row-utilization-v1/AB-08Q/sample-1/stderr.txt,experiments/raw-results/retained/atomicbot-turboquant/2026-07-17/all-row-utilization-v1/AB-08Q/sample-1/stderr.txt,15578,b8a5ae269f061a324d25c97a8cbabd1b52ba7052502fefa97d47ef781b1a6f96,[],,,,retain_active,recovery-5ec36c25826c
atomicbot-turboquant,experiments/raw-results/atomicbot-turboquant/2026-07-17/all-row-utilization-v1/AB-08Q/sample-1/utilization-samples.csv,experiments/raw-results/retained/atomicbot-turboquant/2026-07-17/all-row-utilization-v1/AB-08Q/sample-1/utilization-samples.csv,773,b66e327cd8dfa0c1dfc36ce043ddd0632b83e8cdf8b32985dbda5def41611afa,"[""EVID-a3c4b3b14df707019272""]",,,,retain_active,recovery-5ec36c25826c
atomicbot-turboquant,experiments/raw-results/atomicbot-turboquant/2026-07-17/all-row-utilization-v1/AB-08Q/sample-2/measurement.json,experiments/raw-results/retained/atomicbot-turboquant/2026-07-17/all-row-utilization-v1/AB-08Q/sample-2/measurement.json,684,db18ad923ae3ba1a0bf9212228d95399dc2680e7534c74d92adaeac41d015861,"[""atomicbot-resource-db18ad923ae3ba1a""]",,,,retain_active,recovery-5ec36c25826c
atomicbot-turboquant,experiments/raw-results/atomicbot-turboquant/2026-07-17/all-row-utilization-v1/AB-08Q/sample-2/stderr.txt,experiments/raw-results/retained/atomicbot-turboquant/2026-07-17/all-row-utilization-v1/AB-08Q/sample-2/stderr.txt,15578,c472a74af4d9ad5777c27cb2bec8cee0fcf2a639aaf2954c5c63cbe3eacb60e6,[],,,,retain_active,recovery-5ec36c25826c
atomicbot-turboquant,experiments/raw-results/atomicbot-turboquant/2026-07-17/all-row-utilization-v1/AB-08Q/sample-2/utilization-samples.csv,experiments/raw-results/retained/atomicbot-turboquant/2026-07-17/all-row-utilization-v1/AB-08Q/sample-2/utilization-samples.csv,824,658e328d85a3830b266ec2269eb8790628b81a0b678025afa518f9d5e548996a,"[""EVID-2ff1479273ed7b5a05e2""]",,,,retain_active,recovery-5ec36c25826c
atomicbot-turboquant,experiments/raw-results/atomicbot-turboquant/2026-07-17/all-row-utilization-v1/AB-08Q/sample-3/measurement.json,experiments/raw-results/retained/atomicbot-turboquant/2026-07-17/all-row-utilization-v1/AB-08Q/sample-3/measurement.json,683,a7266baa8b538c1d64795c369a6c2102b4f739ef5dd0a968fc436093a7f94e1d,"[""atomicbot-resource-a7266baa8b538c1d""]",,,,retain_active,recovery-5ec36c25826c
atomicbot-turboquant,experiments/raw-results/atomicbot-turboquant/2026-07-17/all-row-utilization-v1/AB-08Q/sample-3/stderr.txt,experiments/raw-results/retained/atomicbot-turboquant/2026-07-17/all-row-utilization-v1/AB-08Q/sample-3/stderr.txt,15578,26110530203ac5e8a7892530513315700a2bbe86d837f91f689570801d809e82,[],,,,retain_active,recovery-5ec36c25826c
atomicbot-turboquant,experiments/raw-results/atomicbot-turboquant/2026-07-17/all-row-utilization-v1/AB-08Q/sample-3/utilization-samples.csv,experiments/raw-results/retained/atomicbot-turboquant/2026-07-17/all-row-utilization-v1/AB-08Q/sample-3/utilization-samples.csv,824,b12bb2e11b252067da3b2a4d630773b61b093fd0576b702d65e05d47c3640924,"[""EVID-ae1c042bc2ea20c2ac2e""]",,,,retain_active,recovery-5ec36c25826c
atomicbot-turboquant,experiments/raw-results/atomicbot-turboquant/2026-07-17/all-row-utilization-v1/AB-08Q/server-metrics-summary.json,experiments/raw-results/retained/atomicbot-turboquant/2026-07-17/all-row-utilization-v1/AB-08Q/server-metrics-summary.json,3116,6899523e2aef8c4e9813c422109ac8da73f3824a9aee0aab333b1f977e780ef7,"[""atomicbot-current-server-metrics-summary-6899523e2aef8c4e""]",,,,retain_active,recovery-5ec36c25826c
atomicbot-turboquant,experiments/raw-results/atomicbot-turboquant/2026-07-17/all-row-utilization-v1/AB-08Q/warmup/stderr.txt,experiments/raw-results/retained/atomicbot-turboquant/2026-07-17/all-row-utilization-v1/AB-08Q/warmup/stderr.txt,15578,decf1f193a1c308120ae82eaf0352e0eea79eb42937b7126f5c61343d55349d3,[],,,,retain_active,recovery-5ec36c25826c
atomicbot-turboquant,experiments/raw-results/atomicbot-turboquant/2026-07-17/all-row-utilization-v1/AB-09/pilot/stderr.txt,experiments/raw-results/retained/atomicbot-turboquant/2026-07-17/all-row-utilization-v1/AB-09/pilot/stderr.txt,15665,15d3fe9a5847cb8e2e2649dc705836e906015f38c53c76e435908589008f5e0d,[],,,,retain_active,recovery-5ec36c25826c
atomicbot-turboquant,experiments/raw-results/atomicbot-turboquant/2026-07-17/all-row-utilization-v1/AB-09/sample-1/measurement.json,experiments/raw-results/retained/atomicbot-turboquant/2026-07-17/all-row-utilization-v1/AB-09/sample-1/measurement.json,683,987c9fe92897b20325c6b1c4519acb6c18e85ba67da3310414a45c8fb6f6aefb,"[""atomicbot-resource-987c9fe92897b203""]",,,,retain_active,recovery-5ec36c25826c
atomicbot-turboquant,experiments/raw-results/atomicbot-turboquant/2026-07-17/all-row-utilization-v1/AB-09/sample-1/stderr.txt,experiments/raw-results/retained/atomicbot-turboquant/2026-07-17/all-row-utilization-v1/AB-09/sample-1/stderr.txt,15665,df1a38f4f9996faf59eded1f2d5c0a0fc81add75890c4d189d5851d6afdbccc1,[],,,,retain_active,recovery-5ec36c25826c
atomicbot-turboquant,experiments/raw-results/atomicbot-turboquant/2026-07-17/all-row-utilization-v1/AB-09/sample-1/utilization-samples.csv,experiments/raw-results/retained/atomicbot-turboquant/2026-07-17/all-row-utilization-v1/AB-09/sample-1/utilization-samples.csv,824,7bc3a15b0fa40c1d01ff475c8227cb73d981aaf83ba334832bcc3aa11be8b133,"[""EVID-45db26ec3f6616dc6913""]",,,,retain_active,recovery-5ec36c25826c
atomicbot-turboquant,experiments/raw-results/atomicbot-turboquant/2026-07-17/all-row-utilization-v1/AB-09/sample-2/measurement.json,experiments/raw-results/retained/atomicbot-turboquant/2026-07-17/all-row-utilization-v1/AB-09/sample-2/measurement.json,675,01d3605f80065fa4a538c0dbc4b65166521a5032742f313efeb4e675dc1d20ff,"[""atomicbot-resource-01d3605f80065fa4""]",,,,retain_active,recovery-5ec36c25826c
atomicbot-turboquant,experiments/raw-results/atomicbot-turboquant/2026-07-17/all-row-utilization-v1/AB-09/sample-2/stderr.txt,experiments/raw-results/retained/atomicbot-turboquant/2026-07-17/all-row-utilization-v1/AB-09/sample-2/stderr.txt,15665,cfc90180429a2a28184a94a60d4da49b84b62178266d60335abc4b5fa32c92e3,[],,,,retain_active,recovery-5ec36c25826c
atomicbot-turboquant,experiments/raw-results/atomicbot-turboquant/2026-07-17/all-row-utilization-v1/AB-09/sample-2/utilization-samples.csv,experiments/raw-results/retained/atomicbot-turboquant/2026-07-17/all-row-utilization-v1/AB-09/sample-2/utilization-samples.csv,824,58eecae1f20a29ea6322cdc969e02fddd4da76d91ae4e1498fbda5d1465f79b6,"[""EVID-62c516ef063b12d6f6f1""]",,,,retain_active,recovery-5ec36c25826c
atomicbot-turboquant,experiments/raw-results/atomicbot-turboquant/2026-07-17/all-row-utilization-v1/AB-09/sample-3/measurement.json,experiments/raw-results/retained/atomicbot-turboquant/2026-07-17/all-row-utilization-v1/AB-09/sample-3/measurement.json,684,4aef08ad8e497bfb35a6f2ce949cd55d2dff17249c0b236ee878445a291d53ad,"[""atomicbot-resource-4aef08ad8e497bfb""]",,,,retain_active,recovery-5ec36c25826c
atomicbot-turboquant,experiments/raw-results/atomicbot-turboquant/2026-07-17/all-row-utilization-v1/AB-09/sample-3/stderr.txt,experiments/raw-results/retained/atomicbot-turboquant/2026-07-17/all-row-utilization-v1/AB-09/sample-3/stderr.txt,15665,b12d0ed1a3064ef392b5f04f17f5403f4a466269fd3605e0744b76352a2b764f,[],,,,retain_active,recovery-5ec36c25826c
atomicbot-turboquant,experiments/raw-results/atomicbot-turboquant/2026-07-17/all-row-utilization-v1/AB-09/sample-3/utilization-samples.csv,experiments/raw-results/retained/atomicbot-turboquant/2026-07-17/all-row-utilization-v1/AB-09/sample-3/utilization-samples.csv,824,edd0f52c644be97f9eb2f4048391db5cf153402393f13a3d8fe4d6c6aa8c246d,"[""EVID-96f24ae10a918198f7c9""]",,,,retain_active,recovery-5ec36c25826c
atomicbot-turboquant,experiments/raw-results/atomicbot-turboquant/2026-07-17/all-row-utilization-v1/AB-09/server-metrics-summary.json,experiments/raw-results/retained/atomicbot-turboquant/2026-07-17/all-row-utilization-v1/AB-09/server-metrics-summary.json,3107,5d3d4e81f3f8febb50b73b8d99ab2e9e4ccc87af5dd4a2e0a4ee2a4541d95d27,"[""atomicbot-current-server-metrics-summary-5d3d4e81f3f8febb""]",,,,retain_active,recovery-5ec36c25826c
atomicbot-turboquant,experiments/raw-results/atomicbot-turboquant/2026-07-17/all-row-utilization-v1/AB-09/warmup/stderr.txt,experiments/raw-results/retained/atomicbot-turboquant/2026-07-17/all-row-utilization-v1/AB-09/warmup/stderr.txt,15665,ec9632761da602e271496de8354061a0efde51063ddb956ca28646159476cd4f,[],,,,retain_active,recovery-5ec36c25826c
atomicbot-turboquant,experiments/raw-results/atomicbot-turboquant/2026-07-17/all-row-utilization-v1/AB-10/pilot/stderr.txt,experiments/raw-results/retained/atomicbot-turboquant/2026-07-17/all-row-utilization-v1/AB-10/pilot/stderr.txt,15665,41b7411654fa1dff1c256639e5e39f07365ec826b436870ae7564be35982cdac,[],,,,retain_active,recovery-5ec36c25826c
atomicbot-turboquant,experiments/raw-results/atomicbot-turboquant/2026-07-17/all-row-utilization-v1/AB-10/sample-1/measurement.json,experiments/raw-results/retained/atomicbot-turboquant/2026-07-17/all-row-utilization-v1/AB-10/sample-1/measurement.json,677,5cc3af81d7d2a445f228872d14fb2f33d12b0204db7b738929f86338fc5f0fbd,"[""atomicbot-resource-5cc3af81d7d2a445""]",,,,retain_active,recovery-5ec36c25826c
atomicbot-turboquant,experiments/raw-results/atomicbot-turboquant/2026-07-17/all-row-utilization-v1/AB-10/sample-1/stderr.txt,experiments/raw-results/retained/atomicbot-turboquant/2026-07-17/all-row-utilization-v1/AB-10/sample-1/stderr.txt,15665,f3efc769e66d74b3c8bfb8481b6df4dc5da61703919a54497f15a0353d4797be,[],,,,retain_active,recovery-5ec36c25826c
atomicbot-turboquant,experiments/raw-results/atomicbot-turboquant/2026-07-17/all-row-utilization-v1/AB-10/sample-1/utilization-samples.csv,experiments/raw-results/retained/atomicbot-turboquant/2026-07-17/all-row-utilization-v1/AB-10/sample-1/utilization-samples.csv,824,fd1d034a69e7aa43d87f5d4ad81cf285707702b664b9afeb465fa64d8cd478c5,"[""EVID-ad925037c820d6075e67""]",,,,retain_active,recovery-5ec36c25826c
atomicbot-turboquant,experiments/raw-results/atomicbot-turboquant/2026-07-17/all-row-utilization-v1/AB-10/sample-2/measurement.json,experiments/raw-results/retained/atomicbot-turboquant/2026-07-17/all-row-utilization-v1/AB-10/sample-2/measurement.json,680,dca37519afef85a22331382b36b631e4d7ae44ae94844d71d49623961ef85623,"[""atomicbot-resource-dca37519afef85a2""]",,,,retain_active,recovery-5ec36c25826c
atomicbot-turboquant,experiments/raw-results/atomicbot-turboquant/2026-07-17/all-row-utilization-v1/AB-10/sample-2/stderr.txt,experiments/raw-results/retained/atomicbot-turboquant/2026-07-17/all-row-utilization-v1/AB-10/sample-2/stderr.txt,15665,bbe92e12bbeebdb5f6df54c227d67ce9ee3800d628885b615f81c9e68f3df165,[],,,,retain_active,recovery-5ec36c25826c
atomicbot-turboquant,experiments/raw-results/atomicbot-turboquant/2026-07-17/all-row-utilization-v1/AB-10/sample-2/utilization-samples.csv,experiments/raw-results/retained/atomicbot-turboquant/2026-07-17/all-row-utilization-v1/AB-10/sample-2/utilization-samples.csv,824,fe14c5bbb195ba49317950a82eb36c69378a5edee1f0f831900d436b57c87219,"[""EVID-79c091063ef0c73a9d5e""]",,,,retain_active,recovery-5ec36c25826c
atomicbot-turboquant,experiments/raw-results/atomicbot-turboquant/2026-07-17/all-row-utilization-v1/AB-10/sample-3/measurement.json,experiments/raw-results/retained/atomicbot-turboquant/2026-07-17/all-row-utilization-v1/AB-10/sample-3/measurement.json,683,6df28a3ea21179d2085db562167562572dfbf243e115a14da90efab5e73f7784,"[""atomicbot-resource-6df28a3ea21179d2""]",,,,retain_active,recovery-5ec36c25826c
atomicbot-turboquant,experiments/raw-results/atomicbot-turboquant/2026-07-17/all-row-utilization-v1/AB-10/sample-3/stderr.txt,experiments/raw-results/retained/atomicbot-turboquant/2026-07-17/all-row-utilization-v1/AB-10/sample-3/stderr.txt,15665,391f3a8f543787fd8211f7a5703140bcd47a57bb95f40e0670f80e57a248bd15,[],,,,retain_active,recovery-5ec36c25826c
atomicbot-turboquant,experiments/raw-results/atomicbot-turboquant/2026-07-17/all-row-utilization-v1/AB-10/sample-3/utilization-samples.csv,experiments/raw-results/retained/atomicbot-turboquant/2026-07-17/all-row-utilization-v1/AB-10/sample-3/utilization-samples.csv,824,5be0b6817f53afb89bc319363d896bdf8f1cf3069ee77e40054591f4e66da713,"[""EVID-a5764619cf1da59a8e0a""]",,,,retain_active,recovery-5ec36c25826c
atomicbot-turboquant,experiments/raw-results/atomicbot-turboquant/2026-07-17/all-row-utilization-v1/AB-10/server-metrics-summary.json,experiments/raw-results/retained/atomicbot-turboquant/2026-07-17/all-row-utilization-v1/AB-10/server-metrics-summary.json,3103,318d59c63334a9d7545bef81159aa7ad7d9b400484987af891ee566004e3e1ca,"[""atomicbot-current-server-metrics-summary-318d59c63334a9d7""]",,,,retain_active,recovery-5ec36c25826c
atomicbot-turboquant,experiments/raw-results/atomicbot-turboquant/2026-07-17/all-row-utilization-v1/AB-10/warmup/stderr.txt,experiments/raw-results/retained/atomicbot-turboquant/2026-07-17/all-row-utilization-v1/AB-10/warmup/stderr.txt,15665,3a7e7b7c2e54ccb05a09d8fb7a799b7f9b6e4e9a389d470b6ba3493e828ae6b9,[],,,,retain_active,recovery-5ec36c25826c
atomicbot-turboquant,experiments/raw-results/atomicbot-turboquant/2026-07-17/all-row-utilization-v1/AB-11/pilot/stderr.txt,experiments/raw-results/retained/atomicbot-turboquant/2026-07-17/all-row-utilization-v1/AB-11/pilot/stderr.txt,15843,995f240da497eed64941ea145a5687525bde2065b4d875d820d0285fca485d0e,[],,,,retain_active,recovery-5ec36c25826c
atomicbot-turboquant,experiments/raw-results/atomicbot-turboquant/2026-07-17/all-row-utilization-v1/AB-11/sample-1/measurement.json,experiments/raw-results/retained/atomicbot-turboquant/2026-07-17/all-row-utilization-v1/AB-11/sample-1/measurement.json,694,0cea64220b7f30b3874d35944566268c8834fe8ad7057553a9c12a9357b1b46e,"[""atomicbot-resource-0cea64220b7f30b3""]",,,,retain_active,recovery-5ec36c25826c
atomicbot-turboquant,experiments/raw-results/atomicbot-turboquant/2026-07-17/all-row-utilization-v1/AB-11/sample-1/stderr.txt,experiments/raw-results/retained/atomicbot-turboquant/2026-07-17/all-row-utilization-v1/AB-11/sample-1/stderr.txt,15843,c191a5043e45d15644214b3e6239a75bda2953bc51eec0fa4f78e049d9964c86,[],,,,retain_active,recovery-5ec36c25826c
atomicbot-turboquant,experiments/raw-results/atomicbot-turboquant/2026-07-17/all-row-utilization-v1/AB-11/sample-1/utilization-samples.csv,experiments/raw-results/retained/atomicbot-turboquant/2026-07-17/all-row-utilization-v1/AB-11/sample-1/utilization-samples.csv,430,eb6b709add42e342bc63074ae8da83d2694f27c5f017efcdef36ac0e1588da70,"[""EVID-625077f743e3810b543e""]",,,,retain_active,recovery-5ec36c25826c
atomicbot-turboquant,experiments/raw-results/atomicbot-turboquant/2026-07-17/all-row-utilization-v1/AB-11/sample-2/measurement.json,experiments/raw-results/retained/atomicbot-turboquant/2026-07-17/all-row-utilization-v1/AB-11/sample-2/measurement.json,690,db3088010f3a7569040d553f5f220ba8fca60b18e000ad39efd6cdd571f040b2,"[""atomicbot-resource-db3088010f3a7569""]",,,,retain_active,recovery-5ec36c25826c
atomicbot-turboquant,experiments/raw-results/atomicbot-turboquant/2026-07-17/all-row-utilization-v1/AB-11/sample-2/stderr.txt,experiments/raw-results/retained/atomicbot-turboquant/2026-07-17/all-row-utilization-v1/AB-11/sample-2/stderr.txt,15843,f92a01c697126be4642f1d2e3892f1deca7e6d6609069e42954a57933df48361,[],,,,retain_active,recovery-5ec36c25826c
atomicbot-turboquant,experiments/raw-results/atomicbot-turboquant/2026-07-17/all-row-utilization-v1/AB-11/sample-2/utilization-samples.csv,experiments/raw-results/retained/atomicbot-turboquant/2026-07-17/all-row-utilization-v1/AB-11/sample-2/utilization-samples.csv,430,444ffdfc49823b351bb261c425f15c7e97eef5bf57b623614ad2b1a5fda0be93,"[""EVID-46901e38af2eaa4f2813""]",,,,retain_active,recovery-5ec36c25826c
atomicbot-turboquant,experiments/raw-results/atomicbot-turboquant/2026-07-17/all-row-utilization-v1/AB-11/sample-3/measurement.json,experiments/raw-results/retained/atomicbot-turboquant/2026-07-17/all-row-utilization-v1/AB-11/sample-3/measurement.json,692,26a839706d0d9f4df7f1e7480a02851c97a3e5dcbb497fe5c592620b47d383b2,"[""atomicbot-resource-26a839706d0d9f4d""]",,,,retain_active,recovery-5ec36c25826c
atomicbot-turboquant,experiments/raw-results/atomicbot-turboquant/2026-07-17/all-row-utilization-v1/AB-11/sample-3/stderr.txt,experiments/raw-results/retained/atomicbot-turboquant/2026-07-17/all-row-utilization-v1/AB-11/sample-3/stderr.txt,15843,75a8a55c3b7d84a3d573cd6ac794e4bd0601e500226d5bac1a59d83808e87e52,[],,,,retain_active,recovery-5ec36c25826c
atomicbot-turboquant,experiments/raw-results/atomicbot-turboquant/2026-07-17/all-row-utilization-v1/AB-11/sample-3/utilization-samples.csv,experiments/raw-results/retained/atomicbot-turboquant/2026-07-17/all-row-utilization-v1/AB-11/sample-3/utilization-samples.csv,377,41d640e21c4227af908ebd7d827765c5d415958c7357c00679eee9e75e6b6e3b,"[""EVID-b9c202e5b3cd54802118""]",,,,retain_active,recovery-5ec36c25826c
atomicbot-turboquant,experiments/raw-results/atomicbot-turboquant/2026-07-17/all-row-utilization-v1/AB-11/server-metrics-summary.json,experiments/raw-results/retained/atomicbot-turboquant/2026-07-17/all-row-utilization-v1/AB-11/server-metrics-summary.json,3168,fe564ffc3ad6d8d3e2757e1c638c757452ed2e10bb41cd6f71c323cb841d416a,"[""atomicbot-current-server-metrics-summary-fe564ffc3ad6d8d3""]",,,,retain_active,recovery-5ec36c25826c
atomicbot-turboquant,experiments/raw-results/atomicbot-turboquant/2026-07-17/all-row-utilization-v1/AB-11/warmup/stderr.txt,experiments/raw-results/retained/atomicbot-turboquant/2026-07-17/all-row-utilization-v1/AB-11/warmup/stderr.txt,15843,25d50147765133e7d6a9e08dbb1e676f97af747d0bc37b8a2e84e08b6f232794,[],,,,retain_active,recovery-5ec36c25826c
atomicbot-turboquant,experiments/raw-results/atomicbot-turboquant/2026-07-17/all-row-utilization-v1/AB-12/pilot/stderr.txt,experiments/raw-results/retained/atomicbot-turboquant/2026-07-17/all-row-utilization-v1/AB-12/pilot/stderr.txt,16116,bad37d098e3f0bb84f15605be331efbf6104bef8f518174192020a942d41a9bc,[],,,,retain_active,recovery-5ec36c25826c
atomicbot-turboquant,experiments/raw-results/atomicbot-turboquant/2026-07-17/all-row-utilization-v1/AB-12/sample-1/measurement.json,experiments/raw-results/retained/atomicbot-turboquant/2026-07-17/all-row-utilization-v1/AB-12/sample-1/measurement.json,686,ac7e4ebe0724b0fe44a1485e623bd17d8bffab134b148067cda9da740ffe1039,"[""atomicbot-resource-ac7e4ebe0724b0fe""]",,,,retain_active,recovery-5ec36c25826c
atomicbot-turboquant,experiments/raw-results/atomicbot-turboquant/2026-07-17/all-row-utilization-v1/AB-12/sample-1/stderr.txt,experiments/raw-results/retained/atomicbot-turboquant/2026-07-17/all-row-utilization-v1/AB-12/sample-1/stderr.txt,16116,ff9d24067b7316e26dc49e771ab5c62684ead436cfebd751e316188acda65139,[],,,,retain_active,recovery-5ec36c25826c
atomicbot-turboquant,experiments/raw-results/atomicbot-turboquant/2026-07-17/all-row-utilization-v1/AB-12/sample-1/utilization-samples.csv,experiments/raw-results/retained/atomicbot-turboquant/2026-07-17/all-row-utilization-v1/AB-12/sample-1/utilization-samples.csv,483,34334ddecedef83995163f8780d2554671a97fdd75063922f4252eb5817808ae,"[""EVID-e126b1db323e238494df""]",,,,retain_active,recovery-5ec36c25826c
atomicbot-turboquant,experiments/raw-results/atomicbot-turboquant/2026-07-17/all-row-utilization-v1/AB-12/sample-2/measurement.json,experiments/raw-results/retained/atomicbot-turboquant/2026-07-17/all-row-utilization-v1/AB-12/sample-2/measurement.json,679,70b86fe564b4af19897da8d4df07565c5f4942ede127a4f6b2c24a76a8d0d3ee,"[""atomicbot-resource-70b86fe564b4af19""]",,,,retain_active,recovery-5ec36c25826c
atomicbot-turboquant,experiments/raw-results/atomicbot-turboquant/2026-07-17/all-row-utilization-v1/AB-12/sample-2/stderr.txt,experiments/raw-results/retained/atomicbot-turboquant/2026-07-17/all-row-utilization-v1/AB-12/sample-2/stderr.txt,16116,8155fd421ccfea8c6caa68b62bf03b704e980fa928ee99714eac563829e37382,[],,,,retain_active,recovery-5ec36c25826c
atomicbot-turboquant,experiments/raw-results/atomicbot-turboquant/2026-07-17/all-row-utilization-v1/AB-12/sample-2/utilization-samples.csv,experiments/raw-results/retained/atomicbot-turboquant/2026-07-17/all-row-utilization-v1/AB-12/sample-2/utilization-samples.csv,483,bc8590643998b9d728baffae436dab4851d2b1b89b9f91dd24acb5967f7eb9de,"[""EVID-f4dd8ae8e6ed98fb5c52""]",,,,retain_active,recovery-5ec36c25826c
atomicbot-turboquant,experiments/raw-results/atomicbot-turboquant/2026-07-17/all-row-utilization-v1/AB-12/sample-3/measurement.json,experiments/raw-results/retained/atomicbot-turboquant/2026-07-17/all-row-utilization-v1/AB-12/sample-3/measurement.json,678,e7bb975837a43148a9b8d7cc6d5cfb3c5eda8110926cbb59619dce38467c7502,"[""atomicbot-resource-e7bb975837a43148""]",,,,retain_active,recovery-5ec36c25826c
atomicbot-turboquant,experiments/raw-results/atomicbot-turboquant/2026-07-17/all-row-utilization-v1/AB-12/sample-3/stderr.txt,experiments/raw-results/retained/atomicbot-turboquant/2026-07-17/all-row-utilization-v1/AB-12/sample-3/stderr.txt,16116,b9e6d5a05a32554cafbc222a48b9dc85cb6d520a985d4b037a07b140ba0c7440,[],,,,retain_active,recovery-5ec36c25826c
atomicbot-turboquant,experiments/raw-results/atomicbot-turboquant/2026-07-17/all-row-utilization-v1/AB-12/sample-3/utilization-samples.csv,experiments/raw-results/retained/atomicbot-turboquant/2026-07-17/all-row-utilization-v1/AB-12/sample-3/utilization-samples.csv,483,9144db4721f4a7c85b80b5a31da88dd54e661a61406c6448c34d0406fc3b1d8b,"[""EVID-ee35228c1040c4f08483""]",,,,retain_active,recovery-5ec36c25826c
atomicbot-turboquant,experiments/raw-results/atomicbot-turboquant/2026-07-17/all-row-utilization-v1/AB-12/server-metrics-summary.json,experiments/raw-results/retained/atomicbot-turboquant/2026-07-17/all-row-utilization-v1/AB-12/server-metrics-summary.json,3134,719cedba4ea577295a1a0bf50d3cdbb1e7fcba600a5e1f62eb3358d29f864fed,"[""atomicbot-current-server-metrics-summary-719cedba4ea57729""]",,,,retain_active,recovery-5ec36c25826c
atomicbot-turboquant,experiments/raw-results/atomicbot-turboquant/2026-07-17/all-row-utilization-v1/AB-12/warmup/stderr.txt,experiments/raw-results/retained/atomicbot-turboquant/2026-07-17/all-row-utilization-v1/AB-12/warmup/stderr.txt,16116,1bf645d95b827f70c36611da6ee5ca736f8aba579011e5785cb9d48d733e69ce,[],,,,retain_active,recovery-5ec36c25826c
atomicbot-turboquant,experiments/raw-results/atomicbot-turboquant/2026-07-17/all-row-utilization-v1/AB-13/pilot/stderr.txt,experiments/raw-results/retained/atomicbot-turboquant/2026-07-17/all-row-utilization-v1/AB-13/pilot/stderr.txt,16088,a3da04a41c6a30daf6362729b2f1848631f89d6e2c375ddd613e8b20cabf737e,[],,,,retain_active,recovery-5ec36c25826c
atomicbot-turboquant,experiments/raw-results/atomicbot-turboquant/2026-07-17/all-row-utilization-v1/AB-13/sample-1/measurement.json,experiments/raw-results/retained/atomicbot-turboquant/2026-07-17/all-row-utilization-v1/AB-13/sample-1/measurement.json,700,7f7572d35fe656018e871790ac8bfa6daf5e3705a39d1117e313e85b56943a46,"[""atomicbot-resource-7f7572d35fe65601""]",,,,retain_active,recovery-5ec36c25826c
atomicbot-turboquant,experiments/raw-results/atomicbot-turboquant/2026-07-17/all-row-utilization-v1/AB-13/sample-1/stderr.txt,experiments/raw-results/retained/atomicbot-turboquant/2026-07-17/all-row-utilization-v1/AB-13/sample-1/stderr.txt,16088,03c46cef6cb196a1642b206d7da50e61b1eae1b94376c533a84be3adeef6b2c6,[],,,,retain_active,recovery-5ec36c25826c
atomicbot-turboquant,experiments/raw-results/atomicbot-turboquant/2026-07-17/all-row-utilization-v1/AB-13/sample-1/utilization-samples.csv,experiments/raw-results/retained/atomicbot-turboquant/2026-07-17/all-row-utilization-v1/AB-13/sample-1/utilization-samples.csv,788,bed6e0a6c6672ff4a319c72cd15ffe54615c69c9642fe521ad50abb470a68f4e,"[""EVID-c1e4b60a6837abf99a6b""]",,,,retain_active,recovery-5ec36c25826c
atomicbot-turboquant,experiments/raw-results/atomicbot-turboquant/2026-07-17/all-row-utilization-v1/AB-13/sample-2/measurement.json,experiments/raw-results/retained/atomicbot-turboquant/2026-07-17/all-row-utilization-v1/AB-13/sample-2/measurement.json,699,ad5e8b2e398297cc95778f7250ab66b99bc0d9c0f39e67c3ed060ac8f5dd0684,"[""atomicbot-resource-ad5e8b2e398297cc""]",,,,retain_active,recovery-5ec36c25826c
atomicbot-turboquant,experiments/raw-results/atomicbot-turboquant/2026-07-17/all-row-utilization-v1/AB-13/sample-2/stderr.txt,experiments/raw-results/retained/atomicbot-turboquant/2026-07-17/all-row-utilization-v1/AB-13/sample-2/stderr.txt,16088,19c8dfc7bc0c3da4b5b71d333739b6193ebe8b13aa0f4217762b6e59eb83cc4d,[],,,,retain_active,recovery-5ec36c25826c
atomicbot-turboquant,experiments/raw-results/atomicbot-turboquant/2026-07-17/all-row-utilization-v1/AB-13/sample-2/utilization-samples.csv,experiments/raw-results/retained/atomicbot-turboquant/2026-07-17/all-row-utilization-v1/AB-13/sample-2/utilization-samples.csv,735,9e10c4780daf2cfe81f9b949bf1c2c088f6db55a1a2e2239856c7fbc45ffb3ff,"[""EVID-cac81abd5a4fa1b8f2f9""]",,,,retain_active,recovery-5ec36c25826c
atomicbot-turboquant,experiments/raw-results/atomicbot-turboquant/2026-07-17/all-row-utilization-v1/AB-13/sample-3/measurement.json,experiments/raw-results/retained/atomicbot-turboquant/2026-07-17/all-row-utilization-v1/AB-13/sample-3/measurement.json,697,c6f70e054b0427edc06ce84eb4b6ceed24e4e307fbbd390c09f1e560121c9823,"[""atomicbot-resource-c6f70e054b0427ed""]",,,,retain_active,recovery-5ec36c25826c
atomicbot-turboquant,experiments/raw-results/atomicbot-turboquant/2026-07-17/all-row-utilization-v1/AB-13/sample-3/stderr.txt,experiments/raw-results/retained/atomicbot-turboquant/2026-07-17/all-row-utilization-v1/AB-13/sample-3/stderr.txt,16088,f363e42e24f8e37601e57b6255e1a46de602c985f26d50daed75973043b4b575,[],,,,retain_active,recovery-5ec36c25826c
atomicbot-turboquant,experiments/raw-results/atomicbot-turboquant/2026-07-17/all-row-utilization-v1/AB-13/sample-3/utilization-samples.csv,experiments/raw-results/retained/atomicbot-turboquant/2026-07-17/all-row-utilization-v1/AB-13/sample-3/utilization-samples.csv,735,0118390c1f85f3b9e1b0c4e2c03bf3332882a80000eca7f79ad042395e186499,"[""EVID-a57b801e7fed30c80667""]",,,,retain_active,recovery-5ec36c25826c
atomicbot-turboquant,experiments/raw-results/atomicbot-turboquant/2026-07-17/all-row-utilization-v1/AB-13/server-metrics-summary.json,experiments/raw-results/retained/atomicbot-turboquant/2026-07-17/all-row-utilization-v1/AB-13/server-metrics-summary.json,3184,0558af2051066b9bd528a72e8d2aa36aa24230925c814600fef6828993f8d857,"[""atomicbot-current-server-metrics-summary-0558af2051066b9b""]",,,,retain_active,recovery-5ec36c25826c
atomicbot-turboquant,experiments/raw-results/atomicbot-turboquant/2026-07-17/all-row-utilization-v1/AB-13/warmup/stderr.txt,experiments/raw-results/retained/atomicbot-turboquant/2026-07-17/all-row-utilization-v1/AB-13/warmup/stderr.txt,16088,3e658b39673166e6b22e01cbf6707defa8ef5e07f98c966a6d537561234e96bd,[],,,,retain_active,recovery-5ec36c25826c
atomicbot-turboquant,experiments/raw-results/atomicbot-turboquant/2026-07-17/all-row-utilization-v1/AB-14/pilot/stderr.txt,experiments/raw-results/retained/atomicbot-turboquant/2026-07-17/all-row-utilization-v1/AB-14/pilot/stderr.txt,15863,2e8a0605bd24eeaa895efd0100c4f619f1cf0300c510455a1f3fb2970c35ff16,[],,,,retain_active,recovery-5ec36c25826c
atomicbot-turboquant,experiments/raw-results/atomicbot-turboquant/2026-07-17/all-row-utilization-v1/AB-14/sample-1/measurement.json,experiments/raw-results/retained/atomicbot-turboquant/2026-07-17/all-row-utilization-v1/AB-14/sample-1/measurement.json,681,024b9e4c61595a5719a1aad9f86990c800df59694a82b87ab72d3dd630db3652,"[""atomicbot-resource-024b9e4c61595a57""]",,,,retain_active,recovery-5ec36c25826c
atomicbot-turboquant,experiments/raw-results/atomicbot-turboquant/2026-07-17/all-row-utilization-v1/AB-14/sample-1/stderr.txt,experiments/raw-results/retained/atomicbot-turboquant/2026-07-17/all-row-utilization-v1/AB-14/sample-1/stderr.txt,15863,10535e55a0a31537cd1d4e98c3b1a7f5e8a22d3090c6d8c4c3cd8842840d844a,[],,,,retain_active,recovery-5ec36c25826c
atomicbot-turboquant,experiments/raw-results/atomicbot-turboquant/2026-07-17/all-row-utilization-v1/AB-14/sample-1/utilization-samples.csv,experiments/raw-results/retained/atomicbot-turboquant/2026-07-17/all-row-utilization-v1/AB-14/sample-1/utilization-samples.csv,483,772ce9d42e1589c759f46fd03db178c4c3771c68d3473e2143c4a467c881bbed,"[""EVID-e76dbcf7433ecb002ef5""]",,,,retain_active,recovery-5ec36c25826c
atomicbot-turboquant,experiments/raw-results/atomicbot-turboquant/2026-07-17/all-row-utilization-v1/AB-14/sample-2/measurement.json,experiments/raw-results/retained/atomicbot-turboquant/2026-07-17/all-row-utilization-v1/AB-14/sample-2/measurement.json,680,3bb715c321a1413f48bee305d0fc3589223eac6f859dbd0098d4f6250fa0e8ab,"[""atomicbot-resource-3bb715c321a1413f""]",,,,retain_active,recovery-5ec36c25826c
atomicbot-turboquant,experiments/raw-results/atomicbot-turboquant/2026-07-17/all-row-utilization-v1/AB-14/sample-2/stderr.txt,experiments/raw-results/retained/atomicbot-turboquant/2026-07-17/all-row-utilization-v1/AB-14/sample-2/stderr.txt,15863,ef6007b02bec19438b369f3e51e1e8da5ea0724c45f1593195845d52582ab443,[],,,,retain_active,recovery-5ec36c25826c
atomicbot-turboquant,experiments/raw-results/atomicbot-turboquant/2026-07-17/all-row-utilization-v1/AB-14/sample-2/utilization-samples.csv,experiments/raw-results/retained/atomicbot-turboquant/2026-07-17/all-row-utilization-v1/AB-14/sample-2/utilization-samples.csv,907,4a9419693b4fd324f8b706ac1ab58cf5a2a5afe0fb4bf8893c4b6b8ce8bf6ecc,"[""EVID-ad382ddac7cef76295f2""]",,,,retain_active,recovery-5ec36c25826c
atomicbot-turboquant,experiments/raw-results/atomicbot-turboquant/2026-07-17/all-row-utilization-v1/AB-14/sample-3/measurement.json,experiments/raw-results/retained/atomicbot-turboquant/2026-07-17/all-row-utilization-v1/AB-14/sample-3/measurement.json,685,fa4da5eaf8a881a43b9113288bfde93e55a69795ce56b759afbbb3c1ff6a9b7e,"[""atomicbot-resource-fa4da5eaf8a881a4""]",,,,retain_active,recovery-5ec36c25826c
atomicbot-turboquant,experiments/raw-results/atomicbot-turboquant/2026-07-17/all-row-utilization-v1/AB-14/sample-3/stderr.txt,experiments/raw-results/retained/atomicbot-turboquant/2026-07-17/all-row-utilization-v1/AB-14/sample-3/stderr.txt,15863,83e56fa51c296b49a6d2bbb67037ba4cdae8d42ed7bea0d03d191a6e747e1f92,[],,,,retain_active,recovery-5ec36c25826c
atomicbot-turboquant,experiments/raw-results/atomicbot-turboquant/2026-07-17/all-row-utilization-v1/AB-14/sample-3/utilization-samples.csv,experiments/raw-results/retained/atomicbot-turboquant/2026-07-17/all-row-utilization-v1/AB-14/sample-3/utilization-samples.csv,906,0a31abb4eb2fa8402d4ffb0921293a25d7193ce97169eb88835554ea579c5003,"[""EVID-c6c3c604c452251f4dfc""]",,,,retain_active,recovery-5ec36c25826c
atomicbot-turboquant,experiments/raw-results/atomicbot-turboquant/2026-07-17/all-row-utilization-v1/AB-14/server-metrics-summary.json,experiments/raw-results/retained/atomicbot-turboquant/2026-07-17/all-row-utilization-v1/AB-14/server-metrics-summary.json,3119,5dec5b0beb1a56fe52d624102848870724042172ebbf297b7988ad91e9781b80,"[""atomicbot-current-server-metrics-summary-5dec5b0beb1a56fe""]",,,,retain_active,recovery-5ec36c25826c
atomicbot-turboquant,experiments/raw-results/atomicbot-turboquant/2026-07-17/all-row-utilization-v1/AB-14/warmup/stderr.txt,experiments/raw-results/retained/atomicbot-turboquant/2026-07-17/all-row-utilization-v1/AB-14/warmup/stderr.txt,15863,0a2f1ab87f779e43173d8304bec7eddef0ee925c4c74814b4b71f3f9f4e2250c,[],,,,retain_active,recovery-5ec36c25826c
atomicbot-turboquant,experiments/raw-results/atomicbot-turboquant/2026-07-17/all-row-utilization-v1/AB-15/pilot/stderr.txt,experiments/raw-results/retained/atomicbot-turboquant/2026-07-17/all-row-utilization-v1/AB-15/pilot/stderr.txt,15950,7867c24666fd947905383b202595cb55551693ee6026c19214d68a04c13c2521,[],,,,retain_active,recovery-5ec36c25826c
atomicbot-turboquant,experiments/raw-results/atomicbot-turboquant/2026-07-17/all-row-utilization-v1/AB-15/sample-1/measurement.json,experiments/raw-results/retained/atomicbot-turboquant/2026-07-17/all-row-utilization-v1/AB-15/sample-1/measurement.json,700,fee7092dd983245bf9b83b9bd69cdc3281d6a8e8c971c6f098812d1aef0015d8,"[""atomicbot-resource-fee7092dd983245b""]",,,,retain_active,recovery-5ec36c25826c
atomicbot-turboquant,experiments/raw-results/atomicbot-turboquant/2026-07-17/all-row-utilization-v1/AB-15/sample-1/stderr.txt,experiments/raw-results/retained/atomicbot-turboquant/2026-07-17/all-row-utilization-v1/AB-15/sample-1/stderr.txt,15950,605b524ab24e742191ae269abf4f8f2cc79d4e6a4668e7a8643b6d3c745c7a40,[],,,,retain_active,recovery-5ec36c25826c
atomicbot-turboquant,experiments/raw-results/atomicbot-turboquant/2026-07-17/all-row-utilization-v1/AB-15/sample-1/utilization-samples.csv,experiments/raw-results/retained/atomicbot-turboquant/2026-07-17/all-row-utilization-v1/AB-15/sample-1/utilization-samples.csv,1013,3c92ffd70180461f3ffd0910362ca7a50359b51143aefb7b031b53bc633714ab,"[""EVID-a97823e1897bccf9e8d7""]",,,,retain_active,recovery-5ec36c25826c
atomicbot-turboquant,experiments/raw-results/atomicbot-turboquant/2026-07-17/all-row-utilization-v1/AB-15/sample-2/measurement.json,experiments/raw-results/retained/atomicbot-turboquant/2026-07-17/all-row-utilization-v1/AB-15/sample-2/measurement.json,686,f9f1eb968ad711020d8042bbff2d2c8fb17e7c1db11e276dcbb382c10dfa2def,"[""atomicbot-resource-f9f1eb968ad71102""]",,,,retain_active,recovery-5ec36c25826c
atomicbot-turboquant,experiments/raw-results/atomicbot-turboquant/2026-07-17/all-row-utilization-v1/AB-15/sample-2/stderr.txt,experiments/raw-results/retained/atomicbot-turboquant/2026-07-17/all-row-utilization-v1/AB-15/sample-2/stderr.txt,15950,8e6f4c656f01192d6e9d5748018da422334e63aae0be3baa26c8644732252dc7,[],,,,retain_active,recovery-5ec36c25826c
atomicbot-turboquant,experiments/raw-results/atomicbot-turboquant/2026-07-17/all-row-utilization-v1/AB-15/sample-2/utilization-samples.csv,experiments/raw-results/retained/atomicbot-turboquant/2026-07-17/all-row-utilization-v1/AB-15/sample-2/utilization-samples.csv,1013,59d02fc75ee20bdb7b7ffe7955752649fbda2e3ca1c4bc5da4fc5a56a55ad16e,"[""EVID-c319f022f6c4cdbd1711""]",,,,retain_active,recovery-5ec36c25826c
atomicbot-turboquant,experiments/raw-results/atomicbot-turboquant/2026-07-17/all-row-utilization-v1/AB-15/sample-3/measurement.json,experiments/raw-results/retained/atomicbot-turboquant/2026-07-17/all-row-utilization-v1/AB-15/sample-3/measurement.json,707,0824c929e5de90bddd5bba3db848e71b2565ad1ec6b5999c71a6d243e180c86c,"[""atomicbot-resource-0824c929e5de90bd""]",,,,retain_active,recovery-5ec36c25826c
atomicbot-turboquant,experiments/raw-results/atomicbot-turboquant/2026-07-17/all-row-utilization-v1/AB-15/sample-3/stderr.txt,experiments/raw-results/retained/atomicbot-turboquant/2026-07-17/all-row-utilization-v1/AB-15/sample-3/stderr.txt,15950,7c3b3ff72db6ad726add019de6930d16ae22a330c1e90b4be17bd97327b07b2c,[],,,,retain_active,recovery-5ec36c25826c
atomicbot-turboquant,experiments/raw-results/atomicbot-turboquant/2026-07-17/all-row-utilization-v1/AB-15/sample-3/utilization-samples.csv,experiments/raw-results/retained/atomicbot-turboquant/2026-07-17/all-row-utilization-v1/AB-15/sample-3/utilization-samples.csv,1012,9e763126989afcd92a81bec8332756b5732eca06fd74cc59f6bbcb9f91fa0a6d,"[""EVID-1b5d1d29897495b6c299""]",,,,retain_active,recovery-5ec36c25826c
atomicbot-turboquant,experiments/raw-results/atomicbot-turboquant/2026-07-17/all-row-utilization-v1/AB-15/server-metrics-summary.json,experiments/raw-results/retained/atomicbot-turboquant/2026-07-17/all-row-utilization-v1/AB-15/server-metrics-summary.json,3185,c43d0eca4c6085884be330931e03098a5cb2f9ed0f4792741c597424d70e6c56,"[""atomicbot-current-server-metrics-summary-c43d0eca4c608588""]",,,,retain_active,recovery-5ec36c25826c
atomicbot-turboquant,experiments/raw-results/atomicbot-turboquant/2026-07-17/all-row-utilization-v1/AB-15/warmup/stderr.txt,experiments/raw-results/retained/atomicbot-turboquant/2026-07-17/all-row-utilization-v1/AB-15/warmup/stderr.txt,15950,a184af48cf92bd6e9458b1d2f089176308bed1cec19a813b947ae19ea4812c5f,[],,,,retain_active,recovery-5ec36c25826c
atomicbot-turboquant,experiments/raw-results/atomicbot-turboquant/2026-07-17/all-row-utilization-v1/AB-15M/pilot/stderr.txt,experiments/raw-results/retained/atomicbot-turboquant/2026-07-17/all-row-utilization-v1/AB-15M/pilot/stderr.txt,15922,4c8d8e9a2b9517ee23651df6e6499988c26f567289a0e9f38334a53f7a760bc2,[],,,,retain_active,recovery-5ec36c25826c
atomicbot-turboquant,experiments/raw-results/atomicbot-turboquant/2026-07-17/all-row-utilization-v1/AB-15M/sample-1/measurement.json,experiments/raw-results/retained/atomicbot-turboquant/2026-07-17/all-row-utilization-v1/AB-15M/sample-1/measurement.json,693,ef329b913667a3ffa9166491740efad0fd15541219a8780c1231b426276c3267,"[""atomicbot-resource-ef329b913667a3ff""]",,,,retain_active,recovery-5ec36c25826c
atomicbot-turboquant,experiments/raw-results/atomicbot-turboquant/2026-07-17/all-row-utilization-v1/AB-15M/sample-1/stderr.txt,experiments/raw-results/retained/atomicbot-turboquant/2026-07-17/all-row-utilization-v1/AB-15M/sample-1/stderr.txt,15922,de00024c4ee7d4cb75d8caacc34b987c4a8c849c7e41f15f79c0f07741f5c4ba,[],,,,retain_active,recovery-5ec36c25826c
atomicbot-turboquant,experiments/raw-results/atomicbot-turboquant/2026-07-17/all-row-utilization-v1/AB-15M/sample-1/utilization-samples.csv,experiments/raw-results/retained/atomicbot-turboquant/2026-07-17/all-row-utilization-v1/AB-15M/sample-1/utilization-samples.csv,1309,8805c88b4c3bb546d0e547097f2fa1035c378093093eec34a55b3eab25a21115,"[""EVID-47de4e1b31325b0ee43e""]",,,,retain_active,recovery-5ec36c25826c
atomicbot-turboquant,experiments/raw-results/atomicbot-turboquant/2026-07-17/all-row-utilization-v1/AB-15M/sample-2/measurement.json,experiments/raw-results/retained/atomicbot-turboquant/2026-07-17/all-row-utilization-v1/AB-15M/sample-2/measurement.json,689,b7eaf8dfbd72d707f7cfc3ced22feabab0ff4f247a649e2b79a983d9add5045a,"[""atomicbot-resource-b7eaf8dfbd72d707""]",,,,retain_active,recovery-5ec36c25826c
atomicbot-turboquant,experiments/raw-results/atomicbot-turboquant/2026-07-17/all-row-utilization-v1/AB-15M/sample-2/stderr.txt,experiments/raw-results/retained/atomicbot-turboquant/2026-07-17/all-row-utilization-v1/AB-15M/sample-2/stderr.txt,15922,1523d2cc766fffebe4bd3a304338cb3a59fd4f77830af20ec5a062d9c689f684,[],,,,retain_active,recovery-5ec36c25826c
atomicbot-turboquant,experiments/raw-results/atomicbot-turboquant/2026-07-17/all-row-utilization-v1/AB-15M/sample-2/utilization-samples.csv,experiments/raw-results/retained/atomicbot-turboquant/2026-07-17/all-row-utilization-v1/AB-15M/sample-2/utilization-samples.csv,1307,a41e2738df42723e2a5f818c581bf3c39707e480312cd34202ec82cda16227b8,"[""EVID-00aacf23b28a78f3b4cb""]",,,,retain_active,recovery-5ec36c25826c
atomicbot-turboquant,experiments/raw-results/atomicbot-turboquant/2026-07-17/all-row-utilization-v1/AB-15M/sample-3/measurement.json,experiments/raw-results/retained/atomicbot-turboquant/2026-07-17/all-row-utilization-v1/AB-15M/sample-3/measurement.json,688,0912fead90f4553053180ca11c8f9c114c0ae7ed7539d601a0c2768755f0a7f9,"[""atomicbot-resource-0912fead90f45530""]",,,,retain_active,recovery-5ec36c25826c
atomicbot-turboquant,experiments/raw-results/atomicbot-turboquant/2026-07-17/all-row-utilization-v1/AB-15M/sample-3/stderr.txt,experiments/raw-results/retained/atomicbot-turboquant/2026-07-17/all-row-utilization-v1/AB-15M/sample-3/stderr.txt,15922,d2520cc530fcd6cc587882b8e209d1b58529c3751a91ac671e856b40a08b1890,[],,,,retain_active,recovery-5ec36c25826c
atomicbot-turboquant,experiments/raw-results/atomicbot-turboquant/2026-07-17/all-row-utilization-v1/AB-15M/sample-3/utilization-samples.csv,experiments/raw-results/retained/atomicbot-turboquant/2026-07-17/all-row-utilization-v1/AB-15M/sample-3/utilization-samples.csv,1308,a0d547fe9fc0754408ef2b0bc59762f6e367afa6fb1e4a92bdd5630b72d7718f,"[""EVID-b35f15053b83eb16c61a""]",,,,retain_active,recovery-5ec36c25826c
atomicbot-turboquant,experiments/raw-results/atomicbot-turboquant/2026-07-17/all-row-utilization-v1/AB-15M/server-metrics-summary.json,experiments/raw-results/retained/atomicbot-turboquant/2026-07-17/all-row-utilization-v1/AB-15M/server-metrics-summary.json,3164,21249e37dc2cfbe92cd69518a0fa1451be880812242c03b3814a3aff4759b736,"[""atomicbot-current-server-metrics-summary-21249e37dc2cfbe9""]",,,,retain_active,recovery-5ec36c25826c
atomicbot-turboquant,experiments/raw-results/atomicbot-turboquant/2026-07-17/all-row-utilization-v1/AB-15M/warmup/stderr.txt,experiments/raw-results/retained/atomicbot-turboquant/2026-07-17/all-row-utilization-v1/AB-15M/warmup/stderr.txt,15922,7e951a4b36222a04d725be8eaafcb5016c9140a07b4e751461d617a926e5d701,[],,,,retain_active,recovery-5ec36c25826c
atomicbot-turboquant,experiments/raw-results/atomicbot-turboquant/2026-07-17/all-row-utilization-v1/AB-KV3-F16-4K/pilot/stderr.txt,experiments/raw-results/retained/atomicbot-turboquant/2026-07-17/all-row-utilization-v1/AB-KV3-F16-4K/pilot/stderr.txt,15565,35241a179510bc03477506c921f67633aaca9a3188023ecb11b114ab070faae7,[],,,,retain_active,recovery-5ec36c25826c
atomicbot-turboquant,experiments/raw-results/atomicbot-turboquant/2026-07-17/all-row-utilization-v1/AB-KV3-F16-4K/sample-1/measurement.json,experiments/raw-results/retained/atomicbot-turboquant/2026-07-17/all-row-utilization-v1/AB-KV3-F16-4K/sample-1/measurement.json,689,110b5b282652658fd31cfba88f3bf58a30a4209b1e85d446f7cbc3444be2f7b2,"[""atomicbot-resource-110b5b282652658f""]",,,,retain_active,recovery-5ec36c25826c
atomicbot-turboquant,experiments/raw-results/atomicbot-turboquant/2026-07-17/all-row-utilization-v1/AB-KV3-F16-4K/sample-1/stderr.txt,experiments/raw-results/retained/atomicbot-turboquant/2026-07-17/all-row-utilization-v1/AB-KV3-F16-4K/sample-1/stderr.txt,15565,58c313c0a813cde773cbafe2f8a6a1a0385708a4c8396b8dddb289feaa90b825,[],,,,retain_active,recovery-5ec36c25826c
atomicbot-turboquant,experiments/raw-results/atomicbot-turboquant/2026-07-17/all-row-utilization-v1/AB-KV3-F16-4K/sample-1/utilization-samples.csv,experiments/raw-results/retained/atomicbot-turboquant/2026-07-17/all-row-utilization-v1/AB-KV3-F16-4K/sample-1/utilization-samples.csv,365,1a76d4859df269f92873f72debc558f26704961ce5173a941aa7e7cab8fb0efa,"[""EVID-efec9b2fed630bc079ad""]",,,,retain_active,recovery-5ec36c25826c
atomicbot-turboquant,experiments/raw-results/atomicbot-turboquant/2026-07-17/all-row-utilization-v1/AB-KV3-F16-4K/sample-2/measurement.json,experiments/raw-results/retained/atomicbot-turboquant/2026-07-17/all-row-utilization-v1/AB-KV3-F16-4K/sample-2/measurement.json,682,192efe0b319ec903ea0f3547c7f833b866a5b14375bdf0ea849939c87fea3802,"[""atomicbot-resource-192efe0b319ec903""]",,,,retain_active,recovery-5ec36c25826c
atomicbot-turboquant,experiments/raw-results/atomicbot-turboquant/2026-07-17/all-row-utilization-v1/AB-KV3-F16-4K/sample-2/stderr.txt,experiments/raw-results/retained/atomicbot-turboquant/2026-07-17/all-row-utilization-v1/AB-KV3-F16-4K/sample-2/stderr.txt,15565,94ffcd5e6613cbf79494f1d1a021df84c6b0c66cf0c90d217ba09d418119fa51,[],,,,retain_active,recovery-5ec36c25826c
atomicbot-turboquant,experiments/raw-results/atomicbot-turboquant/2026-07-17/all-row-utilization-v1/AB-KV3-F16-4K/sample-2/utilization-samples.csv,experiments/raw-results/retained/atomicbot-turboquant/2026-07-17/all-row-utilization-v1/AB-KV3-F16-4K/sample-2/utilization-samples.csv,365,9bcd7a432af5149550ea38381e20b0ead457f274f70548a81fb35a68bd125f98,"[""EVID-35506717fa8f706ba6b9""]",,,,retain_active,recovery-5ec36c25826c
atomicbot-turboquant,experiments/raw-results/atomicbot-turboquant/2026-07-17/all-row-utilization-v1/AB-KV3-F16-4K/sample-3/measurement.json,experiments/raw-results/retained/atomicbot-turboquant/2026-07-17/all-row-utilization-v1/AB-KV3-F16-4K/sample-3/measurement.json,691,4c80f5cf8e86acab94e7d067a9c9340d001a7842531a09de60746b6a6f893b03,"[""atomicbot-resource-4c80f5cf8e86acab""]",,,,retain_active,recovery-5ec36c25826c
atomicbot-turboquant,experiments/raw-results/atomicbot-turboquant/2026-07-17/all-row-utilization-v1/AB-KV3-F16-4K/sample-3/stderr.txt,experiments/raw-results/retained/atomicbot-turboquant/2026-07-17/all-row-utilization-v1/AB-KV3-F16-4K/sample-3/stderr.txt,15565,0b519b082171792785759c27349d6d9987acfbbb1b70495e7d06ab4bdfca9f8d,[],,,,retain_active,recovery-5ec36c25826c
atomicbot-turboquant,experiments/raw-results/atomicbot-turboquant/2026-07-17/all-row-utilization-v1/AB-KV3-F16-4K/sample-3/utilization-samples.csv,experiments/raw-results/retained/atomicbot-turboquant/2026-07-17/all-row-utilization-v1/AB-KV3-F16-4K/sample-3/utilization-samples.csv,365,a972cd3b5e30a4f25c016e7321c82b5603e75acfd5ba64e57721dc9cf1d357ef,"[""EVID-b900dc6046ab8890a097""]",,,,retain_active,recovery-5ec36c25826c
atomicbot-turboquant,experiments/raw-results/atomicbot-turboquant/2026-07-17/all-row-utilization-v1/AB-KV3-F16-4K/server-metrics-summary.json,experiments/raw-results/retained/atomicbot-turboquant/2026-07-17/all-row-utilization-v1/AB-KV3-F16-4K/server-metrics-summary.json,3132,524fd11f69c67d70425834a88e395bf69990a2cadcd067110de5e08c8e03f51b,"[""atomicbot-current-server-metrics-summary-524fd11f69c67d70""]",,,,retain_active,recovery-5ec36c25826c
atomicbot-turboquant,experiments/raw-results/atomicbot-turboquant/2026-07-17/all-row-utilization-v1/AB-KV3-F16-4K/warmup/stderr.txt,experiments/raw-results/retained/atomicbot-turboquant/2026-07-17/all-row-utilization-v1/AB-KV3-F16-4K/warmup/stderr.txt,15565,ce498e19c18fe2051b5ef1bfc47e2766409d9cc69ecf3c89b30bbd35850bd73d,[],,,,retain_active,recovery-5ec36c25826c
atomicbot-turboquant,experiments/raw-results/atomicbot-turboquant/2026-07-17/all-row-utilization-v1/AB-KV8-F16-4K/pilot/stderr.txt,experiments/raw-results/retained/atomicbot-turboquant/2026-07-17/all-row-utilization-v1/AB-KV8-F16-4K/pilot/stderr.txt,15576,f853e772d912f7c69d2450fde1755c7272646efd7a820f8b52181058934f47ca,[],,,,retain_active,recovery-5ec36c25826c
atomicbot-turboquant,experiments/raw-results/atomicbot-turboquant/2026-07-17/all-row-utilization-v1/AB-KV8-F16-4K/sample-1/measurement.json,experiments/raw-results/retained/atomicbot-turboquant/2026-07-17/all-row-utilization-v1/AB-KV8-F16-4K/sample-1/measurement.json,684,1d19b6052cf6064b0fcd37b12d910f895ba91a533fa0ff5b5d09df3143be8d17,"[""atomicbot-resource-1d19b6052cf6064b""]",,,,retain_active,recovery-5ec36c25826c
atomicbot-turboquant,experiments/raw-results/atomicbot-turboquant/2026-07-17/all-row-utilization-v1/AB-KV8-F16-4K/sample-1/stderr.txt,experiments/raw-results/retained/atomicbot-turboquant/2026-07-17/all-row-utilization-v1/AB-KV8-F16-4K/sample-1/stderr.txt,15576,2d1fcca3059b8fe6be2707005340afdfa71632923195185480adbfb78ad4083b,[],,,,retain_active,recovery-5ec36c25826c
atomicbot-turboquant,experiments/raw-results/atomicbot-turboquant/2026-07-17/all-row-utilization-v1/AB-KV8-F16-4K/sample-1/utilization-samples.csv,experiments/raw-results/retained/atomicbot-turboquant/2026-07-17/all-row-utilization-v1/AB-KV8-F16-4K/sample-1/utilization-samples.csv,824,bcb4ada634dda669a982e000057a6054d4c5fd01924df35d31fbdd6f01305936,"[""EVID-9ba79bb02872443abcd8""]",,,,retain_active,recovery-5ec36c25826c
atomicbot-turboquant,experiments/raw-results/atomicbot-turboquant/2026-07-17/all-row-utilization-v1/AB-KV8-F16-4K/sample-2/measurement.json,experiments/raw-results/retained/atomicbot-turboquant/2026-07-17/all-row-utilization-v1/AB-KV8-F16-4K/sample-2/measurement.json,692,18e78e03bcb8a8eb63917c53e296b0972cd0b1bf4e5cdbb50c310b1e95659575,"[""atomicbot-resource-18e78e03bcb8a8eb""]",,,,retain_active,recovery-5ec36c25826c
atomicbot-turboquant,experiments/raw-results/atomicbot-turboquant/2026-07-17/all-row-utilization-v1/AB-KV8-F16-4K/sample-2/stderr.txt,experiments/raw-results/retained/atomicbot-turboquant/2026-07-17/all-row-utilization-v1/AB-KV8-F16-4K/sample-2/stderr.txt,15576,08a934914c1de98b304f2c97f52fc676cef36a3481276b2c01729d0bf9791aa9,[],,,,retain_active,recovery-5ec36c25826c
atomicbot-turboquant,experiments/raw-results/atomicbot-turboquant/2026-07-17/all-row-utilization-v1/AB-KV8-F16-4K/sample-2/utilization-samples.csv,experiments/raw-results/retained/atomicbot-turboquant/2026-07-17/all-row-utilization-v1/AB-KV8-F16-4K/sample-2/utilization-samples.csv,824,1e4d828f1893a854a5640d6b57c31074154557826f40e3965aa5ee01eff1ac4c,"[""EVID-18be949bb5e1bf81201e""]",,,,retain_active,recovery-5ec36c25826c
atomicbot-turboquant,experiments/raw-results/atomicbot-turboquant/2026-07-17/all-row-utilization-v1/AB-KV8-F16-4K/sample-3/measurement.json,experiments/raw-results/retained/atomicbot-turboquant/2026-07-17/all-row-utilization-v1/AB-KV8-F16-4K/sample-3/measurement.json,681,a321a5a5cfa265567b6f964e730c7de8d9a2b985caee5feae4f74415113c5fc0,"[""atomicbot-resource-a321a5a5cfa26556""]",,,,retain_active,recovery-5ec36c25826c
atomicbot-turboquant,experiments/raw-results/atomicbot-turboquant/2026-07-17/all-row-utilization-v1/AB-KV8-F16-4K/sample-3/stderr.txt,experiments/raw-results/retained/atomicbot-turboquant/2026-07-17/all-row-utilization-v1/AB-KV8-F16-4K/sample-3/stderr.txt,15576,2339819a039fc63d30cf0191ed49b0a28dad6bb7724175f4636aefb31a432b8f,[],,,,retain_active,recovery-5ec36c25826c
atomicbot-turboquant,experiments/raw-results/atomicbot-turboquant/2026-07-17/all-row-utilization-v1/AB-KV8-F16-4K/sample-3/utilization-samples.csv,experiments/raw-results/retained/atomicbot-turboquant/2026-07-17/all-row-utilization-v1/AB-KV8-F16-4K/sample-3/utilization-samples.csv,824,9f2691d71cec76a2d335be9b9bda409244f91ef6ab0e6fdc2d5abd0cc7c07d6a,"[""EVID-f8af396a3d2346487378""]",,,,retain_active,recovery-5ec36c25826c
atomicbot-turboquant,experiments/raw-results/atomicbot-turboquant/2026-07-17/all-row-utilization-v1/AB-KV8-F16-4K/server-metrics-summary.json,experiments/raw-results/retained/atomicbot-turboquant/2026-07-17/all-row-utilization-v1/AB-KV8-F16-4K/server-metrics-summary.json,3125,639ab4d6995dab8d0907bb2e7d209e444d1911f4fd46153fe5980d9da459f917,"[""atomicbot-current-server-metrics-summary-639ab4d6995dab8d""]",,,,retain_active,recovery-5ec36c25826c
atomicbot-turboquant,experiments/raw-results/atomicbot-turboquant/2026-07-17/all-row-utilization-v1/AB-KV8-F16-4K/warmup/stderr.txt,experiments/raw-results/retained/atomicbot-turboquant/2026-07-17/all-row-utilization-v1/AB-KV8-F16-4K/warmup/stderr.txt,15576,7812f00c2c9752d7b4099c335c2abd603c50f7c2f7c7b207b24f98c66ff6fc0b,[],,,,retain_active,recovery-5ec36c25826c
atomicbot-turboquant,experiments/raw-results/atomicbot-turboquant/2026-07-17/quality-all-rows/AB-01/P1.json,experiments/raw-results/retained/atomicbot-turboquant/2026-07-17/quality-all-rows/AB-01/P1.json,1007,8d1822b6114407b418c63761b01dfbae7ef567893f1a73bb87d56131507a408a,"[""atomicbot-quality-prompt-output-8d1822b6114407b4""]",,,,retain_active,recovery-5ec36c25826c
atomicbot-turboquant,experiments/raw-results/atomicbot-turboquant/2026-07-17/quality-all-rows/AB-01/P2.json,experiments/raw-results/retained/atomicbot-turboquant/2026-07-17/quality-all-rows/AB-01/P2.json,520,fad9bcf69a3fe4d6ed6b5d90b5c5b02a525602a9053c2f008eb13d54eae95cf5,"[""atomicbot-quality-prompt-output-fad9bcf69a3fe4d6""]",,,,retain_active,recovery-5ec36c25826c
atomicbot-turboquant,experiments/raw-results/atomicbot-turboquant/2026-07-17/quality-all-rows/AB-01/P3.json,experiments/raw-results/retained/atomicbot-turboquant/2026-07-17/quality-all-rows/AB-01/P3.json,467,2239fa0e6ff046d15478af4f25d6efbefadf5225583fa31310846832882cda02,"[""atomicbot-quality-prompt-output-2239fa0e6ff046d1""]",,,,retain_active,recovery-5ec36c25826c
atomicbot-turboquant,experiments/raw-results/atomicbot-turboquant/2026-07-17/quality-all-rows/AB-01/P4.json,experiments/raw-results/retained/atomicbot-turboquant/2026-07-17/quality-all-rows/AB-01/P4.json,539,05afbf651b75f4e59e641759e99f1c99f89e1a00fc6b4b23735260f88c2a3e32,"[""atomicbot-quality-prompt-output-05afbf651b75f4e5""]",,,,retain_active,recovery-5ec36c25826c
atomicbot-turboquant,experiments/raw-results/atomicbot-turboquant/2026-07-17/quality-all-rows/AB-01/P5.json,experiments/raw-results/retained/atomicbot-turboquant/2026-07-17/quality-all-rows/AB-01/P5.json,314,e4c092a9890f93bea6d90c0f3b7ea76a3ffc11cbdd7cb382a5a7443e96563951,"[""atomicbot-quality-prompt-output-e4c092a9890f93be""]",,,,retain_active,recovery-5ec36c25826c
atomicbot-turboquant,experiments/raw-results/atomicbot-turboquant/2026-07-17/quality-all-rows/AB-01/P6.json,experiments/raw-results/retained/atomicbot-turboquant/2026-07-17/quality-all-rows/AB-01/P6.json,327,d25f02d2da9110a588e93ead4fd883f176e0bf30f91232973742abfb66e3df11,"[""atomicbot-quality-prompt-output-d25f02d2da9110a5""]",,,,retain_active,recovery-5ec36c25826c
atomicbot-turboquant,experiments/raw-results/atomicbot-turboquant/2026-07-17/quality-all-rows/AB-02/P1.json,experiments/raw-results/retained/atomicbot-turboquant/2026-07-17/quality-all-rows/AB-02/P1.json,824,e4826b680ae462caa8f6dc90efa1d4bd320671301f3d090a601443c268056ec3,"[""atomicbot-quality-prompt-output-e4826b680ae462ca""]",,,,retain_active,recovery-5ec36c25826c
atomicbot-turboquant,experiments/raw-results/atomicbot-turboquant/2026-07-17/quality-all-rows/AB-02/P2.json,experiments/raw-results/retained/atomicbot-turboquant/2026-07-17/quality-all-rows/AB-02/P2.json,762,f67598ab015767a4a05431f07e7090035066eb9da3db132239f77e2a9b6bd89b,"[""atomicbot-quality-prompt-output-f67598ab015767a4""]",,,,retain_active,recovery-5ec36c25826c
atomicbot-turboquant,experiments/raw-results/atomicbot-turboquant/2026-07-17/quality-all-rows/AB-02/P3.json,experiments/raw-results/retained/atomicbot-turboquant/2026-07-17/quality-all-rows/AB-02/P3.json,410,5130fe49bb1a2cb303b614be58f3e68f367c0c0086ba77415be05825c92deb93,"[""atomicbot-quality-prompt-output-5130fe49bb1a2cb3""]",,,,retain_active,recovery-5ec36c25826c
atomicbot-turboquant,experiments/raw-results/atomicbot-turboquant/2026-07-17/quality-all-rows/AB-02/P4.json,experiments/raw-results/retained/atomicbot-turboquant/2026-07-17/quality-all-rows/AB-02/P4.json,564,e51e1191e52bb32025602f80ef9deec6471fd154b2f1b8a8f709fcfe6d8cef26,"[""atomicbot-quality-prompt-output-e51e1191e52bb320""]",,,,retain_active,recovery-5ec36c25826c
atomicbot-turboquant,experiments/raw-results/atomicbot-turboquant/2026-07-17/quality-all-rows/AB-02/P5.json,experiments/raw-results/retained/atomicbot-turboquant/2026-07-17/quality-all-rows/AB-02/P5.json,318,f5f5ca4789b2be162d670bd6605a207300694cb4c131d5fd9df169a4e5fbbb44,"[""atomicbot-quality-prompt-output-f5f5ca4789b2be16""]",,,,retain_active,recovery-5ec36c25826c
atomicbot-turboquant,experiments/raw-results/atomicbot-turboquant/2026-07-17/quality-all-rows/AB-02/P6.json,experiments/raw-results/retained/atomicbot-turboquant/2026-07-17/quality-all-rows/AB-02/P6.json,332,6972ead6a7d4dff16884aad207f6454f87a5c680ca2027fdcf148c3a1e69da1f,"[""atomicbot-quality-prompt-output-6972ead6a7d4dff1""]",,,,retain_active,recovery-5ec36c25826c
atomicbot-turboquant,experiments/raw-results/atomicbot-turboquant/2026-07-17/quality-all-rows/AB-03/P1.json,experiments/raw-results/retained/atomicbot-turboquant/2026-07-17/quality-all-rows/AB-03/P1.json,510,71653238cbd5db7ff3a8a7c538e511cc8ed8101ae2aee9098b5eabe060773cfd,"[""atomicbot-quality-prompt-output-71653238cbd5db7f""]",,,,retain_active,recovery-5ec36c25826c
atomicbot-turboquant,experiments/raw-results/atomicbot-turboquant/2026-07-17/quality-all-rows/AB-03/P2.json,experiments/raw-results/retained/atomicbot-turboquant/2026-07-17/quality-all-rows/AB-03/P2.json,804,f9b932de3a4786ed32046e0382dd2688c30ea5f21247f6b9774291ca2edb1564,"[""atomicbot-quality-prompt-output-f9b932de3a4786ed""]",,,,retain_active,recovery-5ec36c25826c
atomicbot-turboquant,experiments/raw-results/atomicbot-turboquant/2026-07-17/quality-all-rows/AB-03/P3.json,experiments/raw-results/retained/atomicbot-turboquant/2026-07-17/quality-all-rows/AB-03/P3.json,441,ab236cf98aaa8ca94db56fafe17e1646fce774719b0d8e9dd35fb69a111f7e91,"[""atomicbot-quality-prompt-output-ab236cf98aaa8ca9""]",,,,retain_active,recovery-5ec36c25826c
atomicbot-turboquant,experiments/raw-results/atomicbot-turboquant/2026-07-17/quality-all-rows/AB-03/P4.json,experiments/raw-results/retained/atomicbot-turboquant/2026-07-17/quality-all-rows/AB-03/P4.json,563,a24573d6b2f95199998675f2ac913a58b249df9328159d6a2e8acbf626e54e71,"[""atomicbot-quality-prompt-output-a24573d6b2f95199""]",,,,retain_active,recovery-5ec36c25826c
atomicbot-turboquant,experiments/raw-results/atomicbot-turboquant/2026-07-17/quality-all-rows/AB-03/P5.json,experiments/raw-results/retained/atomicbot-turboquant/2026-07-17/quality-all-rows/AB-03/P5.json,318,d2b3ffd6bb8c6e6803d7897ab8f0daa0104d91507af1cf02f579d00a06002989,"[""atomicbot-quality-prompt-output-d2b3ffd6bb8c6e68""]",,,,retain_active,recovery-5ec36c25826c
atomicbot-turboquant,experiments/raw-results/atomicbot-turboquant/2026-07-17/quality-all-rows/AB-03/P6.json,experiments/raw-results/retained/atomicbot-turboquant/2026-07-17/quality-all-rows/AB-03/P6.json,323,9833a319fc68b253eabebddfc2889ee59c7a8e0ba2ebc984e21e13178390b311,"[""atomicbot-quality-prompt-output-9833a319fc68b253""]",,,,retain_active,recovery-5ec36c25826c
atomicbot-turboquant,experiments/raw-results/atomicbot-turboquant/2026-07-17/quality-all-rows/AB-04/P1.json,experiments/raw-results/retained/atomicbot-turboquant/2026-07-17/quality-all-rows/AB-04/P1.json,507,397c0b1243a3dfdeff9fc7c60cb7c7bae9eee49e8aaecd7ec06edadd00ff4475,"[""atomicbot-quality-prompt-output-397c0b1243a3dfde""]",,,,retain_active,recovery-5ec36c25826c
atomicbot-turboquant,experiments/raw-results/atomicbot-turboquant/2026-07-17/quality-all-rows/AB-04/P2.json,experiments/raw-results/retained/atomicbot-turboquant/2026-07-17/quality-all-rows/AB-04/P2.json,551,c9a44471a063ecca68f3588df79eccbd356a0e0fcd1d94eb9ffdc8adcc6dca48,"[""atomicbot-quality-prompt-output-c9a44471a063ecca""]",,,,retain_active,recovery-5ec36c25826c
atomicbot-turboquant,experiments/raw-results/atomicbot-turboquant/2026-07-17/quality-all-rows/AB-04/P3.json,experiments/raw-results/retained/atomicbot-turboquant/2026-07-17/quality-all-rows/AB-04/P3.json,442,a25327c38e67dee069ae429a9520dbe0b3f7675a08dc07f36f3aa37597bb423d,"[""atomicbot-quality-prompt-output-a25327c38e67dee0""]",,,,retain_active,recovery-5ec36c25826c
atomicbot-turboquant,experiments/raw-results/atomicbot-turboquant/2026-07-17/quality-all-rows/AB-04/P4.json,experiments/raw-results/retained/atomicbot-turboquant/2026-07-17/quality-all-rows/AB-04/P4.json,573,e728c5721cce42a445c45a8624b7c5eeb3a5f4ad81541dd61bfd4554052aabfa,"[""atomicbot-quality-prompt-output-e728c5721cce42a4""]",,,,retain_active,recovery-5ec36c25826c
atomicbot-turboquant,experiments/raw-results/atomicbot-turboquant/2026-07-17/quality-all-rows/AB-04/P5.json,experiments/raw-results/retained/atomicbot-turboquant/2026-07-17/quality-all-rows/AB-04/P5.json,320,e1567b53c39cdba6656d72313acab60da448c7a9f46bc50dbecc703a10ce1d2e,"[""atomicbot-quality-prompt-output-e1567b53c39cdba6""]",,,,retain_active,recovery-5ec36c25826c
atomicbot-turboquant,experiments/raw-results/atomicbot-turboquant/2026-07-17/quality-all-rows/AB-04/P6.json,experiments/raw-results/retained/atomicbot-turboquant/2026-07-17/quality-all-rows/AB-04/P6.json,330,31a06ef15928138b84e3e210ad7ebfe1d3ac0620e78993ca917f55008d5ccfad,"[""atomicbot-quality-prompt-output-31a06ef15928138b""]",,,,retain_active,recovery-5ec36c25826c
atomicbot-turboquant,experiments/raw-results/atomicbot-turboquant/2026-07-17/quality-all-rows/AB-05/P1.json,experiments/raw-results/retained/atomicbot-turboquant/2026-07-17/quality-all-rows/AB-05/P1.json,502,33d62be118c78b24c8ff04aa3eb1fded1b55960332debbfb0f1b67bbb211fc06,"[""atomicbot-quality-prompt-output-33d62be118c78b24""]",,,,retain_active,recovery-5ec36c25826c
atomicbot-turboquant,experiments/raw-results/atomicbot-turboquant/2026-07-17/quality-all-rows/AB-05/P2.json,experiments/raw-results/retained/atomicbot-turboquant/2026-07-17/quality-all-rows/AB-05/P2.json,564,b124dee3c300851b24b175ac882d096779018c095c756706e8d9ee9b2061a26e,"[""atomicbot-quality-prompt-output-b124dee3c300851b""]",,,,retain_active,recovery-5ec36c25826c
atomicbot-turboquant,experiments/raw-results/atomicbot-turboquant/2026-07-17/quality-all-rows/AB-05/P3.json,experiments/raw-results/retained/atomicbot-turboquant/2026-07-17/quality-all-rows/AB-05/P3.json,435,5a5157e298af3bb1b8fea1b9263331d1afe878291e595911543ad972b2509295,"[""atomicbot-quality-prompt-output-5a5157e298af3bb1""]",,,,retain_active,recovery-5ec36c25826c
atomicbot-turboquant,experiments/raw-results/atomicbot-turboquant/2026-07-17/quality-all-rows/AB-05/P4.json,experiments/raw-results/retained/atomicbot-turboquant/2026-07-17/quality-all-rows/AB-05/P4.json,584,9587c647bb3d150f92c701482a83b2a34a3fa728f5f9fd3bfd03bece3f6a4540,"[""atomicbot-quality-prompt-output-9587c647bb3d150f""]",,,,retain_active,recovery-5ec36c25826c
atomicbot-turboquant,experiments/raw-results/atomicbot-turboquant/2026-07-17/quality-all-rows/AB-05/P5.json,experiments/raw-results/retained/atomicbot-turboquant/2026-07-17/quality-all-rows/AB-05/P5.json,398,2643f225aac9de2a3030f4b61e04e2b836e740a6bafbe43bb0a8b07acd7dc40b,"[""atomicbot-quality-prompt-output-2643f225aac9de2a""]",,,,retain_active,recovery-5ec36c25826c
atomicbot-turboquant,experiments/raw-results/atomicbot-turboquant/2026-07-17/quality-all-rows/AB-05/P6.json,experiments/raw-results/retained/atomicbot-turboquant/2026-07-17/quality-all-rows/AB-05/P6.json,332,14e7ecf5cc03c223da9c2e216d24b6d66703f824aa6ee336c970bee85583be1b,"[""atomicbot-quality-prompt-output-14e7ecf5cc03c223""]",,,,retain_active,recovery-5ec36c25826c
atomicbot-turboquant,experiments/raw-results/atomicbot-turboquant/2026-07-17/quality-all-rows/AB-06/P1.json,experiments/raw-results/retained/atomicbot-turboquant/2026-07-17/quality-all-rows/AB-06/P1.json,952,73bcf11f91c64838e8d981d182498f90a8483b2b341c0d1b5fc1e55750ae2705,"[""atomicbot-quality-prompt-output-73bcf11f91c64838""]",,,,retain_active,recovery-5ec36c25826c
atomicbot-turboquant,experiments/raw-results/atomicbot-turboquant/2026-07-17/quality-all-rows/AB-06/P2.json,experiments/raw-results/retained/atomicbot-turboquant/2026-07-17/quality-all-rows/AB-06/P2.json,699,e65ccfb374721a209e73f7cdafc3c32bb286d0cfc04613d5a0d32b1d39c81afe,"[""atomicbot-quality-prompt-output-e65ccfb374721a20""]",,,,retain_active,recovery-5ec36c25826c
atomicbot-turboquant,experiments/raw-results/atomicbot-turboquant/2026-07-17/quality-all-rows/AB-06/P3.json,experiments/raw-results/retained/atomicbot-turboquant/2026-07-17/quality-all-rows/AB-06/P3.json,422,29b5c7c6c9cb5ee88d65c1d931a56bcd2b3e932a7bb191d605801a74f5c94e52,"[""atomicbot-quality-prompt-output-29b5c7c6c9cb5ee8""]",,,,retain_active,recovery-5ec36c25826c
atomicbot-turboquant,experiments/raw-results/atomicbot-turboquant/2026-07-17/quality-all-rows/AB-06/P4.json,experiments/raw-results/retained/atomicbot-turboquant/2026-07-17/quality-all-rows/AB-06/P4.json,515,3fb01d03908f38d24cff6cc2652e88d2b301f43bec48184a9e2a4f8e3e597b5a,"[""atomicbot-quality-prompt-output-3fb01d03908f38d2""]",,,,retain_active,recovery-5ec36c25826c
atomicbot-turboquant,experiments/raw-results/atomicbot-turboquant/2026-07-17/quality-all-rows/AB-06/P5.json,experiments/raw-results/retained/atomicbot-turboquant/2026-07-17/quality-all-rows/AB-06/P5.json,546,c6fe8f3a3243b68b7d7393877a3b2101104803c0e01f603bc15e506ca65ccad8,"[""atomicbot-quality-prompt-output-c6fe8f3a3243b68b""]",,,,retain_active,recovery-5ec36c25826c
atomicbot-turboquant,experiments/raw-results/atomicbot-turboquant/2026-07-17/quality-all-rows/AB-06/P6.json,experiments/raw-results/retained/atomicbot-turboquant/2026-07-17/quality-all-rows/AB-06/P6.json,332,0725e0c7b396e7e785caba7abdaef3c17e0ea71057177c963b2362900ea271a7,"[""atomicbot-quality-prompt-output-0725e0c7b396e7e7""]",,,,retain_active,recovery-5ec36c25826c
atomicbot-turboquant,experiments/raw-results/atomicbot-turboquant/2026-07-17/quality-all-rows/AB-07/P1.json,experiments/raw-results/retained/atomicbot-turboquant/2026-07-17/quality-all-rows/AB-07/P1.json,308,853c8e91d1ea9d038f8405d5483a82d2bf59db2f37ecfd846fa97a6f194fcbbf,"[""atomicbot-quality-prompt-output-853c8e91d1ea9d03""]",,,,retain_active,recovery-5ec36c25826c
atomicbot-turboquant,experiments/raw-results/atomicbot-turboquant/2026-07-17/quality-all-rows/AB-07/P2.json,experiments/raw-results/retained/atomicbot-turboquant/2026-07-17/quality-all-rows/AB-07/P2.json,321,e6e914ce10a5fb32d069dafa24d751a4fda1d5260626288f115404cbf5252c24,"[""atomicbot-quality-prompt-output-e6e914ce10a5fb32""]",,,,retain_active,recovery-5ec36c25826c
atomicbot-turboquant,experiments/raw-results/atomicbot-turboquant/2026-07-17/quality-all-rows/AB-07/P3.json,experiments/raw-results/retained/atomicbot-turboquant/2026-07-17/quality-all-rows/AB-07/P3.json,1027,e88ff0356a43824853a4155d933b6e4a440083dc244293f89d16b80279730093,"[""atomicbot-quality-prompt-output-e88ff0356a438248""]",,,,retain_active,recovery-5ec36c25826c
atomicbot-turboquant,experiments/raw-results/atomicbot-turboquant/2026-07-17/quality-all-rows/AB-07/P4.json,experiments/raw-results/retained/atomicbot-turboquant/2026-07-17/quality-all-rows/AB-07/P4.json,1235,47615130ee574a62a34cffe003286796981337b5bebf0065e0ceb215589e34a1,"[""atomicbot-quality-prompt-output-47615130ee574a62""]",,,,retain_active,recovery-5ec36c25826c
atomicbot-turboquant,experiments/raw-results/atomicbot-turboquant/2026-07-17/quality-all-rows/AB-07/P5.json,experiments/raw-results/retained/atomicbot-turboquant/2026-07-17/quality-all-rows/AB-07/P5.json,398,dd057999f193c25e53eaa77ee9f43cbeed7d7023bb2dc72881f0559f7a5c3012,"[""atomicbot-quality-prompt-output-dd057999f193c25e""]",,,,retain_active,recovery-5ec36c25826c
atomicbot-turboquant,experiments/raw-results/atomicbot-turboquant/2026-07-17/quality-all-rows/AB-07/P6.json,experiments/raw-results/retained/atomicbot-turboquant/2026-07-17/quality-all-rows/AB-07/P6.json,326,e45e4d33a8976db5a691ca6f89c7015bf25f15e0337649464455945e2aac0c72,"[""atomicbot-quality-prompt-output-e45e4d33a8976db5""]",,,,retain_active,recovery-5ec36c25826c
atomicbot-turboquant,experiments/raw-results/atomicbot-turboquant/2026-07-17/quality-all-rows/AB-08F/P1.json,experiments/raw-results/retained/atomicbot-turboquant/2026-07-17/quality-all-rows/AB-08F/P1.json,646,6d52edbfeb0cf58423e1e18e75883fddb31500f59b93ad7fc0739bafc927b13e,"[""atomicbot-quality-prompt-output-6d52edbfeb0cf584""]",,,,retain_active,recovery-5ec36c25826c
atomicbot-turboquant,experiments/raw-results/atomicbot-turboquant/2026-07-17/quality-all-rows/AB-08F/P2.json,experiments/raw-results/retained/atomicbot-turboquant/2026-07-17/quality-all-rows/AB-08F/P2.json,753,78306ba88dbefc69d980064ad7e0a58dd4a951a641ae996b6e177a63d9ba9819,"[""atomicbot-quality-prompt-output-78306ba88dbefc69""]",,,,retain_active,recovery-5ec36c25826c
atomicbot-turboquant,experiments/raw-results/atomicbot-turboquant/2026-07-17/quality-all-rows/AB-08F/P3.json,experiments/raw-results/retained/atomicbot-turboquant/2026-07-17/quality-all-rows/AB-08F/P3.json,468,e5424508c7c907be38564d497e6c17615a64a6e0603360133a989080dfed5cff,"[""atomicbot-quality-prompt-output-e5424508c7c907be""]",,,,retain_active,recovery-5ec36c25826c
atomicbot-turboquant,experiments/raw-results/atomicbot-turboquant/2026-07-17/quality-all-rows/AB-08F/P4.json,experiments/raw-results/retained/atomicbot-turboquant/2026-07-17/quality-all-rows/AB-08F/P4.json,565,38d734f4f0abab9340b5d6a10063c85d0c7754ffbadf8e225196f0c7cacb1426,"[""atomicbot-quality-prompt-output-38d734f4f0abab93""]",,,,retain_active,recovery-5ec36c25826c
atomicbot-turboquant,experiments/raw-results/atomicbot-turboquant/2026-07-17/quality-all-rows/AB-08F/P5.json,experiments/raw-results/retained/atomicbot-turboquant/2026-07-17/quality-all-rows/AB-08F/P5.json,373,1dd497dc7ec4526bece8a1c9d033d906945ce7f6cb60c463487a69569065853f,"[""atomicbot-quality-prompt-output-1dd497dc7ec4526b""]",,,,retain_active,recovery-5ec36c25826c
atomicbot-turboquant,experiments/raw-results/atomicbot-turboquant/2026-07-17/quality-all-rows/AB-08F/P6.json,experiments/raw-results/retained/atomicbot-turboquant/2026-07-17/quality-all-rows/AB-08F/P6.json,329,44f1c904be912890b1c7e7ee4ce3ffb5eea59bbae6547739f2a57009dfedd236,"[""atomicbot-quality-prompt-output-44f1c904be912890""]",,,,retain_active,recovery-5ec36c25826c
atomicbot-turboquant,experiments/raw-results/atomicbot-turboquant/2026-07-17/quality-all-rows/AB-08Q/P1.json,experiments/raw-results/retained/atomicbot-turboquant/2026-07-17/quality-all-rows/AB-08Q/P1.json,663,e8b43f069a64acb20d69e991bd9d593e2cdc0b561be37d87c17b05fb9723b11f,"[""atomicbot-quality-prompt-output-e8b43f069a64acb2""]",,,,retain_active,recovery-5ec36c25826c
atomicbot-turboquant,experiments/raw-results/atomicbot-turboquant/2026-07-17/quality-all-rows/AB-08Q/P2.json,experiments/raw-results/retained/atomicbot-turboquant/2026-07-17/quality-all-rows/AB-08Q/P2.json,754,b0b4d0b6feb4e742c02b74253541a62b675a7e8381bf6f9b5135bfe54172924c,"[""atomicbot-quality-prompt-output-b0b4d0b6feb4e742""]",,,,retain_active,recovery-5ec36c25826c
atomicbot-turboquant,experiments/raw-results/atomicbot-turboquant/2026-07-17/quality-all-rows/AB-08Q/P3.json,experiments/raw-results/retained/atomicbot-turboquant/2026-07-17/quality-all-rows/AB-08Q/P3.json,479,f1c6748ba96ca7c46732a9be5f80694b286ccec01f5ef56bb3dcc81abd2deb42,"[""atomicbot-quality-prompt-output-f1c6748ba96ca7c4""]",,,,retain_active,recovery-5ec36c25826c
atomicbot-turboquant,experiments/raw-results/atomicbot-turboquant/2026-07-17/quality-all-rows/AB-08Q/P4.json,experiments/raw-results/retained/atomicbot-turboquant/2026-07-17/quality-all-rows/AB-08Q/P4.json,624,383e670b1d0a7a5b3a772f6dd582c866787a44fb9d96a05a6dcdc3454f496660,"[""atomicbot-quality-prompt-output-383e670b1d0a7a5b""]",,,,retain_active,recovery-5ec36c25826c
atomicbot-turboquant,experiments/raw-results/atomicbot-turboquant/2026-07-17/quality-all-rows/AB-08Q/P5.json,experiments/raw-results/retained/atomicbot-turboquant/2026-07-17/quality-all-rows/AB-08Q/P5.json,374,79846161c2cfcc9a81198974a1d39ad6c46e31e41cb029c4c880fb37612c5b86,"[""atomicbot-quality-prompt-output-79846161c2cfcc9a""]",,,,retain_active,recovery-5ec36c25826c
atomicbot-turboquant,experiments/raw-results/atomicbot-turboquant/2026-07-17/quality-all-rows/AB-08Q/P6.json,experiments/raw-results/retained/atomicbot-turboquant/2026-07-17/quality-all-rows/AB-08Q/P6.json,330,aa5d6d06458737d0c5c62335cdac0f4657e08754351548b65f9e188494359c00,"[""atomicbot-quality-prompt-output-aa5d6d06458737d0""]",,,,retain_active,recovery-5ec36c25826c
atomicbot-turboquant,experiments/raw-results/atomicbot-turboquant/2026-07-17/quality-all-rows/AB-09/P1.json,experiments/raw-results/retained/atomicbot-turboquant/2026-07-17/quality-all-rows/AB-09/P1.json,635,8121afc08a594384f54a25a78b76b0dad205e8c63120fd8b4f55717a5007f307,"[""atomicbot-quality-prompt-output-8121afc08a594384""]",,,,retain_active,recovery-5ec36c25826c
atomicbot-turboquant,experiments/raw-results/atomicbot-turboquant/2026-07-17/quality-all-rows/AB-09/P2.json,experiments/raw-results/retained/atomicbot-turboquant/2026-07-17/quality-all-rows/AB-09/P2.json,653,a1ed9a09a36b8ab48d6103ca5b7d9632d34893db164843fbf13859968c00f244,"[""atomicbot-quality-prompt-output-a1ed9a09a36b8ab4""]",,,,retain_active,recovery-5ec36c25826c
atomicbot-turboquant,experiments/raw-results/atomicbot-turboquant/2026-07-17/quality-all-rows/AB-09/P3.json,experiments/raw-results/retained/atomicbot-turboquant/2026-07-17/quality-all-rows/AB-09/P3.json,471,cebb743f7a1bf1d213b27e8fec3f1c9da5b8cbb7f7663063492a3a6d71eb9a64,"[""atomicbot-quality-prompt-output-cebb743f7a1bf1d2""]",,,,retain_active,recovery-5ec36c25826c
atomicbot-turboquant,experiments/raw-results/atomicbot-turboquant/2026-07-17/quality-all-rows/AB-09/P4.json,experiments/raw-results/retained/atomicbot-turboquant/2026-07-17/quality-all-rows/AB-09/P4.json,572,87dbb59dd48a68bad621fccb969d40b4867dbee4d2d3adc1b44f78dfa82e1e8d,"[""atomicbot-quality-prompt-output-87dbb59dd48a68ba""]",,,,retain_active,recovery-5ec36c25826c
atomicbot-turboquant,experiments/raw-results/atomicbot-turboquant/2026-07-17/quality-all-rows/AB-09/P5.json,experiments/raw-results/retained/atomicbot-turboquant/2026-07-17/quality-all-rows/AB-09/P5.json,375,89f79c981f6661e179692ecf60201d6f15a3862cb7796d4ec923acd6e446b3e4,"[""atomicbot-quality-prompt-output-89f79c981f6661e1""]",,,,retain_active,recovery-5ec36c25826c
atomicbot-turboquant,experiments/raw-results/atomicbot-turboquant/2026-07-17/quality-all-rows/AB-09/P6.json,experiments/raw-results/retained/atomicbot-turboquant/2026-07-17/quality-all-rows/AB-09/P6.json,331,74ca16dd2d2351311ee5fd8990dd1fd3b1b322cfc0a2d4f4143c798e5e38b8bb,"[""atomicbot-quality-prompt-output-74ca16dd2d235131""]",,,,retain_active,recovery-5ec36c25826c
atomicbot-turboquant,experiments/raw-results/atomicbot-turboquant/2026-07-17/quality-all-rows/AB-10/P1.json,experiments/raw-results/retained/atomicbot-turboquant/2026-07-17/quality-all-rows/AB-10/P1.json,750,210dbcca15c317903fbf880e84530936800b9c5f328fbb537ca7b0db133045f7,"[""atomicbot-quality-prompt-output-210dbcca15c31790""]",,,,retain_active,recovery-5ec36c25826c
atomicbot-turboquant,experiments/raw-results/atomicbot-turboquant/2026-07-17/quality-all-rows/AB-10/P2.json,experiments/raw-results/retained/atomicbot-turboquant/2026-07-17/quality-all-rows/AB-10/P2.json,831,444119025a13af630b72b78c509b451686876b8d46b418227caff41b1b851724,"[""atomicbot-quality-prompt-output-444119025a13af63""]",,,,retain_active,recovery-5ec36c25826c
atomicbot-turboquant,experiments/raw-results/atomicbot-turboquant/2026-07-17/quality-all-rows/AB-10/P3.json,experiments/raw-results/retained/atomicbot-turboquant/2026-07-17/quality-all-rows/AB-10/P3.json,443,db7b85851ca0b5ac9f80f82ac274f70dc419ade704cab6b7e6815fd6fe4f1fbe,"[""atomicbot-quality-prompt-output-db7b85851ca0b5ac""]",,,,retain_active,recovery-5ec36c25826c
atomicbot-turboquant,experiments/raw-results/atomicbot-turboquant/2026-07-17/quality-all-rows/AB-10/P4.json,experiments/raw-results/retained/atomicbot-turboquant/2026-07-17/quality-all-rows/AB-10/P4.json,593,f01400a460e6abc2e65c954160ef81f628c610ad963ba58c1e7384891d60111c,"[""atomicbot-quality-prompt-output-f01400a460e6abc2""]",,,,retain_active,recovery-5ec36c25826c
atomicbot-turboquant,experiments/raw-results/atomicbot-turboquant/2026-07-17/quality-all-rows/AB-10/P5.json,experiments/raw-results/retained/atomicbot-turboquant/2026-07-17/quality-all-rows/AB-10/P5.json,375,deac54778f443cb75c68ab6bff611ab152ff9d61643b3b5b29a67bc8ef519dda,"[""atomicbot-quality-prompt-output-deac54778f443cb7""]",,,,retain_active,recovery-5ec36c25826c
atomicbot-turboquant,experiments/raw-results/atomicbot-turboquant/2026-07-17/quality-all-rows/AB-10/P6.json,experiments/raw-results/retained/atomicbot-turboquant/2026-07-17/quality-all-rows/AB-10/P6.json,331,0d6b08c77077b65f4270405499b20be64b5c04066f36692973c1f6bc06109037,"[""atomicbot-quality-prompt-output-0d6b08c77077b65f""]",,,,retain_active,recovery-5ec36c25826c
atomicbot-turboquant,experiments/raw-results/atomicbot-turboquant/2026-07-17/quality-all-rows/AB-11/P1.json,experiments/raw-results/retained/atomicbot-turboquant/2026-07-17/quality-all-rows/AB-11/P1.json,528,5d1c064f072a60d49d7423d7ae2e986e4090a352a34211e735cbe77ddc456fd9,"[""atomicbot-quality-prompt-output-5d1c064f072a60d4""]",,,,retain_active,recovery-5ec36c25826c
atomicbot-turboquant,experiments/raw-results/atomicbot-turboquant/2026-07-17/quality-all-rows/AB-11/P2.json,experiments/raw-results/retained/atomicbot-turboquant/2026-07-17/quality-all-rows/AB-11/P2.json,760,8c87a029e9cd7fc585a4ec4683b7d817440d069e9a78e4b18d274b757ff6938c,"[""atomicbot-quality-prompt-output-8c87a029e9cd7fc5""]",,,,retain_active,recovery-5ec36c25826c
atomicbot-turboquant,experiments/raw-results/atomicbot-turboquant/2026-07-17/quality-all-rows/AB-11/P3.json,experiments/raw-results/retained/atomicbot-turboquant/2026-07-17/quality-all-rows/AB-11/P3.json,451,0e55be212c3efcb4224a8edb462a0ee137a718d60af7b74b6b8f1c5a99dcd7fe,"[""atomicbot-quality-prompt-output-0e55be212c3efcb4""]",,,,retain_active,recovery-5ec36c25826c
atomicbot-turboquant,experiments/raw-results/atomicbot-turboquant/2026-07-17/quality-all-rows/AB-11/P4.json,experiments/raw-results/retained/atomicbot-turboquant/2026-07-17/quality-all-rows/AB-11/P4.json,583,cdb5dc8bf4208b1224d6ca3a2fd6663ba1297f9deeb5a52a11ce8188988ffff0,"[""atomicbot-quality-prompt-output-cdb5dc8bf4208b12""]",,,,retain_active,recovery-5ec36c25826c
atomicbot-turboquant,experiments/raw-results/atomicbot-turboquant/2026-07-17/quality-all-rows/AB-11/P5.json,experiments/raw-results/retained/atomicbot-turboquant/2026-07-17/quality-all-rows/AB-11/P5.json,330,6574a6ea771ff72b545db0af854376dc5981cd2903d34f004c55d14d9e2e3948,"[""atomicbot-quality-prompt-output-6574a6ea771ff72b""]",,,,retain_active,recovery-5ec36c25826c
atomicbot-turboquant,experiments/raw-results/atomicbot-turboquant/2026-07-17/quality-all-rows/AB-11/P6.json,experiments/raw-results/retained/atomicbot-turboquant/2026-07-17/quality-all-rows/AB-11/P6.json,339,78812e68f8366496576ced10d7a266a225b362eece8e5532bcaa8dfe51d6e6ca,"[""atomicbot-quality-prompt-output-78812e68f8366496""]",,,,retain_active,recovery-5ec36c25826c
atomicbot-turboquant,experiments/raw-results/atomicbot-turboquant/2026-07-17/quality-all-rows/AB-12/P1.json,experiments/raw-results/retained/atomicbot-turboquant/2026-07-17/quality-all-rows/AB-12/P1.json,619,57bf8d8681aa6d340c8d0746d9738aa39c35fceeaabd569d36da89dc647d39dc,"[""atomicbot-quality-prompt-output-57bf8d8681aa6d34""]",,,,retain_active,recovery-5ec36c25826c
atomicbot-turboquant,experiments/raw-results/atomicbot-turboquant/2026-07-17/quality-all-rows/AB-12/P2.json,experiments/raw-results/retained/atomicbot-turboquant/2026-07-17/quality-all-rows/AB-12/P2.json,826,f460de778cb9b15d93df9ef88dd358d215f1771b8c66a02691dcdd6a95e1a14e,"[""atomicbot-quality-prompt-output-f460de778cb9b15d""]",,,,retain_active,recovery-5ec36c25826c
atomicbot-turboquant,experiments/raw-results/atomicbot-turboquant/2026-07-17/quality-all-rows/AB-12/P3.json,experiments/raw-results/retained/atomicbot-turboquant/2026-07-17/quality-all-rows/AB-12/P3.json,449,537f7098da8fcc28bd1f7403146812bfa0eb66fa631d64be68ed5a80725b9cb3,"[""atomicbot-quality-prompt-output-537f7098da8fcc28""]",,,,retain_active,recovery-5ec36c25826c
atomicbot-turboquant,experiments/raw-results/atomicbot-turboquant/2026-07-17/quality-all-rows/AB-12/P4.json,experiments/raw-results/retained/atomicbot-turboquant/2026-07-17/quality-all-rows/AB-12/P4.json,614,2d6006177a6ae9ef239905d8f461d74e65436ba3705df9dacaff5ddd68b08e79,"[""atomicbot-quality-prompt-output-2d6006177a6ae9ef""]",,,,retain_active,recovery-5ec36c25826c
atomicbot-turboquant,experiments/raw-results/atomicbot-turboquant/2026-07-17/quality-all-rows/AB-12/P5.json,experiments/raw-results/retained/atomicbot-turboquant/2026-07-17/quality-all-rows/AB-12/P5.json,332,a9d7bcf25dc9ec58ae5feb06b31c0f9299db12a1c148e4bab3d4516e347745b6,"[""atomicbot-quality-prompt-output-a9d7bcf25dc9ec58""]",,,,retain_active,recovery-5ec36c25826c
atomicbot-turboquant,experiments/raw-results/atomicbot-turboquant/2026-07-17/quality-all-rows/AB-12/P6.json,experiments/raw-results/retained/atomicbot-turboquant/2026-07-17/quality-all-rows/AB-12/P6.json,336,90423aea78367f0fa2217dfe2b482debaf8c843def779d0efc3ff9dd4771d2d7,"[""atomicbot-quality-prompt-output-90423aea78367f0f""]",,,,retain_active,recovery-5ec36c25826c
atomicbot-turboquant,experiments/raw-results/atomicbot-turboquant/2026-07-17/quality-all-rows/AB-13/P1.json,experiments/raw-results/retained/atomicbot-turboquant/2026-07-17/quality-all-rows/AB-13/P1.json,625,8ef9fd0153211ea945760c1405bb317a5ec960132b3e9f8b837207ea7749a346,"[""atomicbot-quality-prompt-output-8ef9fd0153211ea9""]",,,,retain_active,recovery-5ec36c25826c
atomicbot-turboquant,experiments/raw-results/atomicbot-turboquant/2026-07-17/quality-all-rows/AB-13/P2.json,experiments/raw-results/retained/atomicbot-turboquant/2026-07-17/quality-all-rows/AB-13/P2.json,731,0b6829cb39e45f97bb22f4fb8d883519296d8dbf6efe66ffb17206b38c0b88ce,"[""atomicbot-quality-prompt-output-0b6829cb39e45f97""]",,,,retain_active,recovery-5ec36c25826c
atomicbot-turboquant,experiments/raw-results/atomicbot-turboquant/2026-07-17/quality-all-rows/AB-13/P3.json,experiments/raw-results/retained/atomicbot-turboquant/2026-07-17/quality-all-rows/AB-13/P3.json,413,3754507ee4a9a02eface7f5bd9eef4cbc8bfc893eebf1632c494af958e473a86,"[""atomicbot-quality-prompt-output-3754507ee4a9a02e""]",,,,retain_active,recovery-5ec36c25826c
atomicbot-turboquant,experiments/raw-results/atomicbot-turboquant/2026-07-17/quality-all-rows/AB-13/P4.json,experiments/raw-results/retained/atomicbot-turboquant/2026-07-17/quality-all-rows/AB-13/P4.json,638,36de68faf06ce484f8014067c8c034425fcce3fdf99b53e505343374110137c8,"[""atomicbot-quality-prompt-output-36de68faf06ce484""]",,,,retain_active,recovery-5ec36c25826c
atomicbot-turboquant,experiments/raw-results/atomicbot-turboquant/2026-07-17/quality-all-rows/AB-13/P5.json,experiments/raw-results/retained/atomicbot-turboquant/2026-07-17/quality-all-rows/AB-13/P5.json,329,c74ab3d148f03944996ec5051e8a42f2fb9881ad70c00c1196c450394f8a4bba,"[""atomicbot-quality-prompt-output-c74ab3d148f03944""]",,,,retain_active,recovery-5ec36c25826c
atomicbot-turboquant,experiments/raw-results/atomicbot-turboquant/2026-07-17/quality-all-rows/AB-13/P6.json,experiments/raw-results/retained/atomicbot-turboquant/2026-07-17/quality-all-rows/AB-13/P6.json,339,cf3fb737e26b6f929b508014e1bceafb735eb0a2087827cd20b82a38c96a4353,"[""atomicbot-quality-prompt-output-cf3fb737e26b6f92""]",,,,retain_active,recovery-5ec36c25826c
atomicbot-turboquant,experiments/raw-results/atomicbot-turboquant/2026-07-17/quality-all-rows/AB-14/P1.json,experiments/raw-results/retained/atomicbot-turboquant/2026-07-17/quality-all-rows/AB-14/P1.json,674,f0f9cc8e8debc974446a840a5eb7328b83cca172d72f0dc190a66042f9db1caf,"[""atomicbot-quality-prompt-output-f0f9cc8e8debc974""]",,,,retain_active,recovery-5ec36c25826c
atomicbot-turboquant,experiments/raw-results/atomicbot-turboquant/2026-07-17/quality-all-rows/AB-14/P2.json,experiments/raw-results/retained/atomicbot-turboquant/2026-07-17/quality-all-rows/AB-14/P2.json,783,e2544d6869e55fae670aadd3c03d95610f5a4ba2c0be6c53520c5ca37c97ea92,"[""atomicbot-quality-prompt-output-e2544d6869e55fae""]",,,,retain_active,recovery-5ec36c25826c
atomicbot-turboquant,experiments/raw-results/atomicbot-turboquant/2026-07-17/quality-all-rows/AB-14/P3.json,experiments/raw-results/retained/atomicbot-turboquant/2026-07-17/quality-all-rows/AB-14/P3.json,479,64032a10b29f06ab4852ba966bc7c3dc5ef8a12f498bd6d89ebbe0eeefa6e9ac,"[""atomicbot-quality-prompt-output-64032a10b29f06ab""]",,,,retain_active,recovery-5ec36c25826c
atomicbot-turboquant,experiments/raw-results/atomicbot-turboquant/2026-07-17/quality-all-rows/AB-14/P4.json,experiments/raw-results/retained/atomicbot-turboquant/2026-07-17/quality-all-rows/AB-14/P4.json,619,4e0edd4921afcb55d73cd10289ea9255ac7a363b3d060435c1b7f2b5777fe63d,"[""atomicbot-quality-prompt-output-4e0edd4921afcb55""]",,,,retain_active,recovery-5ec36c25826c
atomicbot-turboquant,experiments/raw-results/atomicbot-turboquant/2026-07-17/quality-all-rows/AB-14/P5.json,experiments/raw-results/retained/atomicbot-turboquant/2026-07-17/quality-all-rows/AB-14/P5.json,330,18ca1f5e682153d4c09c3c65d9f936e567ad01aac10013da9f1d393b4e5c8b6a,"[""atomicbot-quality-prompt-output-18ca1f5e682153d4""]",,,,retain_active,recovery-5ec36c25826c
atomicbot-turboquant,experiments/raw-results/atomicbot-turboquant/2026-07-17/quality-all-rows/AB-14/P6.json,experiments/raw-results/retained/atomicbot-turboquant/2026-07-17/quality-all-rows/AB-14/P6.json,340,c9eae786d8a76c3438b9b396157d5f76611ffef8b3b5ab59523712289e1a3dcc,"[""atomicbot-quality-prompt-output-c9eae786d8a76c34""]",,,,retain_active,recovery-5ec36c25826c
atomicbot-turboquant,experiments/raw-results/atomicbot-turboquant/2026-07-17/quality-all-rows/AB-15/P1.json,experiments/raw-results/retained/atomicbot-turboquant/2026-07-17/quality-all-rows/AB-15/P1.json,640,09c2f43ff5c88d990b5d67ddb82230ba507d705415a68063e89260de29c32418,"[""atomicbot-quality-prompt-output-09c2f43ff5c88d99""]",,,,retain_active,recovery-5ec36c25826c
atomicbot-turboquant,experiments/raw-results/atomicbot-turboquant/2026-07-17/quality-all-rows/AB-15/P2.json,experiments/raw-results/retained/atomicbot-turboquant/2026-07-17/quality-all-rows/AB-15/P2.json,888,63ff2e6ed5717966b5b1983448e1be1dbf5d0a2aafe7d0dde7c24d35d6a5e0bd,"[""atomicbot-quality-prompt-output-63ff2e6ed5717966""]",,,,retain_active,recovery-5ec36c25826c
atomicbot-turboquant,experiments/raw-results/atomicbot-turboquant/2026-07-17/quality-all-rows/AB-15/P3.json,experiments/raw-results/retained/atomicbot-turboquant/2026-07-17/quality-all-rows/AB-15/P3.json,458,20a031897467b6bdf5f69bd987da55733bced3c47bdb3d845cad1c280ada6cfe,"[""atomicbot-quality-prompt-output-20a031897467b6bd""]",,,,retain_active,recovery-5ec36c25826c
atomicbot-turboquant,experiments/raw-results/atomicbot-turboquant/2026-07-17/quality-all-rows/AB-15/P4.json,experiments/raw-results/retained/atomicbot-turboquant/2026-07-17/quality-all-rows/AB-15/P4.json,597,2551168492a1a927a5355ba8111ff1b101cb216589fdbe8c2f38ee1fd79cd713,"[""atomicbot-quality-prompt-output-2551168492a1a927""]",,,,retain_active,recovery-5ec36c25826c
atomicbot-turboquant,experiments/raw-results/atomicbot-turboquant/2026-07-17/quality-all-rows/AB-15/P5.json,experiments/raw-results/retained/atomicbot-turboquant/2026-07-17/quality-all-rows/AB-15/P5.json,332,e630a5f4840270a3d726b6dacb5762f4150709d0e0b537fd147c08433bf295c6,"[""atomicbot-quality-prompt-output-e630a5f4840270a3""]",,,,retain_active,recovery-5ec36c25826c
atomicbot-turboquant,experiments/raw-results/atomicbot-turboquant/2026-07-17/quality-all-rows/AB-15/P6.json,experiments/raw-results/retained/atomicbot-turboquant/2026-07-17/quality-all-rows/AB-15/P6.json,342,d29dae84f22981df8de7d108ed6823593f192f3094c3e43c6f350bea02664bb6,"[""atomicbot-quality-prompt-output-d29dae84f22981df""]",,,,retain_active,recovery-5ec36c25826c
atomicbot-turboquant,experiments/raw-results/atomicbot-turboquant/2026-07-17/quality-all-rows/AB-15M/P1.json,experiments/raw-results/retained/atomicbot-turboquant/2026-07-17/quality-all-rows/AB-15M/P1.json,782,bcc07ccbbe4c393535606010a66781af9e40eda063a90f8df0e81a454330599d,"[""atomicbot-quality-prompt-output-bcc07ccbbe4c3935""]",,,,retain_active,recovery-5ec36c25826c
atomicbot-turboquant,experiments/raw-results/atomicbot-turboquant/2026-07-17/quality-all-rows/AB-15M/P2.json,experiments/raw-results/retained/atomicbot-turboquant/2026-07-17/quality-all-rows/AB-15M/P2.json,668,5f58f76492f6531ed92745d6a0ec3924988fbf38eaf48781d0bca8ae2bfa4e73,"[""atomicbot-quality-prompt-output-5f58f76492f6531e""]",,,,retain_active,recovery-5ec36c25826c
atomicbot-turboquant,experiments/raw-results/atomicbot-turboquant/2026-07-17/quality-all-rows/AB-15M/P3.json,experiments/raw-results/retained/atomicbot-turboquant/2026-07-17/quality-all-rows/AB-15M/P3.json,452,ecdc981fc265c117953a07068c0d31d6b77f8c382cbc34fb10a5b8d4f24857ad,"[""atomicbot-quality-prompt-output-ecdc981fc265c117""]",,,,retain_active,recovery-5ec36c25826c
atomicbot-turboquant,experiments/raw-results/atomicbot-turboquant/2026-07-17/quality-all-rows/AB-15M/P4.json,experiments/raw-results/retained/atomicbot-turboquant/2026-07-17/quality-all-rows/AB-15M/P4.json,555,e8bdc231406fa0f3a7d7c61c4261ebca965ca952cfd524e29e4004306ac6df2f,"[""atomicbot-quality-prompt-output-e8bdc231406fa0f3""]",,,,retain_active,recovery-5ec36c25826c
atomicbot-turboquant,experiments/raw-results/atomicbot-turboquant/2026-07-17/quality-all-rows/AB-15M/P5.json,experiments/raw-results/retained/atomicbot-turboquant/2026-07-17/quality-all-rows/AB-15M/P5.json,384,505ce27d4b11253c506f210f68d9f852688ae1d831a7c7a46f215a20c141ec4c,"[""atomicbot-quality-prompt-output-505ce27d4b11253c""]",,,,retain_active,recovery-5ec36c25826c
atomicbot-turboquant,experiments/raw-results/atomicbot-turboquant/2026-07-17/quality-all-rows/AB-15M/P6.json,experiments/raw-results/retained/atomicbot-turboquant/2026-07-17/quality-all-rows/AB-15M/P6.json,340,14d39071d182a5e8d4faea9e9bdbd5b2b6326a71ae53682e88aee6e4668035f5,"[""atomicbot-quality-prompt-output-14d39071d182a5e8""]",,,,retain_active,recovery-5ec36c25826c
atomicbot-turboquant,experiments/raw-results/atomicbot-turboquant/2026-07-17/quality-all-rows/AB-KV3-F16-4K/P1.json,experiments/raw-results/retained/atomicbot-turboquant/2026-07-17/quality-all-rows/AB-KV3-F16-4K/P1.json,518,cd5adb9714c99bc6212de7024ec77dbdbe6ddf95669e3f256a8e5b00935fb34c,"[""atomicbot-quality-prompt-output-cd5adb9714c99bc6""]",,,,retain_active,recovery-5ec36c25826c
atomicbot-turboquant,experiments/raw-results/atomicbot-turboquant/2026-07-17/quality-all-rows/AB-KV3-F16-4K/P2.json,experiments/raw-results/retained/atomicbot-turboquant/2026-07-17/quality-all-rows/AB-KV3-F16-4K/P2.json,812,37de321634ca9d7177a58ab78341d8758d8993f91e58f90a99d91b30c5054247,"[""atomicbot-quality-prompt-output-37de321634ca9d71""]",,,,retain_active,recovery-5ec36c25826c
atomicbot-turboquant,experiments/raw-results/atomicbot-turboquant/2026-07-17/quality-all-rows/AB-KV3-F16-4K/P3.json,experiments/raw-results/retained/atomicbot-turboquant/2026-07-17/quality-all-rows/AB-KV3-F16-4K/P3.json,449,790572ca55f2ecb23c202914fec6fd3a2831e246452b7e3675829cc3f09bb43d,"[""atomicbot-quality-prompt-output-790572ca55f2ecb2""]",,,,retain_active,recovery-5ec36c25826c
atomicbot-turboquant,experiments/raw-results/atomicbot-turboquant/2026-07-17/quality-all-rows/AB-KV3-F16-4K/P4.json,experiments/raw-results/retained/atomicbot-turboquant/2026-07-17/quality-all-rows/AB-KV3-F16-4K/P4.json,571,f16e93ad1c86e79dc657d0059ee3561765030ddced0afa9dfe3c1de38f91f655,"[""atomicbot-quality-prompt-output-f16e93ad1c86e79d""]",,,,retain_active,recovery-5ec36c25826c
atomicbot-turboquant,experiments/raw-results/atomicbot-turboquant/2026-07-17/quality-all-rows/AB-KV3-F16-4K/P5.json,experiments/raw-results/retained/atomicbot-turboquant/2026-07-17/quality-all-rows/AB-KV3-F16-4K/P5.json,326,d584d51e3d7343176adb2164b262d2844cf961cb3ed08764da60b6d1cc3e6f7a,"[""atomicbot-quality-prompt-output-d584d51e3d734317""]",,,,retain_active,recovery-5ec36c25826c
atomicbot-turboquant,experiments/raw-results/atomicbot-turboquant/2026-07-17/quality-all-rows/AB-KV3-F16-4K/P6.json,experiments/raw-results/retained/atomicbot-turboquant/2026-07-17/quality-all-rows/AB-KV3-F16-4K/P6.json,331,d40b292d40f0d3dbb0b6106edad9732b78da703799bd23aedfa68fba3fb8bd6c,"[""atomicbot-quality-prompt-output-d40b292d40f0d3db""]",,,,retain_active,recovery-5ec36c25826c
atomicbot-turboquant,experiments/raw-results/atomicbot-turboquant/2026-07-17/quality-all-rows/AB-KV8-F16-4K/P1.json,experiments/raw-results/retained/atomicbot-turboquant/2026-07-17/quality-all-rows/AB-KV8-F16-4K/P1.json,655,718ada29131a118f976d8b4913129b8bab83acccb0403c2534aaaee5109c39ff,"[""atomicbot-quality-prompt-output-718ada29131a118f""]",,,,retain_active,recovery-5ec36c25826c
atomicbot-turboquant,experiments/raw-results/atomicbot-turboquant/2026-07-17/quality-all-rows/AB-KV8-F16-4K/P2.json,experiments/raw-results/retained/atomicbot-turboquant/2026-07-17/quality-all-rows/AB-KV8-F16-4K/P2.json,760,c6b5cf7d4ca2b9569ce8a45ab58ea89eac4f632f4e0fc587cad99bb05b942251,"[""atomicbot-quality-prompt-output-c6b5cf7d4ca2b956""]",,,,retain_active,recovery-5ec36c25826c
atomicbot-turboquant,experiments/raw-results/atomicbot-turboquant/2026-07-17/quality-all-rows/AB-KV8-F16-4K/P3.json,experiments/raw-results/retained/atomicbot-turboquant/2026-07-17/quality-all-rows/AB-KV8-F16-4K/P3.json,475,28d25ffa3fcff8ca92209f989d472312100d862c82db3c77c094ad32905ba814,"[""atomicbot-quality-prompt-output-28d25ffa3fcff8ca""]",,,,retain_active,recovery-5ec36c25826c
atomicbot-turboquant,experiments/raw-results/atomicbot-turboquant/2026-07-17/quality-all-rows/AB-KV8-F16-4K/P4.json,experiments/raw-results/retained/atomicbot-turboquant/2026-07-17/quality-all-rows/AB-KV8-F16-4K/P4.json,572,6b0af34c02c847c1a868aa22529114c01d6bb28c14c53c757363d0ec98050bb4,"[""atomicbot-quality-prompt-output-6b0af34c02c847c1""]",,,,retain_active,recovery-5ec36c25826c
atomicbot-turboquant,experiments/raw-results/atomicbot-turboquant/2026-07-17/quality-all-rows/AB-KV8-F16-4K/P5.json,experiments/raw-results/retained/atomicbot-turboquant/2026-07-17/quality-all-rows/AB-KV8-F16-4K/P5.json,380,67da36ea8eddd03421ee4e6f5b43feef1d68c285179c02a854af27265e95d6a9,"[""atomicbot-quality-prompt-output-67da36ea8eddd034""]",,,,retain_active,recovery-5ec36c25826c
atomicbot-turboquant,experiments/raw-results/atomicbot-turboquant/2026-07-17/quality-all-rows/AB-KV8-F16-4K/P6.json,experiments/raw-results/retained/atomicbot-turboquant/2026-07-17/quality-all-rows/AB-KV8-F16-4K/P6.json,336,9fcecfff9221cac7de782d5f8013d279ed06eef633d26365e7b2a2f78c5ce80c,"[""atomicbot-quality-prompt-output-9fcecfff9221cac7""]",,,,retain_active,recovery-5ec36c25826c
atomicbot-turboquant,experiments/raw-results/atomicbot-turboquant/2026-07-17/quality-all-rows/quality-adjudications.json,experiments/raw-results/retained/atomicbot-turboquant/2026-07-17/quality-all-rows/quality-adjudications.json,50958,7c6bbfd833d30218445cf8ebe2dbafb9fea7560563cb3461eff6dc55747c1e30,"[""atomicbot-quality-adjudication-7c6bbfd833d30218""]",,,,retain_active,recovery-5ec36c25826c
atomicbot-turboquant,experiments/raw-results/atomicbot-turboquant/2026-07-17/quality-all-rows/quality-summary.json,experiments/raw-results/retained/atomicbot-turboquant/2026-07-17/quality-all-rows/quality-summary.json,24706,c7333ff5faf191f9ddb9993c158d943a41d0d640b8c8d61055a4cdbe6c2e1ff9,"[""atomicbot-quality-summary-c7333ff5faf191f9""]",,,,retain_active,recovery-5ec36c25826c
openvino-experimental-fork,experiments/raw-results/openvino-experimental-fork/2026-08-30/fv6/experimental-openvino-comparison.csv,experiments/raw-results/retained/openvino-experimental-fork/2026-08-30/fv6/experimental-openvino-comparison.csv,8589,016d9424a7c43a6d2f5ea8ea97b51e1de83ec0ac4c0d3946bc52de1c8bdcdf09,"[""openvino-experimental-fork-016d9424a7c4""]",,,,retain_active,recovery-5ec36c25826c
openvino-experimental-fork,experiments/raw-results/openvino-experimental-fork/2026-08-30/fv6/experimental-openvino-coverage.csv,experiments/raw-results/retained/openvino-experimental-fork/2026-08-30/fv6/experimental-openvino-coverage.csv,173,ebf8a9685beeec40e487e37365cde5de20ea57f64dd7c3948d5751926e983ccc,"[""openvino-experimental-fork-ebf8a9685bee""]",,,,retain_active,recovery-5ec36c25826c
openvino-experimental-fork,experiments/raw-results/openvino-experimental-fork/2026-08-30/fv6/experimental-openvino-detailed-results.csv,experiments/raw-results/retained/openvino-experimental-fork/2026-08-30/fv6/experimental-openvino-detailed-results.csv,34030,2f57390980664a79cdcc2272152fd316cd315360afd5ab3b715bba9fd70ebc9f,"[""openvino-experimental-fork-2f5739098066""]",granite-30b__fp16__f16,granite-30b__fp16__f16--attempt-001,artifact_unavailable,retain_active,recovery-5ec36c25826c
openvino-experimental-fork,experiments/raw-results/openvino-experimental-fork/2026-08-30/fv6/experimental-openvino-quality-details.csv,experiments/raw-results/retained/openvino-experimental-fork/2026-08-30/fv6/experimental-openvino-quality-details.csv,3776624,834c2caa9c7eecc89043078ffbd9bba2b637b2ed82be8d412c6011c7f7fd978e,"[""openvino-experimental-fork-834c2caa9c7e""]",,,,retain_active,recovery-5ec36c25826c
openvino-experimental-fork,experiments/raw-results/openvino-experimental-fork/2026-08-30/fv6/inputs/0957a32a76e2fe74be28c143e690d0ec4be35096f3382dd92a92aebca87be433.txt,experiments/raw-results/retained/openvino-experimental-fork/2026-08-30/fv6/inputs/0957a32a76e2fe74be28c143e690d0ec4be35096f3382dd92a92aebca87be433.txt,1181,0957a32a76e2fe74be28c143e690d0ec4be35096f3382dd92a92aebca87be433,"[""openvino-experimental-fork-0957a32a76e2""]",,,,retain_active,recovery-5ec36c25826c
openvino-experimental-fork,experiments/raw-results/openvino-experimental-fork/2026-08-30/fv6/inputs/1b97409e23492cd5041096f5b22ab2f14a80fd8d6b960570ccd8cafe23d4ea8b.txt,experiments/raw-results/retained/openvino-experimental-fork/2026-08-30/fv6/inputs/1b97409e23492cd5041096f5b22ab2f14a80fd8d6b960570ccd8cafe23d4ea8b.txt,1123,1b97409e23492cd5041096f5b22ab2f14a80fd8d6b960570ccd8cafe23d4ea8b,"[""openvino-experimental-fork-1b97409e2349""]",,,,retain_active,recovery-5ec36c25826c
openvino-experimental-fork,experiments/raw-results/openvino-experimental-fork/2026-08-30/fv6/inputs/2743f5a029eb58855b2bcc261826e3096cbf114fad8ef550644b7abc3c966cc9.txt,experiments/raw-results/retained/openvino-experimental-fork/2026-08-30/fv6/inputs/2743f5a029eb58855b2bcc261826e3096cbf114fad8ef550644b7abc3c966cc9.txt,89,2743f5a029eb58855b2bcc261826e3096cbf114fad8ef550644b7abc3c966cc9,"[""openvino-experimental-fork-2743f5a029eb""]",,,,retain_active,recovery-5ec36c25826c
openvino-experimental-fork,experiments/raw-results/openvino-experimental-fork/2026-08-30/fv6/inputs/277de33c834fc201a480f424bd6b5da18013518836363de336d16cfd363c4e43.txt,experiments/raw-results/retained/openvino-experimental-fork/2026-08-30/fv6/inputs/277de33c834fc201a480f424bd6b5da18013518836363de336d16cfd363c4e43.txt,89,277de33c834fc201a480f424bd6b5da18013518836363de336d16cfd363c4e43,"[""openvino-experimental-fork-277de33c834f""]",,,,retain_active,recovery-5ec36c25826c
openvino-experimental-fork,experiments/raw-results/openvino-experimental-fork/2026-08-30/fv6/inputs/27e4c3f8c1be42db726025869211598d145dac5fb94b2872690c0229daeb8d48.txt,experiments/raw-results/retained/openvino-experimental-fork/2026-08-30/fv6/inputs/27e4c3f8c1be42db726025869211598d145dac5fb94b2872690c0229daeb8d48.txt,86,27e4c3f8c1be42db726025869211598d145dac5fb94b2872690c0229daeb8d48,"[""openvino-experimental-fork-27e4c3f8c1be""]",,,,retain_active,recovery-5ec36c25826c
openvino-experimental-fork,experiments/raw-results/openvino-experimental-fork/2026-08-30/fv6/inputs/324bdd409b3648d97542738ab7ccf93b0ff44da7444a5004fc209bf546830ddc.txt,experiments/raw-results/retained/openvino-experimental-fork/2026-08-30/fv6/inputs/324bdd409b3648d97542738ab7ccf93b0ff44da7444a5004fc209bf546830ddc.txt,1157,324bdd409b3648d97542738ab7ccf93b0ff44da7444a5004fc209bf546830ddc,"[""openvino-experimental-fork-324bdd409b36""]",,,,retain_active,recovery-5ec36c25826c
openvino-experimental-fork,experiments/raw-results/openvino-experimental-fork/2026-08-30/fv6/inputs/3cc4b86e0a5231ac1ccff542f8d2ee91b73dfbddb029ebcd44cae353d03f87bf.txt,experiments/raw-results/retained/openvino-experimental-fork/2026-08-30/fv6/inputs/3cc4b86e0a5231ac1ccff542f8d2ee91b73dfbddb029ebcd44cae353d03f87bf.txt,1142,3cc4b86e0a5231ac1ccff542f8d2ee91b73dfbddb029ebcd44cae353d03f87bf,"[""openvino-experimental-fork-3cc4b86e0a52""]",,,,retain_active,recovery-5ec36c25826c
openvino-experimental-fork,experiments/raw-results/openvino-experimental-fork/2026-08-30/fv6/inputs/43f30876ef8424228ab945195b71adf00e48886bbe3f2b28bd26652b00970d8a.txt,experiments/raw-results/retained/openvino-experimental-fork/2026-08-30/fv6/inputs/43f30876ef8424228ab945195b71adf00e48886bbe3f2b28bd26652b00970d8a.txt,1106,43f30876ef8424228ab945195b71adf00e48886bbe3f2b28bd26652b00970d8a,"[""openvino-experimental-fork-43f30876ef84""]",,,,retain_active,recovery-5ec36c25826c
openvino-experimental-fork,experiments/raw-results/openvino-experimental-fork/2026-08-30/fv6/inputs/455d04b8f61370bdc2197011d5f69990a46d8075405c7a9539bce8afc6442775.txt,experiments/raw-results/retained/openvino-experimental-fork/2026-08-30/fv6/inputs/455d04b8f61370bdc2197011d5f69990a46d8075405c7a9539bce8afc6442775.txt,1141,455d04b8f61370bdc2197011d5f69990a46d8075405c7a9539bce8afc6442775,"[""openvino-experimental-fork-455d04b8f613""]",,,,retain_active,recovery-5ec36c25826c
openvino-experimental-fork,experiments/raw-results/openvino-experimental-fork/2026-08-30/fv6/inputs/48891656ca1fc61bdf95f080a267d482fe317ac5237045cca5fa1ddebbf16d3b.txt,experiments/raw-results/retained/openvino-experimental-fork/2026-08-30/fv6/inputs/48891656ca1fc61bdf95f080a267d482fe317ac5237045cca5fa1ddebbf16d3b.txt,370,48891656ca1fc61bdf95f080a267d482fe317ac5237045cca5fa1ddebbf16d3b,"[""openvino-experimental-fork-48891656ca1f""]",,,,retain_active,recovery-5ec36c25826c
openvino-experimental-fork,experiments/raw-results/openvino-experimental-fork/2026-08-30/fv6/inputs/53fc6bb93a26bb0d255c52507517fe6fe39f673a399800038464155c5513dc25.txt,experiments/raw-results/retained/openvino-experimental-fork/2026-08-30/fv6/inputs/53fc6bb93a26bb0d255c52507517fe6fe39f673a399800038464155c5513dc25.txt,350,53fc6bb93a26bb0d255c52507517fe6fe39f673a399800038464155c5513dc25,"[""openvino-experimental-fork-53fc6bb93a26""]",,,,retain_active,recovery-5ec36c25826c
openvino-experimental-fork,experiments/raw-results/openvino-experimental-fork/2026-08-30/fv6/inputs/540a9be22729fd4e0d70775a9f2fcc918e739b9cbaa06e93f1ab353ff3b1c5e8.txt,experiments/raw-results/retained/openvino-experimental-fork/2026-08-30/fv6/inputs/540a9be22729fd4e0d70775a9f2fcc918e739b9cbaa06e93f1ab353ff3b1c5e8.txt,52,540a9be22729fd4e0d70775a9f2fcc918e739b9cbaa06e93f1ab353ff3b1c5e8,"[""openvino-experimental-fork-540a9be22729""]",,,,retain_active,recovery-5ec36c25826c
openvino-experimental-fork,experiments/raw-results/openvino-experimental-fork/2026-08-30/fv6/inputs/595572cc4baf62474158ef2e19f8ab8821b6c824d897e358106bbb89244ff39d.txt,experiments/raw-results/retained/openvino-experimental-fork/2026-08-30/fv6/inputs/595572cc4baf62474158ef2e19f8ab8821b6c824d897e358106bbb89244ff39d.txt,84,595572cc4baf62474158ef2e19f8ab8821b6c824d897e358106bbb89244ff39d,"[""openvino-experimental-fork-595572cc4baf""]",,,,retain_active,recovery-5ec36c25826c
openvino-experimental-fork,experiments/raw-results/openvino-experimental-fork/2026-08-30/fv6/inputs/5b7486ba7df49165ff830d1d7c5108bbdd9c19d42947b0977aeeeb077fce6762.txt,experiments/raw-results/retained/openvino-experimental-fork/2026-08-30/fv6/inputs/5b7486ba7df49165ff830d1d7c5108bbdd9c19d42947b0977aeeeb077fce6762.txt,764,5b7486ba7df49165ff830d1d7c5108bbdd9c19d42947b0977aeeeb077fce6762,"[""openvino-experimental-fork-5b7486ba7df4""]",,,,retain_active,recovery-5ec36c25826c
openvino-experimental-fork,experiments/raw-results/openvino-experimental-fork/2026-08-30/fv6/inputs/615d04f9c4dfa816cff2f874dd1a8e143cd8a0f1eff1b5c7ac34b8f183166fa6.txt,experiments/raw-results/retained/openvino-experimental-fork/2026-08-30/fv6/inputs/615d04f9c4dfa816cff2f874dd1a8e143cd8a0f1eff1b5c7ac34b8f183166fa6.txt,81,615d04f9c4dfa816cff2f874dd1a8e143cd8a0f1eff1b5c7ac34b8f183166fa6,"[""openvino-experimental-fork-615d04f9c4df""]",,,,retain_active,recovery-5ec36c25826c
openvino-experimental-fork,experiments/raw-results/openvino-experimental-fork/2026-08-30/fv6/inputs/61f222026965b2f5a430b1e5088fe9d424c4b10e53ac503a33a34dfd472e2db0.txt,experiments/raw-results/retained/openvino-experimental-fork/2026-08-30/fv6/inputs/61f222026965b2f5a430b1e5088fe9d424c4b10e53ac503a33a34dfd472e2db0.txt,63,61f222026965b2f5a430b1e5088fe9d424c4b10e53ac503a33a34dfd472e2db0,"[""openvino-experimental-fork-61f222026965""]",,,,retain_active,recovery-5ec36c25826c
openvino-experimental-fork,experiments/raw-results/openvino-experimental-fork/2026-08-30/fv6/inputs/676c2e2ff16d3a649143e708e2c39de48b0472f092082c483b2a172144617d0f.txt,experiments/raw-results/retained/openvino-experimental-fork/2026-08-30/fv6/inputs/676c2e2ff16d3a649143e708e2c39de48b0472f092082c483b2a172144617d0f.txt,332,676c2e2ff16d3a649143e708e2c39de48b0472f092082c483b2a172144617d0f,"[""openvino-experimental-fork-676c2e2ff16d""]",,,,retain_active,recovery-5ec36c25826c
openvino-experimental-fork,experiments/raw-results/openvino-experimental-fork/2026-08-30/fv6/inputs/67ce45459cbf6e5552dcbd66d5b1dbdb93b145f747823f367645f545032b7aee.txt,experiments/raw-results/retained/openvino-experimental-fork/2026-08-30/fv6/inputs/67ce45459cbf6e5552dcbd66d5b1dbdb93b145f747823f367645f545032b7aee.txt,389,67ce45459cbf6e5552dcbd66d5b1dbdb93b145f747823f367645f545032b7aee,"[""openvino-experimental-fork-67ce45459cbf""]",,,,retain_active,recovery-5ec36c25826c
openvino-experimental-fork,experiments/raw-results/openvino-experimental-fork/2026-08-30/fv6/inputs/6a657de4f1a46dbeb25adffe22bc3c7b023b8e26c14c173c427e5d2064d4a3a0.txt,experiments/raw-results/retained/openvino-experimental-fork/2026-08-30/fv6/inputs/6a657de4f1a46dbeb25adffe22bc3c7b023b8e26c14c173c427e5d2064d4a3a0.txt,355,6a657de4f1a46dbeb25adffe22bc3c7b023b8e26c14c173c427e5d2064d4a3a0,"[""openvino-experimental-fork-6a657de4f1a4""]",,,,retain_active,recovery-5ec36c25826c
openvino-experimental-fork,experiments/raw-results/openvino-experimental-fork/2026-08-30/fv6/inputs/776c5fc60b7ddc2c51ceca3c0e7c439973bcf731250758ff394523dc807ea7c4.txt,experiments/raw-results/retained/openvino-experimental-fork/2026-08-30/fv6/inputs/776c5fc60b7ddc2c51ceca3c0e7c439973bcf731250758ff394523dc807ea7c4.txt,367,776c5fc60b7ddc2c51ceca3c0e7c439973bcf731250758ff394523dc807ea7c4,"[""openvino-experimental-fork-776c5fc60b7d""]",,,,retain_active,recovery-5ec36c25826c
openvino-experimental-fork,experiments/raw-results/openvino-experimental-fork/2026-08-30/fv6/inputs/7772a6c1df61229e02cd91db5fbb2b8c6e292ddcf43ff91b6c832deb358ac08c.txt,experiments/raw-results/retained/openvino-experimental-fork/2026-08-30/fv6/inputs/7772a6c1df61229e02cd91db5fbb2b8c6e292ddcf43ff91b6c832deb358ac08c.txt,302,7772a6c1df61229e02cd91db5fbb2b8c6e292ddcf43ff91b6c832deb358ac08c,"[""openvino-experimental-fork-7772a6c1df61""]",,,,retain_active,recovery-5ec36c25826c
openvino-experimental-fork,experiments/raw-results/openvino-experimental-fork/2026-08-30/fv6/inputs/7a78a81c98a6383205ad49f85e60b40590560a72d04f2cd915a340dfce85511d.txt,experiments/raw-results/retained/openvino-experimental-fork/2026-08-30/fv6/inputs/7a78a81c98a6383205ad49f85e60b40590560a72d04f2cd915a340dfce85511d.txt,464,7a78a81c98a6383205ad49f85e60b40590560a72d04f2cd915a340dfce85511d,"[""openvino-experimental-fork-7a78a81c98a6""]",,,,retain_active,recovery-5ec36c25826c
openvino-experimental-fork,experiments/raw-results/openvino-experimental-fork/2026-08-30/fv6/inputs/7b3e4e7d379c102404f7801a205bdadc845f25de7f44fbce7c4b9c918fd75bee.txt,experiments/raw-results/retained/openvino-experimental-fork/2026-08-30/fv6/inputs/7b3e4e7d379c102404f7801a205bdadc845f25de7f44fbce7c4b9c918fd75bee.txt,1123,7b3e4e7d379c102404f7801a205bdadc845f25de7f44fbce7c4b9c918fd75bee,"[""openvino-experimental-fork-7b3e4e7d379c""]",,,,retain_active,recovery-5ec36c25826c
openvino-experimental-fork,experiments/raw-results/openvino-experimental-fork/2026-08-30/fv6/inputs/7b63b3e81dc4212fb5d7e781a990319a5744e2d3008116e7e798ebe61d99c9c7.txt,experiments/raw-results/retained/openvino-experimental-fork/2026-08-30/fv6/inputs/7b63b3e81dc4212fb5d7e781a990319a5744e2d3008116e7e798ebe61d99c9c7.txt,396,7b63b3e81dc4212fb5d7e781a990319a5744e2d3008116e7e798ebe61d99c9c7,"[""openvino-experimental-fork-7b63b3e81dc4""]",,,,retain_active,recovery-5ec36c25826c
openvino-experimental-fork,experiments/raw-results/openvino-experimental-fork/2026-08-30/fv6/inputs/80abc763effdb50d372eafff10c7fc0daee6034a5414be805e8fd5aad3681001.txt,experiments/raw-results/retained/openvino-experimental-fork/2026-08-30/fv6/inputs/80abc763effdb50d372eafff10c7fc0daee6034a5414be805e8fd5aad3681001.txt,351,80abc763effdb50d372eafff10c7fc0daee6034a5414be805e8fd5aad3681001,"[""openvino-experimental-fork-80abc763effd""]",,,,retain_active,recovery-5ec36c25826c
openvino-experimental-fork,experiments/raw-results/openvino-experimental-fork/2026-08-30/fv6/inputs/845d14e24b22d9fd9fba5834ce60358dd1797f5ddba96ce12bdf60999276470d.txt,experiments/raw-results/retained/openvino-experimental-fork/2026-08-30/fv6/inputs/845d14e24b22d9fd9fba5834ce60358dd1797f5ddba96ce12bdf60999276470d.txt,73,845d14e24b22d9fd9fba5834ce60358dd1797f5ddba96ce12bdf60999276470d,"[""openvino-experimental-fork-845d14e24b22""]",,,,retain_active,recovery-5ec36c25826c
openvino-experimental-fork,experiments/raw-results/openvino-experimental-fork/2026-08-30/fv6/inputs/87f8e79eaaea4c5260630e44b0fec4a1a57fe02331602d044bab7c29c2eb659f.txt,experiments/raw-results/retained/openvino-experimental-fork/2026-08-30/fv6/inputs/87f8e79eaaea4c5260630e44b0fec4a1a57fe02331602d044bab7c29c2eb659f.txt,71,87f8e79eaaea4c5260630e44b0fec4a1a57fe02331602d044bab7c29c2eb659f,"[""openvino-experimental-fork-87f8e79eaaea""]",,,,retain_active,recovery-5ec36c25826c
openvino-experimental-fork,experiments/raw-results/openvino-experimental-fork/2026-08-30/fv6/inputs/8a7e943f1a70337ca1256cdd0c28e274a4d319d56c3d8083c54bef4f89bdba02.txt,experiments/raw-results/retained/openvino-experimental-fork/2026-08-30/fv6/inputs/8a7e943f1a70337ca1256cdd0c28e274a4d319d56c3d8083c54bef4f89bdba02.txt,44,8a7e943f1a70337ca1256cdd0c28e274a4d319d56c3d8083c54bef4f89bdba02,"[""openvino-experimental-fork-8a7e943f1a70""]",,,,retain_active,recovery-5ec36c25826c
openvino-experimental-fork,experiments/raw-results/openvino-experimental-fork/2026-08-30/fv6/inputs/8b075f0ffd39580d4e5f23b1cd3df5f7db208be451bf1c647ca425ce7539b02d.txt,experiments/raw-results/retained/openvino-experimental-fork/2026-08-30/fv6/inputs/8b075f0ffd39580d4e5f23b1cd3df5f7db208be451bf1c647ca425ce7539b02d.txt,1103,8b075f0ffd39580d4e5f23b1cd3df5f7db208be451bf1c647ca425ce7539b02d,"[""openvino-experimental-fork-8b075f0ffd39""]",,,,retain_active,recovery-5ec36c25826c
openvino-experimental-fork,experiments/raw-results/openvino-experimental-fork/2026-08-30/fv6/inputs/8ed7aacec8256902245374778e794ad30296d02d9760d1c39d244cf7b9f3f283.txt,experiments/raw-results/retained/openvino-experimental-fork/2026-08-30/fv6/inputs/8ed7aacec8256902245374778e794ad30296d02d9760d1c39d244cf7b9f3f283.txt,1219,8ed7aacec8256902245374778e794ad30296d02d9760d1c39d244cf7b9f3f283,"[""openvino-experimental-fork-8ed7aacec825""]",,,,retain_active,recovery-5ec36c25826c
openvino-experimental-fork,experiments/raw-results/openvino-experimental-fork/2026-08-30/fv6/inputs/9124358d912e7c1b34b4568a841d150b6e807171f187f11f4ef0f075a07eb46b.txt,experiments/raw-results/retained/openvino-experimental-fork/2026-08-30/fv6/inputs/9124358d912e7c1b34b4568a841d150b6e807171f187f11f4ef0f075a07eb46b.txt,1157,9124358d912e7c1b34b4568a841d150b6e807171f187f11f4ef0f075a07eb46b,"[""openvino-experimental-fork-9124358d912e""]",,,,retain_active,recovery-5ec36c25826c
openvino-experimental-fork,experiments/raw-results/openvino-experimental-fork/2026-08-30/fv6/inputs/957608b566cd7c09ffde938e35020c73bb8e76d2526fd3bf665c2bb806a5da63.txt,experiments/raw-results/retained/openvino-experimental-fork/2026-08-30/fv6/inputs/957608b566cd7c09ffde938e35020c73bb8e76d2526fd3bf665c2bb806a5da63.txt,345,957608b566cd7c09ffde938e35020c73bb8e76d2526fd3bf665c2bb806a5da63,"[""openvino-experimental-fork-957608b566cd""]",,,,retain_active,recovery-5ec36c25826c
openvino-experimental-fork,experiments/raw-results/openvino-experimental-fork/2026-08-30/fv6/inputs/965b09972a4704a909dbeca63c6163638eac651e58d1f7be5bf0f181ea6603b0.txt,experiments/raw-results/retained/openvino-experimental-fork/2026-08-30/fv6/inputs/965b09972a4704a909dbeca63c6163638eac651e58d1f7be5bf0f181ea6603b0.txt,388,965b09972a4704a909dbeca63c6163638eac651e58d1f7be5bf0f181ea6603b0,"[""openvino-experimental-fork-965b09972a47""]",,,,retain_active,recovery-5ec36c25826c
openvino-experimental-fork,experiments/raw-results/openvino-experimental-fork/2026-08-30/fv6/inputs/a5731332bceedf440857f21f9160c77f94ddabac76722b7b8c86fe1d69c0f866.txt,experiments/raw-results/retained/openvino-experimental-fork/2026-08-30/fv6/inputs/a5731332bceedf440857f21f9160c77f94ddabac76722b7b8c86fe1d69c0f866.txt,1105,a5731332bceedf440857f21f9160c77f94ddabac76722b7b8c86fe1d69c0f866,"[""openvino-experimental-fork-a5731332bcee""]",,,,retain_active,recovery-5ec36c25826c
openvino-experimental-fork,experiments/raw-results/openvino-experimental-fork/2026-08-30/fv6/inputs/ae181a94c34b5a0a1f3099118a6a3b43a794e1fff99177333cd739d94ea7578f.txt,experiments/raw-results/retained/openvino-experimental-fork/2026-08-30/fv6/inputs/ae181a94c34b5a0a1f3099118a6a3b43a794e1fff99177333cd739d94ea7578f.txt,362,ae181a94c34b5a0a1f3099118a6a3b43a794e1fff99177333cd739d94ea7578f,"[""openvino-experimental-fork-ae181a94c34b""]",,,,retain_active,recovery-5ec36c25826c
openvino-experimental-fork,experiments/raw-results/openvino-experimental-fork/2026-08-30/fv6/inputs/b4e14dfc41cc0e847b7459dec73ae3c24d82b3c652b9fd4ec2cc5b2888012dda.txt,experiments/raw-results/retained/openvino-experimental-fork/2026-08-30/fv6/inputs/b4e14dfc41cc0e847b7459dec73ae3c24d82b3c652b9fd4ec2cc5b2888012dda.txt,1123,b4e14dfc41cc0e847b7459dec73ae3c24d82b3c652b9fd4ec2cc5b2888012dda,"[""openvino-experimental-fork-b4e14dfc41cc""]",,,,retain_active,recovery-5ec36c25826c
openvino-experimental-fork,experiments/raw-results/openvino-experimental-fork/2026-08-30/fv6/inputs/c2b33c08f0a603144376aeb9af998967745f4fcdb14fcb4c1f6a9fcdab5bc466.txt,experiments/raw-results/retained/openvino-experimental-fork/2026-08-30/fv6/inputs/c2b33c08f0a603144376aeb9af998967745f4fcdb14fcb4c1f6a9fcdab5bc466.txt,1150,c2b33c08f0a603144376aeb9af998967745f4fcdb14fcb4c1f6a9fcdab5bc466,"[""openvino-experimental-fork-c2b33c08f0a6""]",,,,retain_active,recovery-5ec36c25826c
openvino-experimental-fork,experiments/raw-results/openvino-experimental-fork/2026-08-30/fv6/inputs/c64af7c09c2da9782c5443500b3081f36132c88a4f303c7c51771b7693f4fa10.txt,experiments/raw-results/retained/openvino-experimental-fork/2026-08-30/fv6/inputs/c64af7c09c2da9782c5443500b3081f36132c88a4f303c7c51771b7693f4fa10.txt,328,c64af7c09c2da9782c5443500b3081f36132c88a4f303c7c51771b7693f4fa10,"[""openvino-experimental-fork-c64af7c09c2d""]",,,,retain_active,recovery-5ec36c25826c
openvino-experimental-fork,experiments/raw-results/openvino-experimental-fork/2026-08-30/fv6/inputs/c6ba447ec6018abfd421e556303883c8fed2bc1a450287a18939a55cfadf776b.txt,experiments/raw-results/retained/openvino-experimental-fork/2026-08-30/fv6/inputs/c6ba447ec6018abfd421e556303883c8fed2bc1a450287a18939a55cfadf776b.txt,74,c6ba447ec6018abfd421e556303883c8fed2bc1a450287a18939a55cfadf776b,"[""openvino-experimental-fork-c6ba447ec601""]",,,,retain_active,recovery-5ec36c25826c
openvino-experimental-fork,experiments/raw-results/openvino-experimental-fork/2026-08-30/fv6/inputs/d15fe77e8e99e3f5178ad1ce97ab3e322688336f041c87beb4799480e569b838.txt,experiments/raw-results/retained/openvino-experimental-fork/2026-08-30/fv6/inputs/d15fe77e8e99e3f5178ad1ce97ab3e322688336f041c87beb4799480e569b838.txt,1179,d15fe77e8e99e3f5178ad1ce97ab3e322688336f041c87beb4799480e569b838,"[""openvino-experimental-fork-d15fe77e8e99""]",,,,retain_active,recovery-5ec36c25826c
openvino-experimental-fork,experiments/raw-results/openvino-experimental-fork/2026-08-30/fv6/inputs/d3991034bc6ffd70c4b65fdef1a0d319a3c678d66f0e79c19c306fd8ab35b8a6.txt,experiments/raw-results/retained/openvino-experimental-fork/2026-08-30/fv6/inputs/d3991034bc6ffd70c4b65fdef1a0d319a3c678d66f0e79c19c306fd8ab35b8a6.txt,85,d3991034bc6ffd70c4b65fdef1a0d319a3c678d66f0e79c19c306fd8ab35b8a6,"[""openvino-experimental-fork-d3991034bc6f""]",,,,retain_active,recovery-5ec36c25826c
openvino-experimental-fork,experiments/raw-results/openvino-experimental-fork/2026-08-30/fv6/inputs/d8d54a60271bae4f633eef26af30798e326feb08b43290262847f941658c89a3.txt,experiments/raw-results/retained/openvino-experimental-fork/2026-08-30/fv6/inputs/d8d54a60271bae4f633eef26af30798e326feb08b43290262847f941658c89a3.txt,80,d8d54a60271bae4f633eef26af30798e326feb08b43290262847f941658c89a3,"[""openvino-experimental-fork-d8d54a60271b""]",,,,retain_active,recovery-5ec36c25826c
openvino-experimental-fork,experiments/raw-results/openvino-experimental-fork/2026-08-30/fv6/inputs/dbff31257c7803ac80b1164258cf636b0b37baa29474bedb54df5044c1d47c8c.txt,experiments/raw-results/retained/openvino-experimental-fork/2026-08-30/fv6/inputs/dbff31257c7803ac80b1164258cf636b0b37baa29474bedb54df5044c1d47c8c.txt,1190,dbff31257c7803ac80b1164258cf636b0b37baa29474bedb54df5044c1d47c8c,"[""openvino-experimental-fork-dbff31257c78""]",,,,retain_active,recovery-5ec36c25826c
openvino-experimental-fork,experiments/raw-results/openvino-experimental-fork/2026-08-30/fv6/inputs/def32bad0a3914f543a3f46a5e3dc43abd9497efff6d607472fe8a0a5d40db96.txt,experiments/raw-results/retained/openvino-experimental-fork/2026-08-30/fv6/inputs/def32bad0a3914f543a3f46a5e3dc43abd9497efff6d607472fe8a0a5d40db96.txt,74,def32bad0a3914f543a3f46a5e3dc43abd9497efff6d607472fe8a0a5d40db96,"[""openvino-experimental-fork-def32bad0a39""]",,,,retain_active,recovery-5ec36c25826c
openvino-experimental-fork,experiments/raw-results/openvino-experimental-fork/2026-08-30/fv6/inputs/e101455e0e6aba4fb65c29e16bb8814887a932a5d7f910938e597df4872005cd.txt,experiments/raw-results/retained/openvino-experimental-fork/2026-08-30/fv6/inputs/e101455e0e6aba4fb65c29e16bb8814887a932a5d7f910938e597df4872005cd.txt,349,e101455e0e6aba4fb65c29e16bb8814887a932a5d7f910938e597df4872005cd,"[""openvino-experimental-fork-e101455e0e6a""]",,,,retain_active,recovery-5ec36c25826c
openvino-experimental-fork,experiments/raw-results/openvino-experimental-fork/2026-08-30/fv6/inputs/e2f0ecf9929c76498147257c73a720ed7e121e707fbfbdc1e22bba6ec57ad7f1.txt,experiments/raw-results/retained/openvino-experimental-fork/2026-08-30/fv6/inputs/e2f0ecf9929c76498147257c73a720ed7e121e707fbfbdc1e22bba6ec57ad7f1.txt,351,e2f0ecf9929c76498147257c73a720ed7e121e707fbfbdc1e22bba6ec57ad7f1,"[""openvino-experimental-fork-e2f0ecf9929c""]",,,,retain_active,recovery-5ec36c25826c
openvino-experimental-fork,experiments/raw-results/openvino-experimental-fork/2026-08-30/fv6/inputs/f07ae51054e2b27269a123b82863b977083b69464654f8c7f386c0cd6976cd99.txt,experiments/raw-results/retained/openvino-experimental-fork/2026-08-30/fv6/inputs/f07ae51054e2b27269a123b82863b977083b69464654f8c7f386c0cd6976cd99.txt,64,f07ae51054e2b27269a123b82863b977083b69464654f8c7f386c0cd6976cd99,"[""openvino-experimental-fork-f07ae51054e2""]",,,,retain_active,recovery-5ec36c25826c
openvino-experimental-fork,experiments/raw-results/openvino-experimental-fork/2026-08-30/fv6/inputs/f6a419176fd90bc46e237db9a889d799c24b83bc38098f48e7e0605839f8021e.txt,experiments/raw-results/retained/openvino-experimental-fork/2026-08-30/fv6/inputs/f6a419176fd90bc46e237db9a889d799c24b83bc38098f48e7e0605839f8021e.txt,72,f6a419176fd90bc46e237db9a889d799c24b83bc38098f48e7e0605839f8021e,"[""openvino-experimental-fork-f6a419176fd9""]",,,,retain_active,recovery-5ec36c25826c
openvino-experimental-fork,experiments/raw-results/openvino-experimental-fork/2026-08-30/fv6/raw/granite-3b__int4__f16.json,experiments/raw-results/retained/openvino-experimental-fork/2026-08-30/fv6/raw/granite-3b__int4__f16.json,209653,79a9263dad4e80da3555dc86ea49b786d2f55339ab453713d89f17e5b77c7494,"[""openvino-experimental-fork-79a9263dad4e""]",,,,retain_active,recovery-5ec36c25826c
openvino-experimental-fork,experiments/raw-results/openvino-experimental-fork/2026-08-30/fv6/raw/granite-3b__int4__polar3.json,experiments/raw-results/retained/openvino-experimental-fork/2026-08-30/fv6/raw/granite-3b__int4__polar3.json,236598,9d6ad5885078c8fa9e098cb625e06395038a92fb07c7bdd233b88e26b5d1d6af,"[""openvino-experimental-fork-9d6ad5885078""]",,,,retain_active,recovery-5ec36c25826c
openvino-experimental-fork,experiments/raw-results/openvino-experimental-fork/2026-08-30/fv6/raw/granite-3b__int4__polar4.json,experiments/raw-results/retained/openvino-experimental-fork/2026-08-30/fv6/raw/granite-3b__int4__polar4.json,239731,b470c3eeed1d521938eccf26e1c0dc89b6fed76ba6b084a226a46a57fc7c3548,"[""openvino-experimental-fork-b470c3eeed1d""]",,,,retain_active,recovery-5ec36c25826c
openvino-experimental-fork,experiments/raw-results/openvino-experimental-fork/2026-08-30/fv6/raw/granite-3b__int4__tbq3.json,experiments/raw-results/retained/openvino-experimental-fork/2026-08-30/fv6/raw/granite-3b__int4__tbq3.json,238578,a766b4ce3d4c1ba952e0ecf66568257ee28c779f7031332977e207875a0dca18,"[""openvino-experimental-fork-a766b4ce3d4c""]",,,,retain_active,recovery-5ec36c25826c
openvino-experimental-fork,experiments/raw-results/openvino-experimental-fork/2026-08-30/fv6/raw/granite-3b__int4__tbq3_qjl.json,experiments/raw-results/retained/openvino-experimental-fork/2026-08-30/fv6/raw/granite-3b__int4__tbq3_qjl.json,236902,98f65445635ec1a712292aeae3b5d5293e4673b01a02f1750980bc1d51b00463,"[""openvino-experimental-fork-98f65445635e""]",,,,retain_active,recovery-5ec36c25826c
openvino-experimental-fork,experiments/raw-results/openvino-experimental-fork/2026-08-30/fv6/raw/granite-3b__int4__tbq4.json,experiments/raw-results/retained/openvino-experimental-fork/2026-08-30/fv6/raw/granite-3b__int4__tbq4.json,239969,8c5119f1242660a9bb6de59d7fc6ae174a3cc1200ccb2e6eec0da981436d8385,"[""openvino-experimental-fork-8c5119f12426""]",,,,retain_active,recovery-5ec36c25826c
openvino-experimental-fork,experiments/raw-results/openvino-experimental-fork/2026-08-30/fv6/raw/granite-3b__int4__tbq4_qjl.json,experiments/raw-results/retained/openvino-experimental-fork/2026-08-30/fv6/raw/granite-3b__int4__tbq4_qjl.json,239946,4c0d076ee2bd458bca7a80489c21d482ea2bc911c7886cc821c8252c3d7d99a9,"[""openvino-experimental-fork-4c0d076ee2bd""]",,,,retain_active,recovery-5ec36c25826c
openvino-experimental-fork,experiments/raw-results/openvino-experimental-fork/2026-08-30/fv6/raw/granite-3b__int4__u4.json,experiments/raw-results/retained/openvino-experimental-fork/2026-08-30/fv6/raw/granite-3b__int4__u4.json,239430,1ab6f38f86d71f54c8871567a4999aa39ab39fc83796e6c0e2cd0acf9c5f2805,"[""openvino-experimental-fork-1ab6f38f86d7""]",,,,retain_active,recovery-5ec36c25826c
openvino-experimental-fork,experiments/raw-results/openvino-experimental-fork/2026-08-30/fv6/raw/granite-3b__int4__u8.json,experiments/raw-results/retained/openvino-experimental-fork/2026-08-30/fv6/raw/granite-3b__int4__u8.json,209554,5447b448375f963c2c1888e1dbde74a37f646d22d4cf6fe25a202b6b4a260c91,"[""openvino-experimental-fork-5447b448375f""]",,,,retain_active,recovery-5ec36c25826c
openvino-experimental-fork,experiments/raw-results/openvino-experimental-fork/2026-08-30/fv6/raw/granite-3b__int8__f16.json,experiments/raw-results/retained/openvino-experimental-fork/2026-08-30/fv6/raw/granite-3b__int8__f16.json,209337,ae5c6e52fff82eb29257786af2dd4601ddbff1c5aaab5b9d08d31cd503486eea,"[""openvino-experimental-fork-ae5c6e52fff8""]",,,,retain_active,recovery-5ec36c25826c
openvino-experimental-fork,experiments/raw-results/openvino-experimental-fork/2026-08-30/fv6/raw/granite-3b__int8__polar3.json,experiments/raw-results/retained/openvino-experimental-fork/2026-08-30/fv6/raw/granite-3b__int8__polar3.json,230178,451007ed27736e4fa8b0f0cf4c9f6945ffac97e1fe273bb2d4560627354330a9,"[""openvino-experimental-fork-451007ed2773""]",,,,retain_active,recovery-5ec36c25826c
openvino-experimental-fork,experiments/raw-results/openvino-experimental-fork/2026-08-30/fv6/raw/granite-3b__int8__polar4.json,experiments/raw-results/retained/openvino-experimental-fork/2026-08-30/fv6/raw/granite-3b__int8__polar4.json,237312,b391720b21949e7b69cff374129b998d67f5b55cca2c82350fb82ff2689713ef,"[""openvino-experimental-fork-b391720b2194""]",,,,retain_active,recovery-5ec36c25826c
openvino-experimental-fork,experiments/raw-results/openvino-experimental-fork/2026-08-30/fv6/raw/granite-3b__int8__tbq3.json,experiments/raw-results/retained/openvino-experimental-fork/2026-08-30/fv6/raw/granite-3b__int8__tbq3.json,236330,39d9aff18ec6589dce59598e0f1ba14ce8c65c86ea79dba2a7eb74ce17f321c7,"[""openvino-experimental-fork-39d9aff18ec6""]",,,,retain_active,recovery-5ec36c25826c
openvino-experimental-fork,experiments/raw-results/openvino-experimental-fork/2026-08-30/fv6/raw/granite-3b__int8__tbq3_qjl.json,experiments/raw-results/retained/openvino-experimental-fork/2026-08-30/fv6/raw/granite-3b__int8__tbq3_qjl.json,231948,17765ec1deb524dde72cdf66d744ddab39b32672e66d1f8b6dc9a5a990d50fb6,"[""openvino-experimental-fork-17765ec1deb5""]",,,,retain_active,recovery-5ec36c25826c
openvino-experimental-fork,experiments/raw-results/openvino-experimental-fork/2026-08-30/fv6/raw/granite-3b__int8__tbq4.json,experiments/raw-results/retained/openvino-experimental-fork/2026-08-30/fv6/raw/granite-3b__int8__tbq4.json,236849,c56924db2c13a2b4fd607be571f8913f7203e283b4888213018f1304915fdf04,"[""openvino-experimental-fork-c56924db2c13""]",,,,retain_active,recovery-5ec36c25826c
openvino-experimental-fork,experiments/raw-results/openvino-experimental-fork/2026-08-30/fv6/raw/granite-3b__int8__tbq4_qjl.json,experiments/raw-results/retained/openvino-experimental-fork/2026-08-30/fv6/raw/granite-3b__int8__tbq4_qjl.json,237236,cc009c748d7f1a4bd538d689e65cd4704a50259f49d41e8e2c5e3598d72ddd14,"[""openvino-experimental-fork-cc009c748d7f""]",,,,retain_active,recovery-5ec36c25826c
openvino-experimental-fork,experiments/raw-results/openvino-experimental-fork/2026-08-30/fv6/raw/granite-3b__int8__u4.json,experiments/raw-results/retained/openvino-experimental-fork/2026-08-30/fv6/raw/granite-3b__int8__u4.json,236587,f80681f079534184022741760ee55c9a86274742945d701318ba993eb2eb3e0b,"[""openvino-experimental-fork-f80681f07953""]",,,,retain_active,recovery-5ec36c25826c
openvino-experimental-fork,experiments/raw-results/openvino-experimental-fork/2026-08-30/fv6/raw/granite-3b__int8__u8.json,experiments/raw-results/retained/openvino-experimental-fork/2026-08-30/fv6/raw/granite-3b__int8__u8.json,209267,2fefb3c8ab9f5d3d895f0265deaf568e8a4ce6c99d3fbbd14d8f0759cacc0d94,"[""openvino-experimental-fork-2fefb3c8ab9f""]",,,,retain_active,recovery-5ec36c25826c
openvino-experimental-fork,experiments/raw-results/openvino-experimental-fork/2026-08-30/fv6/raw/granite-8b__int4__f16.json,experiments/raw-results/retained/openvino-experimental-fork/2026-08-30/fv6/raw/granite-8b__int4__f16.json,209843,3538aa6dfe4d243793d321e2be4b89373a93cd82bf3c6eb5a60ffee5e951fb5d,"[""openvino-experimental-fork-3538aa6dfe4d""]",,,,retain_active,recovery-5ec36c25826c
openvino-experimental-fork,experiments/raw-results/openvino-experimental-fork/2026-08-30/fv6/raw/granite-8b__int4__polar3.json,experiments/raw-results/retained/openvino-experimental-fork/2026-08-30/fv6/raw/granite-8b__int4__polar3.json,242565,26b7bbb5d2589e6c6da856bdcddbccf168b4b7612ff12f70e76a0164f504bed5,"[""openvino-experimental-fork-26b7bbb5d258""]",,,,retain_active,recovery-5ec36c25826c
openvino-experimental-fork,experiments/raw-results/openvino-experimental-fork/2026-08-30/fv6/raw/granite-8b__int4__polar4.json,experiments/raw-results/retained/openvino-experimental-fork/2026-08-30/fv6/raw/granite-8b__int4__polar4.json,243423,5d898bb28644eec31094bdf475722439bae0056da20dc673a490725e94277ec7,"[""openvino-experimental-fork-5d898bb28644""]",,,,retain_active,recovery-5ec36c25826c
openvino-experimental-fork,experiments/raw-results/openvino-experimental-fork/2026-08-30/fv6/raw/granite-8b__int4__tbq3.json,experiments/raw-results/retained/openvino-experimental-fork/2026-08-30/fv6/raw/granite-8b__int4__tbq3.json,242250,f2a741281dd0b9183db14d39970e9f82cc01adac4c6fc285f9647e4d8a5cccd3,"[""openvino-experimental-fork-f2a741281dd0""]",,,,retain_active,recovery-5ec36c25826c
openvino-experimental-fork,experiments/raw-results/openvino-experimental-fork/2026-08-30/fv6/raw/granite-8b__int4__tbq3_qjl.json,experiments/raw-results/retained/openvino-experimental-fork/2026-08-30/fv6/raw/granite-8b__int4__tbq3_qjl.json,241866,4bedc2626149dfdf0286a6e8e4a0d8973e6eb945779e6ccf05c165043c0a737f,"[""openvino-experimental-fork-4bedc2626149""]",,,,retain_active,recovery-5ec36c25826c
openvino-experimental-fork,experiments/raw-results/openvino-experimental-fork/2026-08-30/fv6/raw/granite-8b__int4__tbq4.json,experiments/raw-results/retained/openvino-experimental-fork/2026-08-30/fv6/raw/granite-8b__int4__tbq4.json,242934,3e1b64a8a20bfcba2c9eb1c531115f7ed6d82290424a47298070bc7c3fcd7500,"[""openvino-experimental-fork-3e1b64a8a20b""]",,,,retain_active,recovery-5ec36c25826c
openvino-experimental-fork,experiments/raw-results/openvino-experimental-fork/2026-08-30/fv6/raw/granite-8b__int4__tbq4_qjl.json,experiments/raw-results/retained/openvino-experimental-fork/2026-08-30/fv6/raw/granite-8b__int4__tbq4_qjl.json,242311,f03088fc329e6b1df4ddc1d50693fbb89ea972d18d93eaa00ef9c7c1020989e9,"[""openvino-experimental-fork-f03088fc329e""]",,,,retain_active,recovery-5ec36c25826c
openvino-experimental-fork,experiments/raw-results/openvino-experimental-fork/2026-08-30/fv6/raw/granite-8b__int4__u4.json,experiments/raw-results/retained/openvino-experimental-fork/2026-08-30/fv6/raw/granite-8b__int4__u4.json,244400,ea1f2beffbb85363459783a865c047c5add6a241f97301dd6a2b011f8d8b5952,"[""openvino-experimental-fork-ea1f2beffbb8""]",,,,retain_active,recovery-5ec36c25826c
openvino-experimental-fork,experiments/raw-results/openvino-experimental-fork/2026-08-30/fv6/raw/granite-8b__int4__u8.json,experiments/raw-results/retained/openvino-experimental-fork/2026-08-30/fv6/raw/granite-8b__int4__u8.json,209719,aff450f6d272771f3d81628cab6ffd8ea99e9735938367b32264bee721dd9879,"[""openvino-experimental-fork-aff450f6d272""]",,,,retain_active,recovery-5ec36c25826c
openvino-experimental-fork,experiments/raw-results/openvino-experimental-fork/2026-08-30/fv6/rows.json,experiments/raw-results/retained/openvino-experimental-fork/2026-08-30/fv6/rows.json,53536,ca3f4af15b71c47fa9f702c09502a8ad31ab0ee0b1a0aedfc39a5716b72f1b02,"[""openvino-experimental-fork-ca3f4af15b71""]",granite-30b__fp16__f16,granite-30b__fp16__f16--attempt-001,artifact_unavailable,retain_active,recovery-5ec36c25826c
openvino-official-upstream,experiments/raw-results/openvino-turboquant/2026-07-28/guards/task02-attempt-004-failure/failure.json,experiments/raw-results/retained/openvino-official-upstream/2026-07-28/guards/task02-attempt-004-failure/failure.json,13042,57701e2bb243e9cf294662772f9d1e7a42cd892e57b1545e4bde43be58b9b313,[],,,,retain_active,recovery-5ec36c25826c
openvino-official-upstream,experiments/raw-results/openvino-turboquant/2026-07-28/guards/task02-attempt-005-failure/failure.json,experiments/raw-results/retained/openvino-official-upstream/2026-07-28/guards/task02-attempt-005-failure/failure.json,11336,fb60e35eede6a190e5b747f60c136fe95dd572e774b1595326887ef54fde5077,[],,,,retain_active,recovery-5ec36c25826c
openvino-official-upstream,experiments/raw-results/openvino-turboquant/2026-07-30/capability-row-probes/OV-TQS-01/context-256/run/stderr.txt,experiments/raw-results/retained/openvino-official-upstream/2026-07-30/capability-row-probes/OV-TQS-01/context-256/run/stderr.txt,1237,e09afe291afc96b865e993ceaf86b65d8b9da80d91e34eb5f7c30efbfbeaeb2c,[],,,,retain_active,recovery-5ec36c25826c
openvino-official-upstream,experiments/raw-results/openvino-turboquant/2026-07-30/capability-row-probes/OV-TQS-02/context-256/run/stderr.txt,experiments/raw-results/retained/openvino-official-upstream/2026-07-30/capability-row-probes/OV-TQS-02/context-256/run/stderr.txt,1237,d498c377390fb7520084eed27a1f0bf2fad31dfa5074001c88fdd466fef062d8,[],,,,retain_active,recovery-5ec36c25826c
openvino-official-upstream,experiments/raw-results/openvino-turboquant/2026-07-30/capability-row-probes/OV-TQS-03/context-256/run/stderr.txt,experiments/raw-results/retained/openvino-official-upstream/2026-07-30/capability-row-probes/OV-TQS-03/context-256/run/stderr.txt,1237,59a234b8ec3ecd76e5d22e46e7891ae0876af96596739e16d93aaefb46719b2f,[],,,,retain_active,recovery-5ec36c25826c
openvino-official-upstream,experiments/raw-results/openvino-turboquant/2026-07-30/capability-row-probes/OV-TQS-04/context-256/run/stderr.txt,experiments/raw-results/retained/openvino-official-upstream/2026-07-30/capability-row-probes/OV-TQS-04/context-256/run/stderr.txt,1237,a3349a0ac341144bb38c5509da4a8adbefcabf98acac219362af0d6c754e9b85,[],,,,retain_active,recovery-5ec36c25826c
openvino-official-upstream,experiments/raw-results/openvino-turboquant/2026-07-30/diagnostics/ov-06-gpu-calibration-attempt-001/run/stderr.txt,experiments/raw-results/retained/openvino-official-upstream/2026-07-30/diagnostics/ov-06-gpu-calibration-attempt-001/run/stderr.txt,1617,d02b1a74de375b92ba1b751625ff0921279308618b3744cc2016b223c3dfcd15,[],,,,retain_active,recovery-5ec36c25826c
openvino-official-upstream,experiments/raw-results/openvino-turboquant/2026-07-30/diagnostics/u4-standard-load-probe-attempt-001/run/stderr.txt,experiments/raw-results/retained/openvino-official-upstream/2026-07-30/diagnostics/u4-standard-load-probe-attempt-001/run/stderr.txt,1194,a6c8de3beef96fc13042d0b9c967e1d55ced29beaac7fb408aa9371b234f0f69,[],,,,retain_active,recovery-5ec36c25826c
openvino-official-upstream,experiments/raw-results/openvino-turboquant/2026-07-30/diagnostics/u4-tbq4-load-probe-attempt-001/run/stderr.txt,experiments/raw-results/retained/openvino-official-upstream/2026-07-30/diagnostics/u4-tbq4-load-probe-attempt-001/run/stderr.txt,1227,07c2ec6477ffaf4c091adb9b6d490f09bdf9149f2c9c77a5c0cf191d1b88ad67,[],,,,retain_active,recovery-5ec36c25826c
openvino-official-upstream,experiments/raw-results/openvino-turboquant/2026-07-30/diagnostics/u8-standard-load-probe-attempt-001/run/stderr.txt,experiments/raw-results/retained/openvino-official-upstream/2026-07-30/diagnostics/u8-standard-load-probe-attempt-001/run/stderr.txt,1723,f655468d93f616f32ae523c63b91716d083a473f1212a33faadc66ad5b6741d1,[],,,,retain_active,recovery-5ec36c25826c
openvino-official-upstream,experiments/raw-results/openvino-turboquant/2026-07-30/diagnostics/u8-standard-load-probe-attempt-002/run/stderr.txt,experiments/raw-results/retained/openvino-official-upstream/2026-07-30/diagnostics/u8-standard-load-probe-attempt-002/run/stderr.txt,1194,c3dcace0511c3d17c53664f33cfdbdf1b0bd18dc1ade84544e84f1e3df071561,[],,,,retain_active,recovery-5ec36c25826c
openvino-official-upstream,experiments/raw-results/openvino-official-upstream/2026-08-30/fv1/audit-report.json,experiments/raw-results/retained/openvino-official-upstream/2026-08-30/fv1/audit-report.json,640,3ead43950da47fbca18b9393f51a88796d0bc8978517da3cfd2da073d38c3176,"[""openvino-official-upstream-3ead43950da4""]",,,,retain_active,recovery-5ec36c25826c
openvino-official-upstream,experiments/raw-results/openvino-official-upstream/2026-08-30/fv1/experimental-openvino-quality-details.csv,experiments/raw-results/retained/openvino-official-upstream/2026-08-30/fv1/experimental-openvino-quality-details.csv,2239989,b74e4c0f599d7ef7eaf170a0bbf40cd25d9ddb2a56f232bd04a6036fe4aabdf5,"[""openvino-official-upstream-b74e4c0f599d""]",,,,retain_active,recovery-5ec36c25826c
openvino-official-upstream,experiments/raw-results/openvino-official-upstream/2026-08-30/fv1/inputs/0957a32a76e2fe74be28c143e690d0ec4be35096f3382dd92a92aebca87be433.txt,experiments/raw-results/retained/openvino-official-upstream/2026-08-30/fv1/inputs/0957a32a76e2fe74be28c143e690d0ec4be35096f3382dd92a92aebca87be433.txt,1181,0957a32a76e2fe74be28c143e690d0ec4be35096f3382dd92a92aebca87be433,"[""openvino-official-upstream-0957a32a76e2""]",,,,retain_active,recovery-5ec36c25826c
openvino-official-upstream,experiments/raw-results/openvino-official-upstream/2026-08-30/fv1/inputs/1b97409e23492cd5041096f5b22ab2f14a80fd8d6b960570ccd8cafe23d4ea8b.txt,experiments/raw-results/retained/openvino-official-upstream/2026-08-30/fv1/inputs/1b97409e23492cd5041096f5b22ab2f14a80fd8d6b960570ccd8cafe23d4ea8b.txt,1123,1b97409e23492cd5041096f5b22ab2f14a80fd8d6b960570ccd8cafe23d4ea8b,"[""openvino-official-upstream-1b97409e2349""]",,,,retain_active,recovery-5ec36c25826c
openvino-official-upstream,experiments/raw-results/openvino-official-upstream/2026-08-30/fv1/inputs/2743f5a029eb58855b2bcc261826e3096cbf114fad8ef550644b7abc3c966cc9.txt,experiments/raw-results/retained/openvino-official-upstream/2026-08-30/fv1/inputs/2743f5a029eb58855b2bcc261826e3096cbf114fad8ef550644b7abc3c966cc9.txt,89,2743f5a029eb58855b2bcc261826e3096cbf114fad8ef550644b7abc3c966cc9,"[""openvino-official-upstream-2743f5a029eb""]",,,,retain_active,recovery-5ec36c25826c
openvino-official-upstream,experiments/raw-results/openvino-official-upstream/2026-08-30/fv1/inputs/277de33c834fc201a480f424bd6b5da18013518836363de336d16cfd363c4e43.txt,experiments/raw-results/retained/openvino-official-upstream/2026-08-30/fv1/inputs/277de33c834fc201a480f424bd6b5da18013518836363de336d16cfd363c4e43.txt,89,277de33c834fc201a480f424bd6b5da18013518836363de336d16cfd363c4e43,"[""openvino-official-upstream-277de33c834f""]",,,,retain_active,recovery-5ec36c25826c
openvino-official-upstream,experiments/raw-results/openvino-official-upstream/2026-08-30/fv1/inputs/27e4c3f8c1be42db726025869211598d145dac5fb94b2872690c0229daeb8d48.txt,experiments/raw-results/retained/openvino-official-upstream/2026-08-30/fv1/inputs/27e4c3f8c1be42db726025869211598d145dac5fb94b2872690c0229daeb8d48.txt,86,27e4c3f8c1be42db726025869211598d145dac5fb94b2872690c0229daeb8d48,"[""openvino-official-upstream-27e4c3f8c1be""]",,,,retain_active,recovery-5ec36c25826c
openvino-official-upstream,experiments/raw-results/openvino-official-upstream/2026-08-30/fv1/inputs/324bdd409b3648d97542738ab7ccf93b0ff44da7444a5004fc209bf546830ddc.txt,experiments/raw-results/retained/openvino-official-upstream/2026-08-30/fv1/inputs/324bdd409b3648d97542738ab7ccf93b0ff44da7444a5004fc209bf546830ddc.txt,1157,324bdd409b3648d97542738ab7ccf93b0ff44da7444a5004fc209bf546830ddc,"[""openvino-official-upstream-324bdd409b36""]",,,,retain_active,recovery-5ec36c25826c
openvino-official-upstream,experiments/raw-results/openvino-official-upstream/2026-08-30/fv1/inputs/3cc4b86e0a5231ac1ccff542f8d2ee91b73dfbddb029ebcd44cae353d03f87bf.txt,experiments/raw-results/retained/openvino-official-upstream/2026-08-30/fv1/inputs/3cc4b86e0a5231ac1ccff542f8d2ee91b73dfbddb029ebcd44cae353d03f87bf.txt,1142,3cc4b86e0a5231ac1ccff542f8d2ee91b73dfbddb029ebcd44cae353d03f87bf,"[""openvino-official-upstream-3cc4b86e0a52""]",,,,retain_active,recovery-5ec36c25826c
openvino-official-upstream,experiments/raw-results/openvino-official-upstream/2026-08-30/fv1/inputs/43f30876ef8424228ab945195b71adf00e48886bbe3f2b28bd26652b00970d8a.txt,experiments/raw-results/retained/openvino-official-upstream/2026-08-30/fv1/inputs/43f30876ef8424228ab945195b71adf00e48886bbe3f2b28bd26652b00970d8a.txt,1106,43f30876ef8424228ab945195b71adf00e48886bbe3f2b28bd26652b00970d8a,"[""openvino-official-upstream-43f30876ef84""]",,,,retain_active,recovery-5ec36c25826c
openvino-official-upstream,experiments/raw-results/openvino-official-upstream/2026-08-30/fv1/inputs/455d04b8f61370bdc2197011d5f69990a46d8075405c7a9539bce8afc6442775.txt,experiments/raw-results/retained/openvino-official-upstream/2026-08-30/fv1/inputs/455d04b8f61370bdc2197011d5f69990a46d8075405c7a9539bce8afc6442775.txt,1141,455d04b8f61370bdc2197011d5f69990a46d8075405c7a9539bce8afc6442775,"[""openvino-official-upstream-455d04b8f613""]",,,,retain_active,recovery-5ec36c25826c
openvino-official-upstream,experiments/raw-results/openvino-official-upstream/2026-08-30/fv1/inputs/48891656ca1fc61bdf95f080a267d482fe317ac5237045cca5fa1ddebbf16d3b.txt,experiments/raw-results/retained/openvino-official-upstream/2026-08-30/fv1/inputs/48891656ca1fc61bdf95f080a267d482fe317ac5237045cca5fa1ddebbf16d3b.txt,370,48891656ca1fc61bdf95f080a267d482fe317ac5237045cca5fa1ddebbf16d3b,"[""openvino-official-upstream-48891656ca1f""]",,,,retain_active,recovery-5ec36c25826c
openvino-official-upstream,experiments/raw-results/openvino-official-upstream/2026-08-30/fv1/inputs/53fc6bb93a26bb0d255c52507517fe6fe39f673a399800038464155c5513dc25.txt,experiments/raw-results/retained/openvino-official-upstream/2026-08-30/fv1/inputs/53fc6bb93a26bb0d255c52507517fe6fe39f673a399800038464155c5513dc25.txt,350,53fc6bb93a26bb0d255c52507517fe6fe39f673a399800038464155c5513dc25,"[""openvino-official-upstream-53fc6bb93a26""]",,,,retain_active,recovery-5ec36c25826c
openvino-official-upstream,experiments/raw-results/openvino-official-upstream/2026-08-30/fv1/inputs/540a9be22729fd4e0d70775a9f2fcc918e739b9cbaa06e93f1ab353ff3b1c5e8.txt,experiments/raw-results/retained/openvino-official-upstream/2026-08-30/fv1/inputs/540a9be22729fd4e0d70775a9f2fcc918e739b9cbaa06e93f1ab353ff3b1c5e8.txt,52,540a9be22729fd4e0d70775a9f2fcc918e739b9cbaa06e93f1ab353ff3b1c5e8,"[""openvino-official-upstream-540a9be22729""]",,,,retain_active,recovery-5ec36c25826c
openvino-official-upstream,experiments/raw-results/openvino-official-upstream/2026-08-30/fv1/inputs/595572cc4baf62474158ef2e19f8ab8821b6c824d897e358106bbb89244ff39d.txt,experiments/raw-results/retained/openvino-official-upstream/2026-08-30/fv1/inputs/595572cc4baf62474158ef2e19f8ab8821b6c824d897e358106bbb89244ff39d.txt,84,595572cc4baf62474158ef2e19f8ab8821b6c824d897e358106bbb89244ff39d,"[""openvino-official-upstream-595572cc4baf""]",,,,retain_active,recovery-5ec36c25826c
openvino-official-upstream,experiments/raw-results/openvino-official-upstream/2026-08-30/fv1/inputs/5b7486ba7df49165ff830d1d7c5108bbdd9c19d42947b0977aeeeb077fce6762.txt,experiments/raw-results/retained/openvino-official-upstream/2026-08-30/fv1/inputs/5b7486ba7df49165ff830d1d7c5108bbdd9c19d42947b0977aeeeb077fce6762.txt,764,5b7486ba7df49165ff830d1d7c5108bbdd9c19d42947b0977aeeeb077fce6762,"[""openvino-official-upstream-5b7486ba7df4""]",,,,retain_active,recovery-5ec36c25826c
openvino-official-upstream,experiments/raw-results/openvino-official-upstream/2026-08-30/fv1/inputs/615d04f9c4dfa816cff2f874dd1a8e143cd8a0f1eff1b5c7ac34b8f183166fa6.txt,experiments/raw-results/retained/openvino-official-upstream/2026-08-30/fv1/inputs/615d04f9c4dfa816cff2f874dd1a8e143cd8a0f1eff1b5c7ac34b8f183166fa6.txt,81,615d04f9c4dfa816cff2f874dd1a8e143cd8a0f1eff1b5c7ac34b8f183166fa6,"[""openvino-official-upstream-615d04f9c4df""]",,,,retain_active,recovery-5ec36c25826c
openvino-official-upstream,experiments/raw-results/openvino-official-upstream/2026-08-30/fv1/inputs/61f222026965b2f5a430b1e5088fe9d424c4b10e53ac503a33a34dfd472e2db0.txt,experiments/raw-results/retained/openvino-official-upstream/2026-08-30/fv1/inputs/61f222026965b2f5a430b1e5088fe9d424c4b10e53ac503a33a34dfd472e2db0.txt,63,61f222026965b2f5a430b1e5088fe9d424c4b10e53ac503a33a34dfd472e2db0,"[""openvino-official-upstream-61f222026965""]",,,,retain_active,recovery-5ec36c25826c
openvino-official-upstream,experiments/raw-results/openvino-official-upstream/2026-08-30/fv1/inputs/676c2e2ff16d3a649143e708e2c39de48b0472f092082c483b2a172144617d0f.txt,experiments/raw-results/retained/openvino-official-upstream/2026-08-30/fv1/inputs/676c2e2ff16d3a649143e708e2c39de48b0472f092082c483b2a172144617d0f.txt,332,676c2e2ff16d3a649143e708e2c39de48b0472f092082c483b2a172144617d0f,"[""openvino-official-upstream-676c2e2ff16d""]",,,,retain_active,recovery-5ec36c25826c
openvino-official-upstream,experiments/raw-results/openvino-official-upstream/2026-08-30/fv1/inputs/67ce45459cbf6e5552dcbd66d5b1dbdb93b145f747823f367645f545032b7aee.txt,experiments/raw-results/retained/openvino-official-upstream/2026-08-30/fv1/inputs/67ce45459cbf6e5552dcbd66d5b1dbdb93b145f747823f367645f545032b7aee.txt,389,67ce45459cbf6e5552dcbd66d5b1dbdb93b145f747823f367645f545032b7aee,"[""openvino-official-upstream-67ce45459cbf""]",,,,retain_active,recovery-5ec36c25826c
openvino-official-upstream,experiments/raw-results/openvino-official-upstream/2026-08-30/fv1/inputs/6a657de4f1a46dbeb25adffe22bc3c7b023b8e26c14c173c427e5d2064d4a3a0.txt,experiments/raw-results/retained/openvino-official-upstream/2026-08-30/fv1/inputs/6a657de4f1a46dbeb25adffe22bc3c7b023b8e26c14c173c427e5d2064d4a3a0.txt,355,6a657de4f1a46dbeb25adffe22bc3c7b023b8e26c14c173c427e5d2064d4a3a0,"[""openvino-official-upstream-6a657de4f1a4""]",,,,retain_active,recovery-5ec36c25826c
openvino-official-upstream,experiments/raw-results/openvino-official-upstream/2026-08-30/fv1/inputs/776c5fc60b7ddc2c51ceca3c0e7c439973bcf731250758ff394523dc807ea7c4.txt,experiments/raw-results/retained/openvino-official-upstream/2026-08-30/fv1/inputs/776c5fc60b7ddc2c51ceca3c0e7c439973bcf731250758ff394523dc807ea7c4.txt,367,776c5fc60b7ddc2c51ceca3c0e7c439973bcf731250758ff394523dc807ea7c4,"[""openvino-official-upstream-776c5fc60b7d""]",,,,retain_active,recovery-5ec36c25826c
openvino-official-upstream,experiments/raw-results/openvino-official-upstream/2026-08-30/fv1/inputs/7772a6c1df61229e02cd91db5fbb2b8c6e292ddcf43ff91b6c832deb358ac08c.txt,experiments/raw-results/retained/openvino-official-upstream/2026-08-30/fv1/inputs/7772a6c1df61229e02cd91db5fbb2b8c6e292ddcf43ff91b6c832deb358ac08c.txt,302,7772a6c1df61229e02cd91db5fbb2b8c6e292ddcf43ff91b6c832deb358ac08c,"[""openvino-official-upstream-7772a6c1df61""]",,,,retain_active,recovery-5ec36c25826c
openvino-official-upstream,experiments/raw-results/openvino-official-upstream/2026-08-30/fv1/inputs/7a78a81c98a6383205ad49f85e60b40590560a72d04f2cd915a340dfce85511d.txt,experiments/raw-results/retained/openvino-official-upstream/2026-08-30/fv1/inputs/7a78a81c98a6383205ad49f85e60b40590560a72d04f2cd915a340dfce85511d.txt,464,7a78a81c98a6383205ad49f85e60b40590560a72d04f2cd915a340dfce85511d,"[""openvino-official-upstream-7a78a81c98a6""]",,,,retain_active,recovery-5ec36c25826c
openvino-official-upstream,experiments/raw-results/openvino-official-upstream/2026-08-30/fv1/inputs/7b3e4e7d379c102404f7801a205bdadc845f25de7f44fbce7c4b9c918fd75bee.txt,experiments/raw-results/retained/openvino-official-upstream/2026-08-30/fv1/inputs/7b3e4e7d379c102404f7801a205bdadc845f25de7f44fbce7c4b9c918fd75bee.txt,1123,7b3e4e7d379c102404f7801a205bdadc845f25de7f44fbce7c4b9c918fd75bee,"[""openvino-official-upstream-7b3e4e7d379c""]",,,,retain_active,recovery-5ec36c25826c
openvino-official-upstream,experiments/raw-results/openvino-official-upstream/2026-08-30/fv1/inputs/7b63b3e81dc4212fb5d7e781a990319a5744e2d3008116e7e798ebe61d99c9c7.txt,experiments/raw-results/retained/openvino-official-upstream/2026-08-30/fv1/inputs/7b63b3e81dc4212fb5d7e781a990319a5744e2d3008116e7e798ebe61d99c9c7.txt,396,7b63b3e81dc4212fb5d7e781a990319a5744e2d3008116e7e798ebe61d99c9c7,"[""openvino-official-upstream-7b63b3e81dc4""]",,,,retain_active,recovery-5ec36c25826c
openvino-official-upstream,experiments/raw-results/openvino-official-upstream/2026-08-30/fv1/inputs/80abc763effdb50d372eafff10c7fc0daee6034a5414be805e8fd5aad3681001.txt,experiments/raw-results/retained/openvino-official-upstream/2026-08-30/fv1/inputs/80abc763effdb50d372eafff10c7fc0daee6034a5414be805e8fd5aad3681001.txt,351,80abc763effdb50d372eafff10c7fc0daee6034a5414be805e8fd5aad3681001,"[""openvino-official-upstream-80abc763effd""]",,,,retain_active,recovery-5ec36c25826c
openvino-official-upstream,experiments/raw-results/openvino-official-upstream/2026-08-30/fv1/inputs/845d14e24b22d9fd9fba5834ce60358dd1797f5ddba96ce12bdf60999276470d.txt,experiments/raw-results/retained/openvino-official-upstream/2026-08-30/fv1/inputs/845d14e24b22d9fd9fba5834ce60358dd1797f5ddba96ce12bdf60999276470d.txt,73,845d14e24b22d9fd9fba5834ce60358dd1797f5ddba96ce12bdf60999276470d,"[""openvino-official-upstream-845d14e24b22""]",,,,retain_active,recovery-5ec36c25826c
openvino-official-upstream,experiments/raw-results/openvino-official-upstream/2026-08-30/fv1/inputs/87f8e79eaaea4c5260630e44b0fec4a1a57fe02331602d044bab7c29c2eb659f.txt,experiments/raw-results/retained/openvino-official-upstream/2026-08-30/fv1/inputs/87f8e79eaaea4c5260630e44b0fec4a1a57fe02331602d044bab7c29c2eb659f.txt,71,87f8e79eaaea4c5260630e44b0fec4a1a57fe02331602d044bab7c29c2eb659f,"[""openvino-official-upstream-87f8e79eaaea""]",,,,retain_active,recovery-5ec36c25826c
openvino-official-upstream,experiments/raw-results/openvino-official-upstream/2026-08-30/fv1/inputs/8a7e943f1a70337ca1256cdd0c28e274a4d319d56c3d8083c54bef4f89bdba02.txt,experiments/raw-results/retained/openvino-official-upstream/2026-08-30/fv1/inputs/8a7e943f1a70337ca1256cdd0c28e274a4d319d56c3d8083c54bef4f89bdba02.txt,44,8a7e943f1a70337ca1256cdd0c28e274a4d319d56c3d8083c54bef4f89bdba02,"[""openvino-official-upstream-8a7e943f1a70""]",,,,retain_active,recovery-5ec36c25826c
openvino-official-upstream,experiments/raw-results/openvino-official-upstream/2026-08-30/fv1/inputs/8b075f0ffd39580d4e5f23b1cd3df5f7db208be451bf1c647ca425ce7539b02d.txt,experiments/raw-results/retained/openvino-official-upstream/2026-08-30/fv1/inputs/8b075f0ffd39580d4e5f23b1cd3df5f7db208be451bf1c647ca425ce7539b02d.txt,1103,8b075f0ffd39580d4e5f23b1cd3df5f7db208be451bf1c647ca425ce7539b02d,"[""openvino-official-upstream-8b075f0ffd39""]",,,,retain_active,recovery-5ec36c25826c
openvino-official-upstream,experiments/raw-results/openvino-official-upstream/2026-08-30/fv1/inputs/8ed7aacec8256902245374778e794ad30296d02d9760d1c39d244cf7b9f3f283.txt,experiments/raw-results/retained/openvino-official-upstream/2026-08-30/fv1/inputs/8ed7aacec8256902245374778e794ad30296d02d9760d1c39d244cf7b9f3f283.txt,1219,8ed7aacec8256902245374778e794ad30296d02d9760d1c39d244cf7b9f3f283,"[""openvino-official-upstream-8ed7aacec825""]",,,,retain_active,recovery-5ec36c25826c
openvino-official-upstream,experiments/raw-results/openvino-official-upstream/2026-08-30/fv1/inputs/9124358d912e7c1b34b4568a841d150b6e807171f187f11f4ef0f075a07eb46b.txt,experiments/raw-results/retained/openvino-official-upstream/2026-08-30/fv1/inputs/9124358d912e7c1b34b4568a841d150b6e807171f187f11f4ef0f075a07eb46b.txt,1157,9124358d912e7c1b34b4568a841d150b6e807171f187f11f4ef0f075a07eb46b,"[""openvino-official-upstream-9124358d912e""]",,,,retain_active,recovery-5ec36c25826c
openvino-official-upstream,experiments/raw-results/openvino-official-upstream/2026-08-30/fv1/inputs/957608b566cd7c09ffde938e35020c73bb8e76d2526fd3bf665c2bb806a5da63.txt,experiments/raw-results/retained/openvino-official-upstream/2026-08-30/fv1/inputs/957608b566cd7c09ffde938e35020c73bb8e76d2526fd3bf665c2bb806a5da63.txt,345,957608b566cd7c09ffde938e35020c73bb8e76d2526fd3bf665c2bb806a5da63,"[""openvino-official-upstream-957608b566cd""]",,,,retain_active,recovery-5ec36c25826c
openvino-official-upstream,experiments/raw-results/openvino-official-upstream/2026-08-30/fv1/inputs/965b09972a4704a909dbeca63c6163638eac651e58d1f7be5bf0f181ea6603b0.txt,experiments/raw-results/retained/openvino-official-upstream/2026-08-30/fv1/inputs/965b09972a4704a909dbeca63c6163638eac651e58d1f7be5bf0f181ea6603b0.txt,388,965b09972a4704a909dbeca63c6163638eac651e58d1f7be5bf0f181ea6603b0,"[""openvino-official-upstream-965b09972a47""]",,,,retain_active,recovery-5ec36c25826c
openvino-official-upstream,experiments/raw-results/openvino-official-upstream/2026-08-30/fv1/inputs/a5731332bceedf440857f21f9160c77f94ddabac76722b7b8c86fe1d69c0f866.txt,experiments/raw-results/retained/openvino-official-upstream/2026-08-30/fv1/inputs/a5731332bceedf440857f21f9160c77f94ddabac76722b7b8c86fe1d69c0f866.txt,1105,a5731332bceedf440857f21f9160c77f94ddabac76722b7b8c86fe1d69c0f866,"[""openvino-official-upstream-a5731332bcee""]",,,,retain_active,recovery-5ec36c25826c
openvino-official-upstream,experiments/raw-results/openvino-official-upstream/2026-08-30/fv1/inputs/ae181a94c34b5a0a1f3099118a6a3b43a794e1fff99177333cd739d94ea7578f.txt,experiments/raw-results/retained/openvino-official-upstream/2026-08-30/fv1/inputs/ae181a94c34b5a0a1f3099118a6a3b43a794e1fff99177333cd739d94ea7578f.txt,362,ae181a94c34b5a0a1f3099118a6a3b43a794e1fff99177333cd739d94ea7578f,"[""openvino-official-upstream-ae181a94c34b""]",,,,retain_active,recovery-5ec36c25826c
openvino-official-upstream,experiments/raw-results/openvino-official-upstream/2026-08-30/fv1/inputs/b4e14dfc41cc0e847b7459dec73ae3c24d82b3c652b9fd4ec2cc5b2888012dda.txt,experiments/raw-results/retained/openvino-official-upstream/2026-08-30/fv1/inputs/b4e14dfc41cc0e847b7459dec73ae3c24d82b3c652b9fd4ec2cc5b2888012dda.txt,1123,b4e14dfc41cc0e847b7459dec73ae3c24d82b3c652b9fd4ec2cc5b2888012dda,"[""openvino-official-upstream-b4e14dfc41cc""]",,,,retain_active,recovery-5ec36c25826c
openvino-official-upstream,experiments/raw-results/openvino-official-upstream/2026-08-30/fv1/inputs/c2b33c08f0a603144376aeb9af998967745f4fcdb14fcb4c1f6a9fcdab5bc466.txt,experiments/raw-results/retained/openvino-official-upstream/2026-08-30/fv1/inputs/c2b33c08f0a603144376aeb9af998967745f4fcdb14fcb4c1f6a9fcdab5bc466.txt,1150,c2b33c08f0a603144376aeb9af998967745f4fcdb14fcb4c1f6a9fcdab5bc466,"[""openvino-official-upstream-c2b33c08f0a6""]",,,,retain_active,recovery-5ec36c25826c
openvino-official-upstream,experiments/raw-results/openvino-official-upstream/2026-08-30/fv1/inputs/c64af7c09c2da9782c5443500b3081f36132c88a4f303c7c51771b7693f4fa10.txt,experiments/raw-results/retained/openvino-official-upstream/2026-08-30/fv1/inputs/c64af7c09c2da9782c5443500b3081f36132c88a4f303c7c51771b7693f4fa10.txt,328,c64af7c09c2da9782c5443500b3081f36132c88a4f303c7c51771b7693f4fa10,"[""openvino-official-upstream-c64af7c09c2d""]",,,,retain_active,recovery-5ec36c25826c
openvino-official-upstream,experiments/raw-results/openvino-official-upstream/2026-08-30/fv1/inputs/c6ba447ec6018abfd421e556303883c8fed2bc1a450287a18939a55cfadf776b.txt,experiments/raw-results/retained/openvino-official-upstream/2026-08-30/fv1/inputs/c6ba447ec6018abfd421e556303883c8fed2bc1a450287a18939a55cfadf776b.txt,74,c6ba447ec6018abfd421e556303883c8fed2bc1a450287a18939a55cfadf776b,"[""openvino-official-upstream-c6ba447ec601""]",,,,retain_active,recovery-5ec36c25826c
openvino-official-upstream,experiments/raw-results/openvino-official-upstream/2026-08-30/fv1/inputs/d15fe77e8e99e3f5178ad1ce97ab3e322688336f041c87beb4799480e569b838.txt,experiments/raw-results/retained/openvino-official-upstream/2026-08-30/fv1/inputs/d15fe77e8e99e3f5178ad1ce97ab3e322688336f041c87beb4799480e569b838.txt,1179,d15fe77e8e99e3f5178ad1ce97ab3e322688336f041c87beb4799480e569b838,"[""openvino-official-upstream-d15fe77e8e99""]",,,,retain_active,recovery-5ec36c25826c
openvino-official-upstream,experiments/raw-results/openvino-official-upstream/2026-08-30/fv1/inputs/d3991034bc6ffd70c4b65fdef1a0d319a3c678d66f0e79c19c306fd8ab35b8a6.txt,experiments/raw-results/retained/openvino-official-upstream/2026-08-30/fv1/inputs/d3991034bc6ffd70c4b65fdef1a0d319a3c678d66f0e79c19c306fd8ab35b8a6.txt,85,d3991034bc6ffd70c4b65fdef1a0d319a3c678d66f0e79c19c306fd8ab35b8a6,"[""openvino-official-upstream-d3991034bc6f""]",,,,retain_active,recovery-5ec36c25826c
openvino-official-upstream,experiments/raw-results/openvino-official-upstream/2026-08-30/fv1/inputs/d8d54a60271bae4f633eef26af30798e326feb08b43290262847f941658c89a3.txt,experiments/raw-results/retained/openvino-official-upstream/2026-08-30/fv1/inputs/d8d54a60271bae4f633eef26af30798e326feb08b43290262847f941658c89a3.txt,80,d8d54a60271bae4f633eef26af30798e326feb08b43290262847f941658c89a3,"[""openvino-official-upstream-d8d54a60271b""]",,,,retain_active,recovery-5ec36c25826c
openvino-official-upstream,experiments/raw-results/openvino-official-upstream/2026-08-30/fv1/inputs/dbff31257c7803ac80b1164258cf636b0b37baa29474bedb54df5044c1d47c8c.txt,experiments/raw-results/retained/openvino-official-upstream/2026-08-30/fv1/inputs/dbff31257c7803ac80b1164258cf636b0b37baa29474bedb54df5044c1d47c8c.txt,1190,dbff31257c7803ac80b1164258cf636b0b37baa29474bedb54df5044c1d47c8c,"[""openvino-official-upstream-dbff31257c78""]",,,,retain_active,recovery-5ec36c25826c
openvino-official-upstream,experiments/raw-results/openvino-official-upstream/2026-08-30/fv1/inputs/def32bad0a3914f543a3f46a5e3dc43abd9497efff6d607472fe8a0a5d40db96.txt,experiments/raw-results/retained/openvino-official-upstream/2026-08-30/fv1/inputs/def32bad0a3914f543a3f46a5e3dc43abd9497efff6d607472fe8a0a5d40db96.txt,74,def32bad0a3914f543a3f46a5e3dc43abd9497efff6d607472fe8a0a5d40db96,"[""openvino-official-upstream-def32bad0a39""]",,,,retain_active,recovery-5ec36c25826c
openvino-official-upstream,experiments/raw-results/openvino-official-upstream/2026-08-30/fv1/inputs/e101455e0e6aba4fb65c29e16bb8814887a932a5d7f910938e597df4872005cd.txt,experiments/raw-results/retained/openvino-official-upstream/2026-08-30/fv1/inputs/e101455e0e6aba4fb65c29e16bb8814887a932a5d7f910938e597df4872005cd.txt,349,e101455e0e6aba4fb65c29e16bb8814887a932a5d7f910938e597df4872005cd,"[""openvino-official-upstream-e101455e0e6a""]",,,,retain_active,recovery-5ec36c25826c
openvino-official-upstream,experiments/raw-results/openvino-official-upstream/2026-08-30/fv1/inputs/e2f0ecf9929c76498147257c73a720ed7e121e707fbfbdc1e22bba6ec57ad7f1.txt,experiments/raw-results/retained/openvino-official-upstream/2026-08-30/fv1/inputs/e2f0ecf9929c76498147257c73a720ed7e121e707fbfbdc1e22bba6ec57ad7f1.txt,351,e2f0ecf9929c76498147257c73a720ed7e121e707fbfbdc1e22bba6ec57ad7f1,"[""openvino-official-upstream-e2f0ecf9929c""]",,,,retain_active,recovery-5ec36c25826c
openvino-official-upstream,experiments/raw-results/openvino-official-upstream/2026-08-30/fv1/inputs/f07ae51054e2b27269a123b82863b977083b69464654f8c7f386c0cd6976cd99.txt,experiments/raw-results/retained/openvino-official-upstream/2026-08-30/fv1/inputs/f07ae51054e2b27269a123b82863b977083b69464654f8c7f386c0cd6976cd99.txt,64,f07ae51054e2b27269a123b82863b977083b69464654f8c7f386c0cd6976cd99,"[""openvino-official-upstream-f07ae51054e2""]",,,,retain_active,recovery-5ec36c25826c
openvino-official-upstream,experiments/raw-results/openvino-official-upstream/2026-08-30/fv1/inputs/f2b9e8f0f10053f3a04e1532ecd1e66d026ba1f37e7cde636bc2b5e2748c301c.txt,experiments/raw-results/retained/openvino-official-upstream/2026-08-30/fv1/inputs/f2b9e8f0f10053f3a04e1532ecd1e66d026ba1f37e7cde636bc2b5e2748c301c.txt,123,f2b9e8f0f10053f3a04e1532ecd1e66d026ba1f37e7cde636bc2b5e2748c301c,"[""openvino-official-upstream-f2b9e8f0f100""]",,,,retain_active,recovery-5ec36c25826c
openvino-official-upstream,experiments/raw-results/openvino-official-upstream/2026-08-30/fv1/inputs/f6a419176fd90bc46e237db9a889d799c24b83bc38098f48e7e0605839f8021e.txt,experiments/raw-results/retained/openvino-official-upstream/2026-08-30/fv1/inputs/f6a419176fd90bc46e237db9a889d799c24b83bc38098f48e7e0605839f8021e.txt,72,f6a419176fd90bc46e237db9a889d799c24b83bc38098f48e7e0605839f8021e,"[""openvino-official-upstream-f6a419176fd9""]",,,,retain_active,recovery-5ec36c25826c
openvino-official-upstream,experiments/raw-results/openvino-official-upstream/2026-08-30/fv1/official-openvino-comparison.csv,experiments/raw-results/retained/openvino-official-upstream/2026-08-30/fv1/official-openvino-comparison.csv,4769,67c0561509680cdee3ecead830215c93cd4530bc31a39ed0604a387afb53fde7,"[""openvino-official-upstream-67c056150968""]",,,,retain_active,recovery-5ec36c25826c
openvino-official-upstream,experiments/raw-results/openvino-official-upstream/2026-08-30/fv1/official-openvino-coverage.csv,experiments/raw-results/retained/openvino-official-upstream/2026-08-30/fv1/official-openvino-coverage.csv,173,bab45fe4f497a819729b5b69de61b07b846206b83343d07e113755fcb16ec73b,"[""openvino-official-upstream-bab45fe4f497a819729b5b69de61b07b846206b83343d07e113755fcb16ec73b""]",,,,retain_active,recovery-5ec36c25826c
openvino-official-upstream,experiments/raw-results/openvino-official-upstream/2026-08-30/fv1/official-openvino-detailed-results.csv,experiments/raw-results/retained/openvino-official-upstream/2026-08-30/fv1/official-openvino-detailed-results.csv,24970,cc594ccd64d93dee5b14424bc2b8746f41999b1e324d70e6405ef0579eb4a776,"[""openvino-official-upstream-cc594ccd64d9""]",,,,retain_active,recovery-5ec36c25826c
openvino-official-upstream,experiments/raw-results/openvino-official-upstream/2026-08-30/fv1/preflight/inputs/314ad142957febe390cc7223b4deb1d1b21c187f84f6e7257a23fe46c27fcae3.txt,experiments/raw-results/retained/openvino-official-upstream/2026-08-30/fv1/preflight/inputs/314ad142957febe390cc7223b4deb1d1b21c187f84f6e7257a23fe46c27fcae3.txt,5,314ad142957febe390cc7223b4deb1d1b21c187f84f6e7257a23fe46c27fcae3,"[""openvino-official-upstream-314ad142957f""]",,,,retain_active,recovery-5ec36c25826c
openvino-official-upstream,experiments/raw-results/openvino-official-upstream/2026-08-30/fv1/preflight/inputs/ca101275d196803be37cb8fae1b81f1a7b2db733b7c1629293aae61465b2b3a0.txt,experiments/raw-results/retained/openvino-official-upstream/2026-08-30/fv1/preflight/inputs/ca101275d196803be37cb8fae1b81f1a7b2db733b7c1629293aae61465b2b3a0.txt,32,ca101275d196803be37cb8fae1b81f1a7b2db733b7c1629293aae61465b2b3a0,"[""openvino-official-upstream-ca101275d196""]",,,,retain_active,recovery-5ec36c25826c
openvino-official-upstream,experiments/raw-results/openvino-official-upstream/2026-08-30/fv1/preflight/preflight-receipt.json,experiments/raw-results/retained/openvino-official-upstream/2026-08-30/fv1/preflight/preflight-receipt.json,9714,3a694c60f2dc2b359ad2d1be0d8cd55f255a05b903a4183aaef6781e06e6fd5e,"[""openvino-official-upstream-3a694c60f2dc""]",,,,retain_active,recovery-5ec36c25826c
openvino-official-upstream,experiments/raw-results/openvino-official-upstream/2026-08-30/fv1/raw/granite-3b__int4__f16.json,experiments/raw-results/retained/openvino-official-upstream/2026-08-30/fv1/raw/granite-3b__int4__f16.json,246302,544112ed79b9280ac13a99076fcd242b6993c7365f2f2d870962e2662a3b5c62,"[""openvino-official-upstream-544112ed79b9""]",,,,retain_active,recovery-5ec36c25826c
openvino-official-upstream,experiments/raw-results/openvino-official-upstream/2026-08-30/fv1/raw/granite-3b__int4__tbq3.json,experiments/raw-results/retained/openvino-official-upstream/2026-08-30/fv1/raw/granite-3b__int4__tbq3.json,260678,ae0e0a006214b4a923d5d331c5cb1f345a41882723cb86b3a47fd96859ee28ba,"[""openvino-official-upstream-ae0e0a006214""]",,,,retain_active,recovery-5ec36c25826c
openvino-official-upstream,experiments/raw-results/openvino-official-upstream/2026-08-30/fv1/raw/granite-3b__int4__tbq4.json,experiments/raw-results/retained/openvino-official-upstream/2026-08-30/fv1/raw/granite-3b__int4__tbq4.json,260481,0ec7e2a0bdff09cffc190180a4c1c92020a17cf726ebfb5f71e1a77940926155,"[""openvino-official-upstream-0ec7e2a0bdff""]",,,,retain_active,recovery-5ec36c25826c
openvino-official-upstream,experiments/raw-results/openvino-official-upstream/2026-08-30/fv1/raw/granite-3b__int4__u4.json,experiments/raw-results/retained/openvino-official-upstream/2026-08-30/fv1/raw/granite-3b__int4__u4.json,259367,b5b05787f6d3c59f9df0d7fde1c8d8e929cd1911a6495fdea9f18503de553026,"[""openvino-official-upstream-b5b05787f6d3""]",,,,retain_active,recovery-5ec36c25826c
openvino-official-upstream,experiments/raw-results/openvino-official-upstream/2026-08-30/fv1/raw/granite-3b__int4__u8.json,experiments/raw-results/retained/openvino-official-upstream/2026-08-30/fv1/raw/granite-3b__int4__u8.json,259563,1030c70041d28ae6a6781f18dba6d25652ff29c70d5addf2ce3f5de7086428ea,"[""openvino-official-upstream-1030c70041d2""]",,,,retain_active,recovery-5ec36c25826c
openvino-official-upstream,experiments/raw-results/openvino-official-upstream/2026-08-30/fv1/raw/granite-3b__int8__f16.json,experiments/raw-results/retained/openvino-official-upstream/2026-08-30/fv1/raw/granite-3b__int8__f16.json,244152,6961b4765204ed42b479f271e7bcea8374bb5d67cc77e68c49280568eb685064,"[""openvino-official-upstream-6961b4765204""]",,,,retain_active,recovery-5ec36c25826c
openvino-official-upstream,experiments/raw-results/openvino-official-upstream/2026-08-30/fv1/raw/granite-3b__int8__tbq3.json,experiments/raw-results/retained/openvino-official-upstream/2026-08-30/fv1/raw/granite-3b__int8__tbq3.json,259395,d1182d20b03f88751d6470c6d83cfce63b6e888ba96de4423cf38e8319fe8365,"[""openvino-official-upstream-d1182d20b03f""]",,,,retain_active,recovery-5ec36c25826c
openvino-official-upstream,experiments/raw-results/openvino-official-upstream/2026-08-30/fv1/raw/granite-3b__int8__tbq4.json,experiments/raw-results/retained/openvino-official-upstream/2026-08-30/fv1/raw/granite-3b__int8__tbq4.json,257519,5d616388e7408148e4789e3d833dff2f799681046f7632fd50ca57bf098faadc,"[""openvino-official-upstream-5d616388e740""]",,,,retain_active,recovery-5ec36c25826c
openvino-official-upstream,experiments/raw-results/openvino-official-upstream/2026-08-30/fv1/raw/granite-3b__int8__u4.json,experiments/raw-results/retained/openvino-official-upstream/2026-08-30/fv1/raw/granite-3b__int8__u4.json,256886,5e6c30146b19de5cb7073d27842ac2cefd9c8f1ed6cd5990e53f1ab7dd38e82e,"[""openvino-official-upstream-5e6c30146b19""]",,,,retain_active,recovery-5ec36c25826c
openvino-official-upstream,experiments/raw-results/openvino-official-upstream/2026-08-30/fv1/raw/granite-3b__int8__u8.json,experiments/raw-results/retained/openvino-official-upstream/2026-08-30/fv1/raw/granite-3b__int8__u8.json,257438,d0adcd32063d68834f2e56562ede3234ec3324d5376335827e6a53bb8c847341,"[""openvino-official-upstream-d0adcd32063d""]",,,,retain_active,recovery-5ec36c25826c
openvino-official-upstream,experiments/raw-results/openvino-official-upstream/2026-08-30/fv1/raw/granite-8b__int4__f16.json,experiments/raw-results/retained/openvino-official-upstream/2026-08-30/fv1/raw/granite-8b__int4__f16.json,249451,9ec0df1aac5120b4de30465387252e80744f60501b1a60f89fec006d3221e7db,"[""openvino-official-upstream-9ec0df1aac51""]",,,,retain_active,recovery-5ec36c25826c
openvino-official-upstream,experiments/raw-results/openvino-official-upstream/2026-08-30/fv1/raw/granite-8b__int4__tbq3.json,experiments/raw-results/retained/openvino-official-upstream/2026-08-30/fv1/raw/granite-8b__int4__tbq3.json,262089,58ad3684b4ef33b34c11f263efa58a8261c428a6e52aadc321d3137ce94f1696,"[""openvino-official-upstream-58ad3684b4ef""]",,,,retain_active,recovery-5ec36c25826c
openvino-official-upstream,experiments/raw-results/openvino-official-upstream/2026-08-30/fv1/raw/granite-8b__int4__tbq4.json,experiments/raw-results/retained/openvino-official-upstream/2026-08-30/fv1/raw/granite-8b__int4__tbq4.json,262046,6c81b73be5d3793c24cb185d1ac0d917bdbc835fe4e7bc9122bffcac15f72030,"[""openvino-official-upstream-6c81b73be5d3""]",,,,retain_active,recovery-5ec36c25826c
openvino-official-upstream,experiments/raw-results/openvino-official-upstream/2026-08-30/fv1/raw/granite-8b__int4__u4.json,experiments/raw-results/retained/openvino-official-upstream/2026-08-30/fv1/raw/granite-8b__int4__u4.json,264516,d823c5c7728913465df933f4d534a0e1fdd8a5d7e4de8f9a18f3dcee115a48de,"[""openvino-official-upstream-d823c5c77289""]",,,,retain_active,recovery-5ec36c25826c
openvino-official-upstream,experiments/raw-results/openvino-official-upstream/2026-08-30/fv1/raw/granite-8b__int4__u8.json,experiments/raw-results/retained/openvino-official-upstream/2026-08-30/fv1/raw/granite-8b__int4__u8.json,262730,5cd8ad3dd2c4274a0742db68dbd5a6837d7cfa5569a15a0b9db6f2b21d1646f7,"[""openvino-official-upstream-5cd8ad3dd2c4""]",,,,retain_active,recovery-5ec36c25826c
openvino-official-upstream,experiments/raw-results/openvino-official-upstream/2026-08-30/fv1/rows.json,experiments/raw-results/retained/openvino-official-upstream/2026-08-30/fv1/rows.json,38376,c53576eaa4e3b2cc260647b05c39e3aa04a3fe2c71d15b071fd96c6584368b0c,"[""openvino-official-upstream-c53576eaa4e3""]",,,,retain_active,recovery-5ec36c25826c
openvino-official-upstream,experiments/raw-results/openvino-official-upstream/2026-08-30/fv2-missing-model-attempts/attempt-summary.json,experiments/raw-results/retained/openvino-official-upstream/2026-08-30/fv2-missing-model-attempts/attempt-summary.json,28118,88ec2313af67ceb636bdda528af40823653f0e31f8a0aed02970ce3b6c26a4fc,"[""openvino-official-upstream-88ec2313af67""]",,,,retain_active,recovery-5ec36c25826c
openvino-official-upstream,experiments/raw-results/openvino-official-upstream/2026-08-30/fv2-missing-model-attempts/attempts/granite-30b__fp16/manifest.json,experiments/raw-results/retained/openvino-official-upstream/2026-08-30/fv2-missing-model-attempts/attempts/granite-30b__fp16/manifest.json,4932,d7be395e7e5f04673954f691e26e6249679cba7b041ccafb7d195a66bab48d37,"[""openvino-official-upstream-d7be395e7e5f""]",granite-30b__fp16__f16,granite-30b__fp16__f16--attempt-001,blocked,retain_active,recovery-5ec36c25826c
openvino-official-upstream,experiments/raw-results/openvino-official-upstream/2026-08-30/fv2-missing-model-attempts/attempts/granite-30b__int4/manifest.json,experiments/raw-results/retained/openvino-official-upstream/2026-08-30/fv2-missing-model-attempts/attempts/granite-30b__int4/manifest.json,4932,d60b4f445021ac02661a456b14fb3cc80ab72311ed2a013ee867cab3b4d44ef5,"[""openvino-official-upstream-d60b4f445021""]",granite-30b__int4__f16,granite-30b__int4__f16--attempt-001,blocked,retain_active,recovery-5ec36c25826c
openvino-official-upstream,experiments/raw-results/openvino-official-upstream/2026-08-30/fv2-missing-model-attempts/attempts/granite-30b__int8/manifest.json,experiments/raw-results/retained/openvino-official-upstream/2026-08-30/fv2-missing-model-attempts/attempts/granite-30b__int8/manifest.json,4932,7625c690f16efe62dfc724be89a8fcca335b00f7e6c7b69aa842d2ab9f4dab92,"[""openvino-official-upstream-7625c690f16e""]",granite-30b__int8__f16,granite-30b__int8__f16--attempt-001,blocked,retain_active,recovery-5ec36c25826c
openvino-official-upstream,experiments/raw-results/openvino-official-upstream/2026-08-30/fv2-missing-model-attempts/attempts/granite-3b__fp16/manifest.json,experiments/raw-results/retained/openvino-official-upstream/2026-08-30/fv2-missing-model-attempts/attempts/granite-3b__fp16/manifest.json,3014,ec8fa99ae159f92b51c2a5ee5da6fabd20863bf43791a32000bbc2966dc68b02,"[""openvino-official-upstream-ec8fa99ae159""]",,,,retain_active,recovery-5ec36c25826c
openvino-official-upstream,experiments/raw-results/openvino-official-upstream/2026-08-30/fv2-missing-model-attempts/attempts/granite-8b__fp16/manifest.json,experiments/raw-results/retained/openvino-official-upstream/2026-08-30/fv2-missing-model-attempts/attempts/granite-8b__fp16/manifest.json,3400,de53b9b4c999c4005828dbb02eb6e7b9e7cc6ddab2cb266ec97cc01f5615752e,"[""openvino-official-upstream-de53b9b4c999""]",granite-8b__fp16__f16,granite-8b__fp16__f16--attempt-001,blocked,retain_active,recovery-5ec36c25826c
openvino-official-upstream,experiments/raw-results/openvino-official-upstream/2026-08-30/fv2-missing-model-attempts/attempts/granite-8b__int8/manifest.json,experiments/raw-results/retained/openvino-official-upstream/2026-08-30/fv2-missing-model-attempts/attempts/granite-8b__int8/manifest.json,3400,965fa680455e52bc65f18bca36eaf4ce8c56b03c3a32e80cc7ed70bb30cdbb1c,"[""openvino-official-upstream-965fa680455e""]",granite-8b__int8__f16,granite-8b__int8__f16--attempt-001,blocked,retain_active,recovery-5ec36c25826c
openvino-official-upstream,experiments/raw-results/openvino-official-upstream/2026-08-30/fv2-missing-model-attempts/consolidated/official-openvino-comparison.csv,experiments/raw-results/retained/openvino-official-upstream/2026-08-30/fv2-missing-model-attempts/consolidated/official-openvino-comparison.csv,5599,bc078d9f96b033a4e81dbfcefec4e87c788d9673c567189ef5e8215a7dece0fe,"[""openvino-official-upstream-bc078d9f96b0""]",,,,retain_active,recovery-5ec36c25826c
openvino-official-upstream,experiments/raw-results/openvino-official-upstream/2026-08-30/fv2-missing-model-attempts/consolidated/official-openvino-coverage.csv,experiments/raw-results/retained/openvino-official-upstream/2026-08-30/fv2-missing-model-attempts/consolidated/official-openvino-coverage.csv,173,bab45fe4f497a819729b5b69de61b07b846206b83343d07e113755fcb16ec73b,"[""openvino-official-upstream-bab45fe4f497""]",,,,retain_active,recovery-5ec36c25826c
openvino-official-upstream,experiments/raw-results/openvino-official-upstream/2026-08-30/fv2-missing-model-attempts/consolidated/official-openvino-detailed-results.csv,experiments/raw-results/retained/openvino-official-upstream/2026-08-30/fv2-missing-model-attempts/consolidated/official-openvino-detailed-results.csv,25870,ecd7ea7c9e71d235d39c4bd29c00b52a7bc4ccdb2b151b7cfe9b6ba4e84c9116,"[""openvino-official-upstream-ecd7ea7c9e71""]",granite-30b__fp16__f16,granite-30b__fp16__f16--attempt-001,blocked,retain_active,recovery-5ec36c25826c
openvino-official-upstream,experiments/raw-results/openvino-official-upstream/2026-08-30/fv2-missing-model-attempts/consolidated/rows.json,experiments/raw-results/retained/openvino-official-upstream/2026-08-30/fv2-missing-model-attempts/consolidated/rows.json,39293,742a17ebaf1758b17a2ba52acf58e729f60236ccd4c32a169084c38e66fc00fd,"[""openvino-official-upstream-742a17ebaf17""]",granite-30b__fp16__f16,granite-30b__fp16__f16--attempt-001,blocked,retain_active,recovery-5ec36c25826c
openvino-official-upstream,experiments/raw-results/openvino-official-upstream/2026-08-30/fv2-missing-model-attempts/guarded-retry-001/attempt-summary.json,experiments/raw-results/retained/openvino-official-upstream/2026-08-30/fv2-missing-model-attempts/guarded-retry-001/attempt-summary.json,3982,ca8ff9902e518b99d78868a64adb64880b333959e9a6d4f4c7d7877940590484,"[""openvino-official-upstream-ca8ff9902e51""]",,,,retain_active,recovery-5ec36c25826c
openvino-official-upstream,experiments/raw-results/openvino-official-upstream/2026-08-30/fv2-missing-model-attempts/guarded-retry-001/attempts/granite-3b__fp16/manifest.json,experiments/raw-results/retained/openvino-official-upstream/2026-08-30/fv2-missing-model-attempts/guarded-retry-001/attempts/granite-3b__fp16/manifest.json,3383,14dbb011f2c4a674fbcfbd7cd3ec6b2eb6ceea7cb0d71f933dbc2a96b48a1cdc,"[""openvino-official-upstream-14dbb011f2c4""]",,,,retain_active,recovery-5ec36c25826c
openvino-official-upstream,experiments/raw-results/openvino-official-upstream/2026-08-30/fv2-missing-model-attempts/guarded-retry-001/source-models.json,experiments/raw-results/retained/openvino-official-upstream/2026-08-30/fv2-missing-model-attempts/guarded-retry-001/source-models.json,7932,5f3981b202e5b968533739c66f1dc998bb50311dc89ada3ef3da13db9c2afae4,"[""openvino-official-upstream-5f3981b202e5""]",,,,retain_active,recovery-5ec36c25826c
openvino-official-upstream,experiments/raw-results/openvino-official-upstream/2026-08-30/fv2-missing-model-attempts/guarded-retry-002/attempt-summary.json,experiments/raw-results/retained/openvino-official-upstream/2026-08-30/fv2-missing-model-attempts/guarded-retry-002/attempt-summary.json,5472,d388141601d02ba319786700da5458cefb64970e672f9b4db0349481074a0230,"[""openvino-official-upstream-d388141601d0""]",,,,retain_active,recovery-5ec36c25826c
openvino-official-upstream,experiments/raw-results/openvino-official-upstream/2026-08-30/fv2-missing-model-attempts/guarded-retry-002/attempts/granite-3b__fp16/conversion.log,experiments/raw-results/retained/openvino-official-upstream/2026-08-30/fv2-missing-model-attempts/guarded-retry-002/attempts/granite-3b__fp16/conversion.log,116,36d15156288619f17c972b5f0af9bc5380fe363cab90a8356feac4e5ca579d65,"[""openvino-official-upstream-36d151562886""]",granite-3b__fp16__f16,granite-3b__fp16__f16--attempt-001,failed,retain_active,recovery-5ec36c25826c
openvino-official-upstream,experiments/raw-results/openvino-official-upstream/2026-08-30/fv2-missing-model-attempts/guarded-retry-002/attempts/granite-3b__fp16/manifest.json,experiments/raw-results/retained/openvino-official-upstream/2026-08-30/fv2-missing-model-attempts/guarded-retry-002/attempts/granite-3b__fp16/manifest.json,4722,88b149e9b8ebb32b1dc304644a3d47ad1dd9898cecb3a657c5f2a8f6eb86c99d,"[""openvino-official-upstream-88b149e9b8eb""]",granite-3b__fp16__f16,granite-3b__fp16__f16--attempt-001,failed,retain_active,recovery-5ec36c25826c
upstream-llama-cpp,experiments/raw-results/upstream-llama-cpp/README.md,experiments/raw-results/retained/upstream-llama-cpp/README.md,1099,40a64f36600f574e5fde6a6c01debb4a545c725d19efdbdf03b5e81e9e1f9ca8,"[""upstream-llama-cpp-40a64f36600f""]",,,,retain_active,recovery-5ec36c25826c
