path,size_bytes,sha256,valid
C:\Users\Student\atomicbot-retest-20260716\logs\atomicbot\AB-01\20260716-185022\pilot-combined.log,18494,02ac5fa43bacaa429f03fcba7d1cd2dd5e973684a8ad48846b60ef8d132f92e7,True
C:\Users\Student\atomicbot-retest-20260716\logs\atomicbot\AB-01\20260716-185022\pilot-command.json,1219,e847caa6302d67f4cc340abacca285fa1c95b9185e94944c0684ebdf0a4a7a10,True
C:\Users\Student\atomicbot-retest-20260716\logs\atomicbot\AB-01\20260716-185022\pilot-gpu-typeperf.csv,41497,122400ef9b04679930538cd4bc717d5127ac67e64e48b6d21df2220a2f0889a1,True
C:\Users\Student\atomicbot-retest-20260716\logs\atomicbot\AB-01\20260716-185022\pilot-metrics.csv,357,490858b8e37b94869ef5a0a9734e606ded0bcc81bc6a006e5e6d1c426f5e395a,True
C:\Users\Student\atomicbot-retest-20260716\logs\atomicbot\AB-01\20260716-185022\pilot-stderr.log,15548,4de5678f9e9069b67d5534d7da59c25496a82109b2232eda4abcea230e3fc20d,True
C:\Users\Student\atomicbot-retest-20260716\logs\atomicbot\AB-01\20260716-185022\pilot-stdout.log,1195,8139fd7afa622626f275319462ddf86037364726b0237366dea2a5fe55a064c6,True
C:\Users\Student\atomicbot-retest-20260716\logs\atomicbot\AB-01\20260716-185022\pilot-summary.json,2299,37f86583fc25f973c69a0c0a2cf38721ffc8d53bee296668cf1fe0d0be51d2da,True
C:\Users\Student\atomicbot-retest-20260716\logs\atomicbot\AB-01\20260716-185200\AB-01-formal-summary.json,14908,89bd088bf4115ea4221b8a63655c36aa835490be2301ff16d2a4b5f82eb2bee5,True
C:\Users\Student\atomicbot-retest-20260716\logs\atomicbot\AB-01\20260716-185200\pilot-combined.log,18494,1f843f7dce005ef007d3a15bd46a0efcc82e0600eca0cfe200a6e16675094123,True
C:\Users\Student\atomicbot-retest-20260716\logs\atomicbot\AB-01\20260716-185200\pilot-command.json,1219,e847caa6302d67f4cc340abacca285fa1c95b9185e94944c0684ebdf0a4a7a10,True
C:\Users\Student\atomicbot-retest-20260716\logs\atomicbot\AB-01\20260716-185200\pilot-gpu-typeperf.csv,41497,a08df168d9d2827073a6d1abad0986a3f36bc59c750c2482cefa229d30e6e0a7,True
C:\Users\Student\atomicbot-retest-20260716\logs\atomicbot\AB-01\20260716-185200\pilot-metrics.csv,354,ce93c9274bcddb7c978ba9bf7bb156244a3dc555f2bffeee3f7b1cd9f9fa9073,True
C:\Users\Student\atomicbot-retest-20260716\logs\atomicbot\AB-01\20260716-185200\pilot-stderr.log,15548,2d2aa1a4dfa5ca3bd5eaed622c3be4dcda1348cd988bd986f95752778b3999f9,True
C:\Users\Student\atomicbot-retest-20260716\logs\atomicbot\AB-01\20260716-185200\pilot-stdout.log,1195,04185b780cd18ad03ec2afa8fc4336ea80d7a178ae7bf47083616822c5d52e19,True
C:\Users\Student\atomicbot-retest-20260716\logs\atomicbot\AB-01\20260716-185200\pilot-summary.json,2298,edbf61b1c18d2a43d249879993b0bced4057295ad6ebe654f904979f0ad68cf6,True
C:\Users\Student\atomicbot-retest-20260716\logs\atomicbot\AB-01\20260716-185200\run01-combined.log,18760,d6e95f3447b7a3b15184bee0184941bcea7b5deacd2a68280997719118dd4504,True
C:\Users\Student\atomicbot-retest-20260716\logs\atomicbot\AB-01\20260716-185200\run01-command.json,1219,89255dc872b48d0844463a081f50571d838a63b571e0d90a4499bde79e11f2e8,True
C:\Users\Student\atomicbot-retest-20260716\logs\atomicbot\AB-01\20260716-185200\run01-gpu-typeperf.csv,45099,06ca4144c66adbbe524ca129f779260c6fdf8ed1e149343e809a2488862676c5,True
C:\Users\Student\atomicbot-retest-20260716\logs\atomicbot\AB-01\20260716-185200\run01-metrics.csv,476,e525dd14255192a6b3f98e119e9444f0695a776c88025b1c8a14616f6dc57260,True
C:\Users\Student\atomicbot-retest-20260716\logs\atomicbot\AB-01\20260716-185200\run01-stderr.log,15549,8283d0ac8998a6603d6616ce9a070a7bef15dddd540008be442ca29910a10950,True
C:\Users\Student\atomicbot-retest-20260716\logs\atomicbot\AB-01\20260716-185200\run01-stdout.log,1437,09ef91616cf0ec543e7862fd25701dee208b4c2a9f0933bac615fb2d24faf8c2,True
C:\Users\Student\atomicbot-retest-20260716\logs\atomicbot\AB-01\20260716-185200\run01-summary.json,2543,1059a10169341531d7942bc0748012fde57bea862465887a601f62a0ae479618,True
C:\Users\Student\atomicbot-retest-20260716\logs\atomicbot\AB-01\20260716-185200\run02-combined.log,18760,af481ec56363efb09d448702c3631f2a89280f48d16ba7682d1f580ca33aeddd,True
C:\Users\Student\atomicbot-retest-20260716\logs\atomicbot\AB-01\20260716-185200\run02-command.json,1219,89255dc872b48d0844463a081f50571d838a63b571e0d90a4499bde79e11f2e8,True
C:\Users\Student\atomicbot-retest-20260716\logs\atomicbot\AB-01\20260716-185200\run02-gpu-typeperf.csv,45099,062ad23037ae41638e0bfd8727b054700c10c83d023e016e6ef92797b1a06e9c,True
C:\Users\Student\atomicbot-retest-20260716\logs\atomicbot\AB-01\20260716-185200\run02-metrics.csv,478,a6017587d007a8f193fa53245447af315a6275b6bdb8a30eec33f3c5c8718527,True
C:\Users\Student\atomicbot-retest-20260716\logs\atomicbot\AB-01\20260716-185200\run02-stderr.log,15549,5c0f0212299473a911fa4c5e5716fd36b946aac03baab08417df091779f92aaa,True
C:\Users\Student\atomicbot-retest-20260716\logs\atomicbot\AB-01\20260716-185200\run02-stdout.log,1437,4cd76e6f33a825d9c413ac3ed5b3a84d52e5e953b6510ff2bf273d2ea4d7927a,True
C:\Users\Student\atomicbot-retest-20260716\logs\atomicbot\AB-01\20260716-185200\run02-summary.json,2542,60d14d542029d26f8c1a1e397cd0114d26c5b9ac952f45646ac4db335ab85509,True
C:\Users\Student\atomicbot-retest-20260716\logs\atomicbot\AB-01\20260716-185200\run03-combined.log,18760,1afcbc1098e115bc81fd951bfa7196ef315fe3658d4721a434e02fff90dee5ee,True
C:\Users\Student\atomicbot-retest-20260716\logs\atomicbot\AB-01\20260716-185200\run03-command.json,1219,89255dc872b48d0844463a081f50571d838a63b571e0d90a4499bde79e11f2e8,True
C:\Users\Student\atomicbot-retest-20260716\logs\atomicbot\AB-01\20260716-185200\run03-gpu-typeperf.csv,45099,533bfcd520c949d4c11c51ae695269c2d9eef857758ac74c1091de6a70dc420f,True
C:\Users\Student\atomicbot-retest-20260716\logs\atomicbot\AB-01\20260716-185200\run03-metrics.csv,479,cb36c4432b063bf08c78b30b07b208acff276075505fa91ef85d03004709939a,True
C:\Users\Student\atomicbot-retest-20260716\logs\atomicbot\AB-01\20260716-185200\run03-stderr.log,15549,2e2551681cb3d8c310b86662bcb2e383fc93a3a4f8d251448ce442444aa478aa,True
C:\Users\Student\atomicbot-retest-20260716\logs\atomicbot\AB-01\20260716-185200\run03-stdout.log,1437,c04e9bba28d5c76e8b823f74e4ba3330c8b0226cacaa416e7ecb17b850f332af,True
C:\Users\Student\atomicbot-retest-20260716\logs\atomicbot\AB-01\20260716-185200\run03-summary.json,2543,26619a5fa224f8b49f4874ad9e50d1b39e4f53ebd027fc8b7bcc661c17ec9bf7,True
C:\Users\Student\atomicbot-retest-20260716\logs\atomicbot\AB-01\20260716-185200\warmup-combined.log,18760,1359d9a982446eb96fe8a67d0f5681c0ff5cedff106175047c3550479f05ef86,True
C:\Users\Student\atomicbot-retest-20260716\logs\atomicbot\AB-01\20260716-185200\warmup-command.json,1219,89255dc872b48d0844463a081f50571d838a63b571e0d90a4499bde79e11f2e8,True
C:\Users\Student\atomicbot-retest-20260716\logs\atomicbot\AB-01\20260716-185200\warmup-gpu-typeperf.csv,48701,20410a51e284519d4100f52895b15f64e87b9c86e2a93b7ab18b9ea9aa9a19de,True
C:\Users\Student\atomicbot-retest-20260716\logs\atomicbot\AB-01\20260716-185200\warmup-metrics.csv,547,1145b020af7119d7152689321fb4b36b4588f7b91da3d7302ccc0d1f99d0f9a8,True
C:\Users\Student\atomicbot-retest-20260716\logs\atomicbot\AB-01\20260716-185200\warmup-stderr.log,15549,2051f4fba63d8323199c96dc669e9b6ef421733f388fa08e5406c9b65866e289,True
C:\Users\Student\atomicbot-retest-20260716\logs\atomicbot\AB-01\20260716-185200\warmup-stdout.log,1437,15ff3a7bf8330fc4a7bb4b19fa091f8925ef699f2190fcc41e3f88a7072485f5,True
C:\Users\Student\atomicbot-retest-20260716\logs\atomicbot\AB-01\20260716-185200\warmup-summary.json,2548,71929f2d80a74c04c6c01f40b8b5f73405a898979d1b57d5a82a576ebf0223b0,True
C:\Users\Student\atomicbot-retest-20260716\logs\atomicbot\AB-02\20260716-185222\AB-02-formal-summary.json,14834,e5261eaf4d2da5667e785b0fb566bfa38e51fe737df79f08bdf99c1508f94df6,True
C:\Users\Student\atomicbot-retest-20260716\logs\atomicbot\AB-02\20260716-185222\pilot-combined.log,18685,d8ea32bd1150c9a37f7cabb93fd3cd36d08e442f3e61f929753b9d13941fa1be,True
C:\Users\Student\atomicbot-retest-20260716\logs\atomicbot\AB-02\20260716-185222\pilot-command.json,1225,6e35cd48accb7638380952f680adf1c31eee4ce0079743f0b529e2b51baa6f6b,True
C:\Users\Student\atomicbot-retest-20260716\logs\atomicbot\AB-02\20260716-185222\pilot-gpu-typeperf.csv,41497,451b6d4b55486436327239b67ed9b5f20cce0dafca9affc69416d47696287c3e,True
C:\Users\Student\atomicbot-retest-20260716\logs\atomicbot\AB-02\20260716-185222\pilot-metrics.csv,354,676c0138488ba61a02034c40d301c29a0ead33a54c5cc88dc5f0ccfdf17eb6b3,True
C:\Users\Student\atomicbot-retest-20260716\logs\atomicbot\AB-02\20260716-185222\pilot-stderr.log,15726,b99548f084684b99e5610704670dd9aa1df7286708149e2178a83950755fdc4b,True
C:\Users\Student\atomicbot-retest-20260716\logs\atomicbot\AB-02\20260716-185222\pilot-stdout.log,1183,4ae0843e4875bcd9a9e9659ec82874724985e0700b93fd5127e895531d10f8ca,True
C:\Users\Student\atomicbot-retest-20260716\logs\atomicbot\AB-02\20260716-185222\pilot-summary.json,2292,9e1afd44ecfd9bee99c633c7a9e1f761dfce54c5342efd1f1cfa0fc4d6c3bd89,True
C:\Users\Student\atomicbot-retest-20260716\logs\atomicbot\AB-02\20260716-185222\run01-combined.log,18941,3b9cb53ee044fe75d0a64762e037089ac3fdd6e3f44568d7a95ed081a49e0b01,True
C:\Users\Student\atomicbot-retest-20260716\logs\atomicbot\AB-02\20260716-185222\run01-command.json,1225,a03f15ed8b67b7517e2df0d77b8b2be12ad4a0d0a5f7a190b8ffa52623e9f03d,True
C:\Users\Student\atomicbot-retest-20260716\logs\atomicbot\AB-02\20260716-185222\run01-gpu-typeperf.csv,48701,f1272749769075d82e4f46d42507bef0ab2f379b274ef0d1ea80b2545df4263d,True
C:\Users\Student\atomicbot-retest-20260716\logs\atomicbot\AB-02\20260716-185222\run01-metrics.csv,546,49523f70ea1ff25020e7f93adb09c7c1d3990415bcb86b2d2bcf913b2c3e1da6,True
C:\Users\Student\atomicbot-retest-20260716\logs\atomicbot\AB-02\20260716-185222\run01-stderr.log,15727,69d501bb9f39feef2b522f9348167da727a877c8298583bcbac7e1eadb5fe3df,True
C:\Users\Student\atomicbot-retest-20260716\logs\atomicbot\AB-02\20260716-185222\run01-stdout.log,1415,2af6a62d337c850c9b613e56c5e9d109958130e5b2ca16c60091717f4c71a4dc,True
C:\Users\Student\atomicbot-retest-20260716\logs\atomicbot\AB-02\20260716-185222\run01-summary.json,2524,7e760eab4c68a574624f418c2baa1c0a7b2d1a50550cbc83de8dcac4fa22c91e,True
C:\Users\Student\atomicbot-retest-20260716\logs\atomicbot\AB-02\20260716-185222\run02-combined.log,18941,31a587673da640b07b430fafd09f889029ec22c647dd954387172c972829d734,True
C:\Users\Student\atomicbot-retest-20260716\logs\atomicbot\AB-02\20260716-185222\run02-command.json,1225,a03f15ed8b67b7517e2df0d77b8b2be12ad4a0d0a5f7a190b8ffa52623e9f03d,True
C:\Users\Student\atomicbot-retest-20260716\logs\atomicbot\AB-02\20260716-185222\run02-gpu-typeperf.csv,48701,fea0245cb0da47a24d0e09c28fd7809ffab502f6f1bce6c2f0dec3094f571fe0,True
C:\Users\Student\atomicbot-retest-20260716\logs\atomicbot\AB-02\20260716-185222\run02-metrics.csv,545,ed7e0291e05dd601058d965c09976843df254f889ca4992ab257214878b76d3f,True
C:\Users\Student\atomicbot-retest-20260716\logs\atomicbot\AB-02\20260716-185222\run02-stderr.log,15727,91d6d98f8bce943082f3b158893219f454c236226a50824dbcca43b79505d35f,True
C:\Users\Student\atomicbot-retest-20260716\logs\atomicbot\AB-02\20260716-185222\run02-stdout.log,1415,4ef8eaa66e8b81a2b1e874a00c6693ec329b035a94a51ef349c1d11a85d1c282,True
C:\Users\Student\atomicbot-retest-20260716\logs\atomicbot\AB-02\20260716-185222\run02-summary.json,2523,dcba4b8dab14bf15864256149e5463e42bc61a1e7fe5bd56ae6761ade056d832,True
C:\Users\Student\atomicbot-retest-20260716\logs\atomicbot\AB-02\20260716-185222\run03-combined.log,18941,1a9bd40f926f6cfa7c98156b94d651b42d2a35a002ffcb5e12d23598bb4cef31,True
C:\Users\Student\atomicbot-retest-20260716\logs\atomicbot\AB-02\20260716-185222\run03-command.json,1225,a03f15ed8b67b7517e2df0d77b8b2be12ad4a0d0a5f7a190b8ffa52623e9f03d,True
C:\Users\Student\atomicbot-retest-20260716\logs\atomicbot\AB-02\20260716-185222\run03-gpu-typeperf.csv,48701,4255c92693a0629105c934f46838ce80ce1270ebc9e8775579d63a28feddf56b,True
C:\Users\Student\atomicbot-retest-20260716\logs\atomicbot\AB-02\20260716-185222\run03-metrics.csv,548,2e42f499bf497b4a1f8dbb78b2647ad50fe4479a3002b14494c0a8f8852b81e4,True
C:\Users\Student\atomicbot-retest-20260716\logs\atomicbot\AB-02\20260716-185222\run03-stderr.log,15727,c6952d5e944fe12687bd8a4a6086e69cfa92b49e8b0aff981aae15be52291590,True
C:\Users\Student\atomicbot-retest-20260716\logs\atomicbot\AB-02\20260716-185222\run03-stdout.log,1415,fe989bfb70cf8962e3e58666bb401c6a706654b57b93fa0cc619cf66f77db6c7,True
C:\Users\Student\atomicbot-retest-20260716\logs\atomicbot\AB-02\20260716-185222\run03-summary.json,2523,fa965a3831d18800127e458c660621801674ee2101ae743414c6a3306f40f630,True
C:\Users\Student\atomicbot-retest-20260716\logs\atomicbot\AB-02\20260716-185222\warmup-combined.log,18941,280c09ce567b283e3baa7dbcd5c35672680a0ebcc895b683e395bf1a74cc9951,True
C:\Users\Student\atomicbot-retest-20260716\logs\atomicbot\AB-02\20260716-185222\warmup-command.json,1225,a03f15ed8b67b7517e2df0d77b8b2be12ad4a0d0a5f7a190b8ffa52623e9f03d,True
C:\Users\Student\atomicbot-retest-20260716\logs\atomicbot\AB-02\20260716-185222\warmup-gpu-typeperf.csv,48701,af3d56556568df59c6c55034ed5d3f43738d36747aeab2c1c7bae67ddfcf2878,True
C:\Users\Student\atomicbot-retest-20260716\logs\atomicbot\AB-02\20260716-185222\warmup-metrics.csv,547,8cf65bfc2f17e4da80a6579b3c0ed419aa0e5acafd136f182731d0bc7c5e8dac,True
C:\Users\Student\atomicbot-retest-20260716\logs\atomicbot\AB-02\20260716-185222\warmup-stderr.log,15727,cbdc49bd55fa1f3e958634b9e1bc4be6db34f1f57cac99f4d3b8298c5dfc3ebe,True
C:\Users\Student\atomicbot-retest-20260716\logs\atomicbot\AB-02\20260716-185222\warmup-stdout.log,1415,8f3eafd5053861e5b43cd3b45463c1bbf4f2b01ed0e14dbc4c0864ee8fbf2953,True
C:\Users\Student\atomicbot-retest-20260716\logs\atomicbot\AB-02\20260716-185222\warmup-summary.json,2530,24dd5bfc95868c7b178675757defc6d36add730d28f731bc1210100589c99f39,True
C:\Users\Student\atomicbot-retest-20260716\logs\atomicbot\AB-03\20260716-185246\AB-03-formal-summary.json,14147,1515b49ddc6b9264892a38ce719ac7c15ffbadf0dea3567786a24ef0f6ab8bcc,True
C:\Users\Student\atomicbot-retest-20260716\logs\atomicbot\AB-03\20260716-185246\pilot-combined.log,17194,4323346b8f5565b15280e6fe3a3cda27830eca4375144ae5f919cffe24a1899b,True
C:\Users\Student\atomicbot-retest-20260716\logs\atomicbot\AB-03\20260716-185246\pilot-command.json,1210,37dcf0e69964db7f8ae1ef3fa487683bbdbcd472ee2516c7b0db18b685333d88,True
C:\Users\Student\atomicbot-retest-20260716\logs\atomicbot\AB-03\20260716-185246\pilot-gpu-typeperf.csv,55905,e0caab58b501dd97794b2ef7f4f0d4ac6a81696c44cacf89710a4ee0373e85c2,True
C:\Users\Student\atomicbot-retest-20260716\logs\atomicbot\AB-03\20260716-185246\pilot-metrics.csv,820,61e3b4f3e8bcc6a99634c686278e0fbc216b6bec3bf12199704b8cf3774af2ec,True
C:\Users\Student\atomicbot-retest-20260716\logs\atomicbot\AB-03\20260716-185246\pilot-stderr.log,14366,8b9bb3ab368021cece1afddd4d8b62669f228896c1ce9fd03d7055a23637d7cc,True
C:\Users\Student\atomicbot-retest-20260716\logs\atomicbot\AB-03\20260716-185246\pilot-stdout.log,1189,ac9639b8c1ee8d4db1074d5171e2e2f11cb038643377b54a60eecd14e0c5a41c,True
C:\Users\Student\atomicbot-retest-20260716\logs\atomicbot\AB-03\20260716-185246\pilot-summary.json,2124,1daa37ac271c924c15b86cc870d2e4671e3f34b9fa722685a342458408b60021,True
C:\Users\Student\atomicbot-retest-20260716\logs\atomicbot\AB-03\20260716-185246\run01-combined.log,17504,f0605ef76f22ffb9ea0dd8d0594e1fa7a25ddf8fd57e136e66f11782de1e587a,True
C:\Users\Student\atomicbot-retest-20260716\logs\atomicbot\AB-03\20260716-185246\run01-command.json,1210,73d3a0f85d5efae196d34582ec299d0fa75da6c0494009ce20081c6306c088ad,True
C:\Users\Student\atomicbot-retest-20260716\logs\atomicbot\AB-03\20260716-185246\run01-gpu-typeperf.csv,59507,9ac3657bf70a72ed54c72d73ba46e71074297b862b67e5da742ce99d9d0fcd4f,True
C:\Users\Student\atomicbot-retest-20260716\logs\atomicbot\AB-03\20260716-185246\run01-metrics.csv,1085,38fd2b67bb973532b501ca9b9a73187e4ae43e043967c0a82079c76bbb52ceb3,True
C:\Users\Student\atomicbot-retest-20260716\logs\atomicbot\AB-03\20260716-185246\run01-stderr.log,14367,3c3a26b21c2a22315f9e6ac2363f98b40bc17b758dfc85a764179f37e9951376,True
C:\Users\Student\atomicbot-retest-20260716\logs\atomicbot\AB-03\20260716-185246\run01-stdout.log,1475,0c83e8bcf3c44fb1582975595c01c9214d9de7f42572a34b01d80a0fc6de90f8,True
C:\Users\Student\atomicbot-retest-20260716\logs\atomicbot\AB-03\20260716-185246\run01-summary.json,2408,bd345856fc2772d9fb9dc5a8c90660e65f6b3f912931eb870adb4d2e87b9f160,True
C:\Users\Student\atomicbot-retest-20260716\logs\atomicbot\AB-03\20260716-185246\run02-combined.log,17504,c6585cda77981ead2deb5b0867855b182fd83f0b37eff9b7559c6137db5ebaec,True
C:\Users\Student\atomicbot-retest-20260716\logs\atomicbot\AB-03\20260716-185246\run02-command.json,1210,73d3a0f85d5efae196d34582ec299d0fa75da6c0494009ce20081c6306c088ad,True
C:\Users\Student\atomicbot-retest-20260716\logs\atomicbot\AB-03\20260716-185246\run02-gpu-typeperf.csv,59507,4b61d19b7101bcb3434f1374d247e0c62b4b39d7e87608d7659d586d69bd093b,True
C:\Users\Student\atomicbot-retest-20260716\logs\atomicbot\AB-03\20260716-185246\run02-metrics.csv,1092,2e7553312655c50379f3fcff86c08fe145cd2eb7d3f58d42753f5a586f069792,True
C:\Users\Student\atomicbot-retest-20260716\logs\atomicbot\AB-03\20260716-185246\run02-stderr.log,14367,932f11c05253aea264bd7e3999e7563dbc03331a6032dfd96a164da2c6eab41f,True
C:\Users\Student\atomicbot-retest-20260716\logs\atomicbot\AB-03\20260716-185246\run02-stdout.log,1475,5b276f100f82bdd4ae295f15603e6e636b63a7fe7c5290e655530ff29c1c94a6,True
C:\Users\Student\atomicbot-retest-20260716\logs\atomicbot\AB-03\20260716-185246\run02-summary.json,2410,d6b9d4e77a174be887c4f9be079649dcd3dde2c95e516a90021b50fe50e6d7f4,True
C:\Users\Student\atomicbot-retest-20260716\logs\atomicbot\AB-03\20260716-185246\run03-combined.log,17504,a8223592cf1f33811841b4e72624b382fb1fbecde5d5ea4dff8b23b7adfaa36f,True
C:\Users\Student\atomicbot-retest-20260716\logs\atomicbot\AB-03\20260716-185246\run03-command.json,1210,73d3a0f85d5efae196d34582ec299d0fa75da6c0494009ce20081c6306c088ad,True
C:\Users\Student\atomicbot-retest-20260716\logs\atomicbot\AB-03\20260716-185246\run03-gpu-typeperf.csv,59534,dbaa110637476579f1f3b392cc8d19fa1abe998af8a1f8c37c5636b0ef423940,True
C:\Users\Student\atomicbot-retest-20260716\logs\atomicbot\AB-03\20260716-185246\run03-metrics.csv,1098,989b2f434e34918b1ed9f95a2588deb3b7ba8064e4f34a98df0c94aa587d2b3c,True
C:\Users\Student\atomicbot-retest-20260716\logs\atomicbot\AB-03\20260716-185246\run03-stderr.log,14367,309a61f7ef8dec3ef98b1f6386d59f9afb62d5f16db2b27a3d3a5e57c1645e39,True
C:\Users\Student\atomicbot-retest-20260716\logs\atomicbot\AB-03\20260716-185246\run03-stdout.log,1475,86b71bd4efb6d7f00f25c92b139b72eae8e163840a32e6b258e5e42de4a56b6d,True
C:\Users\Student\atomicbot-retest-20260716\logs\atomicbot\AB-03\20260716-185246\run03-summary.json,2410,d8dd1a54a30a72363c8d72ee2cea49ae3c0198b7e665e206b8ba0e5901352fdd,True
C:\Users\Student\atomicbot-retest-20260716\logs\atomicbot\AB-03\20260716-185246\warmup-combined.log,17504,2338ad86ecc2cb46b2ec44668a37d4f0a779c040e8194b831cac14c6f5d6fe03,True
C:\Users\Student\atomicbot-retest-20260716\logs\atomicbot\AB-03\20260716-185246\warmup-command.json,1210,73d3a0f85d5efae196d34582ec299d0fa75da6c0494009ce20081c6306c088ad,True
C:\Users\Student\atomicbot-retest-20260716\logs\atomicbot\AB-03\20260716-185246\warmup-gpu-typeperf.csv,59507,470d1eeaa484823e97c8ed01b957242b0e566ff1a3f9a5d6629cf6982d15b968,True
C:\Users\Student\atomicbot-retest-20260716\logs\atomicbot\AB-03\20260716-185246\warmup-metrics.csv,1094,4872ba5c572907e1b8d93a409066cc72fb1bf24954f227b483efbf00845e01c0,True
C:\Users\Student\atomicbot-retest-20260716\logs\atomicbot\AB-03\20260716-185246\warmup-stderr.log,14367,dad8f0fb0b6912cc846d067ee2d2e80a5be0914f7fe1638fe79f73dbefcc9667,True
C:\Users\Student\atomicbot-retest-20260716\logs\atomicbot\AB-03\20260716-185246\warmup-stdout.log,1475,f4bb9c0f6eee6ea9e244ba91a8666906e12fde3e2ed675326e5913a92b697443,True
C:\Users\Student\atomicbot-retest-20260716\logs\atomicbot\AB-03\20260716-185246\warmup-summary.json,2416,3cb88d98d8dd771dd488ed52b80333c948e572276fe725ae02de64d2fe861d4b,True
C:\Users\Student\atomicbot-retest-20260716\logs\atomicbot\AB-04\20260716-185416\AB-04-formal-summary.json,13922,0e87a0b8073127b54c4e486504557bf4db0708838763136037f6ce0d945f7dbe,True
C:\Users\Student\atomicbot-retest-20260716\logs\atomicbot\AB-04\20260716-185416\pilot-combined.log,17196,ab5310e04d6978a5c43501a08fd61bebbbd89cfaf81b8cce0a5c35cc74dc45a7,True
C:\Users\Student\atomicbot-retest-20260716\logs\atomicbot\AB-04\20260716-185416\pilot-command.json,1212,751bacfa61cc032d30a59d21418ff0291f08e512d85ceee9a388281a4db425c0,True
C:\Users\Student\atomicbot-retest-20260716\logs\atomicbot\AB-04\20260716-185416\pilot-gpu-typeperf.csv,52303,aff3cbd4b33c1eb05d8e5026afbb61de5ae1a60abee09f3fd6dd500f7b8c5c77,True
C:\Users\Student\atomicbot-retest-20260716\logs\atomicbot\AB-04\20260716-185416\pilot-metrics.csv,683,4a820450775e7f9a16285c28090707f130f7843cbf6cc0e4276925c116bd2337,True
C:\Users\Student\atomicbot-retest-20260716\logs\atomicbot\AB-04\20260716-185416\pilot-stderr.log,14368,372a016a7777b55ff7e54f4014db4ede22d2b24484a15a81a90cf983f38b8264,True
C:\Users\Student\atomicbot-retest-20260716\logs\atomicbot\AB-04\20260716-185416\pilot-stdout.log,1189,ed261235b466f2c73ecb8bed969f86c20c1723fa4c3fc182cf9d108b44dbfb47,True
C:\Users\Student\atomicbot-retest-20260716\logs\atomicbot\AB-04\20260716-185416\pilot-summary.json,2123,418f9dcbf8ff4ab78639c4d66f8fcb1e6ec0cf8c1bb33f07132625a3ca1ba43e,True
C:\Users\Student\atomicbot-retest-20260716\logs\atomicbot\AB-04\20260716-185416\run01-combined.log,17446,0bd974a07b755f23158ae4c02c83ddbb6d4f1ffa347f655ef2a6d9bf05a766a4,True
C:\Users\Student\atomicbot-retest-20260716\logs\atomicbot\AB-04\20260716-185416\run01-command.json,1212,1f52ce242f1d0a7a75f47e58ad9f77f490914c4fe8bfce243b2b91024b6aa7a0,True
C:\Users\Student\atomicbot-retest-20260716\logs\atomicbot\AB-04\20260716-185416\run01-gpu-typeperf.csv,55905,ccd328153ce03fff37654d55074e2929eb46ba18ebd79b679399c7af9a4474af,True
C:\Users\Student\atomicbot-retest-20260716\logs\atomicbot\AB-04\20260716-185416\run01-metrics.csv,960,87a75c574ac674eb60a99a88239aa54b83cf8013fdfe99846e978b1ae2099da0,True
C:\Users\Student\atomicbot-retest-20260716\logs\atomicbot\AB-04\20260716-185416\run01-stderr.log,14368,bcb24df3057d91d44e5defb893fa9194bd162a72f1879ce655bb58ba87b23d0e,True
C:\Users\Student\atomicbot-retest-20260716\logs\atomicbot\AB-04\20260716-185416\run01-stdout.log,1416,165f6eb36f85f2de45a3d5a9f1420d284c104458cdb68c607dbbfd733ef88262,True
C:\Users\Student\atomicbot-retest-20260716\logs\atomicbot\AB-04\20260716-185416\run01-summary.json,2352,ea7b82e09910794a3b69710afa93e2f4287a217d5686a6adecc9b1d3ebb59a50,True
C:\Users\Student\atomicbot-retest-20260716\logs\atomicbot\AB-04\20260716-185416\run02-combined.log,17446,9bfef7944b52159d9a3f751e7e0bda8d8b27805740e2ffe3a72562ba9e5747ae,True
C:\Users\Student\atomicbot-retest-20260716\logs\atomicbot\AB-04\20260716-185416\run02-command.json,1212,1f52ce242f1d0a7a75f47e58ad9f77f490914c4fe8bfce243b2b91024b6aa7a0,True
C:\Users\Student\atomicbot-retest-20260716\logs\atomicbot\AB-04\20260716-185416\run02-gpu-typeperf.csv,59507,af2cfb5add36c86d7198dc5ee691837826c3c25c6a8d5e8e94245c977db028b5,True
C:\Users\Student\atomicbot-retest-20260716\logs\atomicbot\AB-04\20260716-185416\run02-metrics.csv,1023,d35ac73857e6f8290171d979737674a6caecde2fd5c6f76f58a99e1f4cdef137,True
C:\Users\Student\atomicbot-retest-20260716\logs\atomicbot\AB-04\20260716-185416\run02-stderr.log,14368,ffac1308c80a54665b25a5fde2d6cfb7842bcdf71ecc81ac90a60f4f8c6cc403,True
C:\Users\Student\atomicbot-retest-20260716\logs\atomicbot\AB-04\20260716-185416\run02-stdout.log,1416,96a5005085601fee5d5e40d52d7812f01deedde3ad69e31b0ac062b18b4c7d1d,True
C:\Users\Student\atomicbot-retest-20260716\logs\atomicbot\AB-04\20260716-185416\run02-summary.json,2351,2524cc719100e75330788455482878f9505dcb880d6db24c1e36c99cc30e3b86,True
C:\Users\Student\atomicbot-retest-20260716\logs\atomicbot\AB-04\20260716-185416\run03-combined.log,17446,02cb117b5ef8a035639e773c4c9eda82cd088b1bf0d651c007b8a02602e783fe,True
C:\Users\Student\atomicbot-retest-20260716\logs\atomicbot\AB-04\20260716-185416\run03-command.json,1212,1f52ce242f1d0a7a75f47e58ad9f77f490914c4fe8bfce243b2b91024b6aa7a0,True
C:\Users\Student\atomicbot-retest-20260716\logs\atomicbot\AB-04\20260716-185416\run03-gpu-typeperf.csv,59507,2f195ecb3e70e2367c69954d6c33b19d36d0ac34a6afeedf33607e67755ad59b,True
C:\Users\Student\atomicbot-retest-20260716\logs\atomicbot\AB-04\20260716-185416\run03-metrics.csv,965,2bc402c79c106e30ce001dd2596542e686328c4856bef47a1ad59e3a9a8409ef,True
C:\Users\Student\atomicbot-retest-20260716\logs\atomicbot\AB-04\20260716-185416\run03-stderr.log,14368,49d4d7897bec54c2c2afd1abafd377a714c1fe57b946d9bf3d62bc20b4977246,True
C:\Users\Student\atomicbot-retest-20260716\logs\atomicbot\AB-04\20260716-185416\run03-stdout.log,1416,aa7c836919142895e3cb7b0e73520680f32fa784b09c232664798674434061f4,True
C:\Users\Student\atomicbot-retest-20260716\logs\atomicbot\AB-04\20260716-185416\run03-summary.json,2352,25467ef10384544aa3885c9ab7449dfe341deefa0db419f1339727e4a227653a,True
C:\Users\Student\atomicbot-retest-20260716\logs\atomicbot\AB-04\20260716-185416\warmup-combined.log,17446,4f542e3867ded2addeea57d1836c75e27e863538de5d1cf6385d2e9c8476352a,True
C:\Users\Student\atomicbot-retest-20260716\logs\atomicbot\AB-04\20260716-185416\warmup-command.json,1212,1f52ce242f1d0a7a75f47e58ad9f77f490914c4fe8bfce243b2b91024b6aa7a0,True
C:\Users\Student\atomicbot-retest-20260716\logs\atomicbot\AB-04\20260716-185416\warmup-gpu-typeperf.csv,59507,2661c2a0814a819fca46964bc3bdbd456f39a6cf55f6ab697b733c0efd0b5281,True
C:\Users\Student\atomicbot-retest-20260716\logs\atomicbot\AB-04\20260716-185416\warmup-metrics.csv,1019,84d08ff5327dca0ddef0e1c3836e2dbd1869be4d6c57ab23e19518896feab0df,True
C:\Users\Student\atomicbot-retest-20260716\logs\atomicbot\AB-04\20260716-185416\warmup-stderr.log,14368,e41b3ba2c99789679b6a3c5953e539f231e732f9dcf312e818b93f53d57de8d3,True
C:\Users\Student\atomicbot-retest-20260716\logs\atomicbot\AB-04\20260716-185416\warmup-stdout.log,1416,65a2bbf2a33fd3198d1e5a3ad9f35a51ddb213371fe9bff8d8821f2c3f653e82,True
C:\Users\Student\atomicbot-retest-20260716\logs\atomicbot\AB-04\20260716-185416\warmup-summary.json,2358,e4e5cd5dfe4d0bd1d70adce3c03e378b5cf365df733df4bc44eb34ea930b9a20,True
C:\Users\Student\atomicbot-retest-20260716\logs\atomicbot\AB-05\20260716-185457\AB-05-formal-summary.json,13996,38fe5a7f3e7baf2c8d82333a5f505882e6e381311483f447bae014a6ee512cf6,True
C:\Users\Student\atomicbot-retest-20260716\logs\atomicbot\AB-05\20260716-185457\pilot-combined.log,17469,6d3019b0d560320b8029fbf48a67a0b59ff613e56ed992059d3b8d967168d986,True
C:\Users\Student\atomicbot-retest-20260716\logs\atomicbot\AB-05\20260716-185457\pilot-command.json,1216,48582b6040991f0430b4db8277c2b9eb3dc08b0dd03714c68edef4991182dc47,True
C:\Users\Student\atomicbot-retest-20260716\logs\atomicbot\AB-05\20260716-185457\pilot-gpu-typeperf.csv,52303,3dac2fa109533d641d0d6086fe3c420eaf40e57a2015adf2c8d41b2fdee5d777,True
C:\Users\Student\atomicbot-retest-20260716\logs\atomicbot\AB-05\20260716-185457\pilot-metrics.csv,735,5694942a3c689361476d3ecc48501edfe7cc3fe58309eaaa40d12a3a636ecea6,True
C:\Users\Student\atomicbot-retest-20260716\logs\atomicbot\AB-05\20260716-185457\pilot-stderr.log,14639,50fc5f022bee9d306402635ab15adec70eb73a9b067b5b8bc4457c284631e1fd,True
C:\Users\Student\atomicbot-retest-20260716\logs\atomicbot\AB-05\20260716-185457\pilot-stdout.log,1165,7ea342cd5624d12694b0e8ae3530b7eecef86a55ae97474cdcca1674ea9495af,True
C:\Users\Student\atomicbot-retest-20260716\logs\atomicbot\AB-05\20260716-185457\pilot-summary.json,2103,996d6597f6127fc421e77865729f2448e86cbaaecfcddadb3210b59150ec1f87,True
C:\Users\Student\atomicbot-retest-20260716\logs\atomicbot\AB-05\20260716-185457\run01-combined.log,17765,e450ed06818503fa7871bcf8beff168d166a3c57111a25a587ced247eedcc433,True
C:\Users\Student\atomicbot-retest-20260716\logs\atomicbot\AB-05\20260716-185457\run01-command.json,1216,237466e3ae2aeca9ee8403874bf041e0c0962fcc6adeb064bfa7c448765dd7b8,True
C:\Users\Student\atomicbot-retest-20260716\logs\atomicbot\AB-05\20260716-185457\run01-gpu-typeperf.csv,63109,0a077d81e913170fec4040ef69d87c1c6411365368a276d49f81f3426176f4ae,True
C:\Users\Student\atomicbot-retest-20260716\logs\atomicbot\AB-05\20260716-185457\run01-metrics.csv,1214,e260c2a4f2df1894ccd03e6574b2283fa1d291e78fdb2c5579651f32d4d13589,True
C:\Users\Student\atomicbot-retest-20260716\logs\atomicbot\AB-05\20260716-185457\run01-stderr.log,14639,cd5a91e7831bf3ff63ab7da41e1ab983cc404d94211ed14e4704b3331fa89ce8,True
C:\Users\Student\atomicbot-retest-20260716\logs\atomicbot\AB-05\20260716-185457\run01-stdout.log,1438,dc4e0071f0c94dd5d9eee4f60346a0e84c347ef0ad8d1daaa3ea77473296fdbc,True
C:\Users\Student\atomicbot-retest-20260716\logs\atomicbot\AB-05\20260716-185457\run01-summary.json,2376,1077c40fa83e18346228a72d67db20082078ff2445845c2ddf0438dfa0e9ec15,True
C:\Users\Student\atomicbot-retest-20260716\logs\atomicbot\AB-05\20260716-185457\run02-combined.log,17765,e87f792e0bea64755bd928de8a8986711b93e4866beedece79b8596cb02d9315,True
C:\Users\Student\atomicbot-retest-20260716\logs\atomicbot\AB-05\20260716-185457\run02-command.json,1216,237466e3ae2aeca9ee8403874bf041e0c0962fcc6adeb064bfa7c448765dd7b8,True
C:\Users\Student\atomicbot-retest-20260716\logs\atomicbot\AB-05\20260716-185457\run02-gpu-typeperf.csv,66711,b7736bc7fb158b97c0545989ca27f33aa121bdc59abbc32184f1fadf3176832c,True
C:\Users\Student\atomicbot-retest-20260716\logs\atomicbot\AB-05\20260716-185457\run02-metrics.csv,1230,ac09f762555886a18575e1d4742414daa30aa933a10f50a7a84ebcc7d0c1a633,True
C:\Users\Student\atomicbot-retest-20260716\logs\atomicbot\AB-05\20260716-185457\run02-stderr.log,14639,44ff0f768adfab3b4f9c840a8cd4742d2ebed98f6844b00f7a706af87060d726,True
C:\Users\Student\atomicbot-retest-20260716\logs\atomicbot\AB-05\20260716-185457\run02-stdout.log,1438,97ecf09aedff6221d46491ee3011486f55c443a0ade16695f6a1142a44406862,True
C:\Users\Student\atomicbot-retest-20260716\logs\atomicbot\AB-05\20260716-185457\run02-summary.json,2377,0cdc1481a9e330c983b0f35b7b0692c2c095def4e899e63be2d9db74dd69daa4,True
C:\Users\Student\atomicbot-retest-20260716\logs\atomicbot\AB-05\20260716-185457\run03-combined.log,17765,1fc8f3e6ec85cd20838a735ce5a782daa6e327d1a8a2f6c9d99a314a3bb3d3f8,True
C:\Users\Student\atomicbot-retest-20260716\logs\atomicbot\AB-05\20260716-185457\run03-command.json,1216,237466e3ae2aeca9ee8403874bf041e0c0962fcc6adeb064bfa7c448765dd7b8,True
C:\Users\Student\atomicbot-retest-20260716\logs\atomicbot\AB-05\20260716-185457\run03-gpu-typeperf.csv,63109,b328e74bb660a2ee6e86776f126570b731e60df3d285b5f327eababe76e84710,True
C:\Users\Student\atomicbot-retest-20260716\logs\atomicbot\AB-05\20260716-185457\run03-metrics.csv,1237,6d8f9f740400260a445ce22ef4dcecb28b9caa3333c48a7aabc8bde5cb43912a,True
C:\Users\Student\atomicbot-retest-20260716\logs\atomicbot\AB-05\20260716-185457\run03-stderr.log,14639,02edfbdea2765496c904d1986042745787e0eebefed1a0c8933443f04f9a84ab,True
C:\Users\Student\atomicbot-retest-20260716\logs\atomicbot\AB-05\20260716-185457\run03-stdout.log,1438,e689a146302629c40dd3c761a8d5d352200fc1f5a9084c3d647bf299dbd678c7,True
C:\Users\Student\atomicbot-retest-20260716\logs\atomicbot\AB-05\20260716-185457\run03-summary.json,2376,03a0945d5d6dcb57730574dfb38c86aa5be3104547ebe0ad55c2d3c39a0056aa,True
C:\Users\Student\atomicbot-retest-20260716\logs\atomicbot\AB-05\20260716-185457\warmup-combined.log,17765,b2303b0e12f4756fd89f954205321d57ce634935f2cf26bbc35d8d25a917ba2e,True
C:\Users\Student\atomicbot-retest-20260716\logs\atomicbot\AB-05\20260716-185457\warmup-command.json,1216,237466e3ae2aeca9ee8403874bf041e0c0962fcc6adeb064bfa7c448765dd7b8,True
C:\Users\Student\atomicbot-retest-20260716\logs\atomicbot\AB-05\20260716-185457\warmup-gpu-typeperf.csv,63109,dc433590086071d161808ae6126b9bc3df67802416e065a2e4f7e21b66b3850a,True
C:\Users\Student\atomicbot-retest-20260716\logs\atomicbot\AB-05\20260716-185457\warmup-metrics.csv,1228,63da87a1867656fd42207b7e1b1d86a6f4a0161fc4ac9c5a1d57577af2b3e91a,True
C:\Users\Student\atomicbot-retest-20260716\logs\atomicbot\AB-05\20260716-185457\warmup-stderr.log,14639,a7cda742ab217ba9fbea97ad794f7c20e82cb4bb328da4d26a41c65e9e9448bc,True
C:\Users\Student\atomicbot-retest-20260716\logs\atomicbot\AB-05\20260716-185457\warmup-stdout.log,1438,41ba2ce867e00379db5184386a4db3c840af4f42ef9dad949fba897af3a95938,True
C:\Users\Student\atomicbot-retest-20260716\logs\atomicbot\AB-05\20260716-185457\warmup-summary.json,2382,274ae043ea06f2742ed5d2987cba94b92778bfe9f7f613a25c1392f30578d8fd,True
C:\Users\Student\atomicbot-retest-20260716\logs\atomicbot\AB-06\20260716-185545\AB-06-formal-summary.json,14076,0689b22a3bbd4851e579f8da2f826447ec70d0cfd8e665a3d621842efa3810a6,True
C:\Users\Student\atomicbot-retest-20260716\logs\atomicbot\AB-06\20260716-185545\pilot-combined.log,17491,b2fa0cba85a247568dc9044fe46dff538ef8a7a3fd09f79992839535d2b68b6f,True
C:\Users\Student\atomicbot-retest-20260716\logs\atomicbot\AB-06\20260716-185545\pilot-command.json,1216,dcf8519bd646ad86d97cd86653c805db42db3b79beb2dad3b5948ba4a8964b4c,True
C:\Users\Student\atomicbot-retest-20260716\logs\atomicbot\AB-06\20260716-185545\pilot-gpu-typeperf.csv,52303,c23cea9839b812a412b1679136aa1878cc973b3d58b45c296e7ab87172acca5e,True
C:\Users\Student\atomicbot-retest-20260716\logs\atomicbot\AB-06\20260716-185545\pilot-metrics.csv,757,800ab33987b07ce9a4c99767708ea1572ba99c634f34d1d63245796060db513b,True
C:\Users\Student\atomicbot-retest-20260716\logs\atomicbot\AB-06\20260716-185545\pilot-stderr.log,14639,978a91389972fbb96b70f3374894f5c5b2bd94854b0d2e355a16e14d3182f603,True
C:\Users\Student\atomicbot-retest-20260716\logs\atomicbot\AB-06\20260716-185545\pilot-stdout.log,1187,eb2b40795ae15e45ec700cce48d5614b759136a97a2de862af06ee7217f0ede1,True
C:\Users\Student\atomicbot-retest-20260716\logs\atomicbot\AB-06\20260716-185545\pilot-summary.json,2125,09722be54d520907a3ca76f367497920b352f50cf4546e6b86090231bde36751,True
C:\Users\Student\atomicbot-retest-20260716\logs\atomicbot\AB-06\20260716-185545\run01-combined.log,17779,0ffe7e7480ca33e33b9beb57bfbbf97fe5daddd6415bb02f84fc60e0368af42a,True
C:\Users\Student\atomicbot-retest-20260716\logs\atomicbot\AB-06\20260716-185545\run01-command.json,1216,98e03e202e6678394d86c906e4ab536550f60e03f197a9028c11809d1b31917b,True
C:\Users\Student\atomicbot-retest-20260716\logs\atomicbot\AB-06\20260716-185545\run01-gpu-typeperf.csv,63109,11098e7e19b3b8eb2125f779373c5b52ad6e2473bf9a0f6232ea7126f62cbddb,True
C:\Users\Student\atomicbot-retest-20260716\logs\atomicbot\AB-06\20260716-185545\run01-metrics.csv,1227,753fe190c5031dc91e7353371d26ccfbfd40dd78b1f421c7beef73d8d222dbc0,True
C:\Users\Student\atomicbot-retest-20260716\logs\atomicbot\AB-06\20260716-185545\run01-stderr.log,14639,34c5e7d48e73e2db5a3820e97f23ec6301bdb68c4014af0ede1d8ebfbdfe0d51,True
C:\Users\Student\atomicbot-retest-20260716\logs\atomicbot\AB-06\20260716-185545\run01-stdout.log,1452,4c2e383e88d5e6aa87c930f04c1eb1335e7c97426821a42fbbbcb3e6cb000fae,True
C:\Users\Student\atomicbot-retest-20260716\logs\atomicbot\AB-06\20260716-185545\run01-summary.json,2390,63294af398d5eb11885505ed2fd3a4ffa175a1a014431f85680c926eed61d845,True
C:\Users\Student\atomicbot-retest-20260716\logs\atomicbot\AB-06\20260716-185545\run02-combined.log,17779,11ab7cbd9d4d4cb61fcbb10f6641c4385b5d9241a6aa6249bf0a4384772e4345,True
C:\Users\Student\atomicbot-retest-20260716\logs\atomicbot\AB-06\20260716-185545\run02-command.json,1216,98e03e202e6678394d86c906e4ab536550f60e03f197a9028c11809d1b31917b,True
C:\Users\Student\atomicbot-retest-20260716\logs\atomicbot\AB-06\20260716-185545\run02-gpu-typeperf.csv,63109,fa2ce9d20cc3bd76b0bc8896c030b43162c84165f3ce37869aaa32eaee3394fb,True
C:\Users\Student\atomicbot-retest-20260716\logs\atomicbot\AB-06\20260716-185545\run02-metrics.csv,1208,d5961a21f980d6364949359ea44a069d0eef530e5cfd38f8de4168d04a50a93b,True
C:\Users\Student\atomicbot-retest-20260716\logs\atomicbot\AB-06\20260716-185545\run02-stderr.log,14639,4eb8bf3176098f75145b8eb2a210d907aaf1f86c26db1bbcf456172472a15236,True
C:\Users\Student\atomicbot-retest-20260716\logs\atomicbot\AB-06\20260716-185545\run02-stdout.log,1452,f9a0205d0ff74abc50afc0c8f5bce386024d4fe75739591d61bf59bae48a4117,True
C:\Users\Student\atomicbot-retest-20260716\logs\atomicbot\AB-06\20260716-185545\run02-summary.json,2390,b5fe6b3aeba884a7af540678a952a7f33ec755864eecf4d1efe12675435c2fc1,True
C:\Users\Student\atomicbot-retest-20260716\logs\atomicbot\AB-06\20260716-185545\run03-combined.log,17779,58f6087b83097d7afa785f742fefbd05e1bb141befc4a8b56cf3a7a67e15a591,True
C:\Users\Student\atomicbot-retest-20260716\logs\atomicbot\AB-06\20260716-185545\run03-command.json,1216,98e03e202e6678394d86c906e4ab536550f60e03f197a9028c11809d1b31917b,True
C:\Users\Student\atomicbot-retest-20260716\logs\atomicbot\AB-06\20260716-185545\run03-gpu-typeperf.csv,63109,03f7fbf41fc238eb59ba7ea7ec409a4d7a795f2c64be2f08d5e76f6fc0a984a9,True
C:\Users\Student\atomicbot-retest-20260716\logs\atomicbot\AB-06\20260716-185545\run03-metrics.csv,1234,7a76843f38d1c35dc45b0ec8090cab2aa4e782173ed82c128fa4ebce541bc354,True
C:\Users\Student\atomicbot-retest-20260716\logs\atomicbot\AB-06\20260716-185545\run03-stderr.log,14639,a2cd7f63e6d6e3e7e69e5c6c512cd6f6e260e875ce5d88a7dc80c75c3046e9ec,True
C:\Users\Student\atomicbot-retest-20260716\logs\atomicbot\AB-06\20260716-185545\run03-stdout.log,1452,64b47825871879e5e49dbfd3060a35bcf14918b1b5d57189e2ef16b1e413fa09,True
C:\Users\Student\atomicbot-retest-20260716\logs\atomicbot\AB-06\20260716-185545\run03-summary.json,2389,8c37e706322934b67a8bb39f3b0d2361ba5ec9c987b4701cf731abac166f499b,True
C:\Users\Student\atomicbot-retest-20260716\logs\atomicbot\AB-06\20260716-185545\warmup-combined.log,17779,630cbf9c62170edc33988eb3d136e82957f3bea5076395f9373589fbdb18133f,True
C:\Users\Student\atomicbot-retest-20260716\logs\atomicbot\AB-06\20260716-185545\warmup-command.json,1216,98e03e202e6678394d86c906e4ab536550f60e03f197a9028c11809d1b31917b,True
C:\Users\Student\atomicbot-retest-20260716\logs\atomicbot\AB-06\20260716-185545\warmup-gpu-typeperf.csv,63109,41c84cce64264f328a5b109ebe6ac476ca0f2e9d746f3c93ed84e591c1b1c5bd,True
C:\Users\Student\atomicbot-retest-20260716\logs\atomicbot\AB-06\20260716-185545\warmup-metrics.csv,1215,18f361c6fd5a222d95237c9c4527766c1f401d7e017d97579bb414f946fbd957,True
C:\Users\Student\atomicbot-retest-20260716\logs\atomicbot\AB-06\20260716-185545\warmup-stderr.log,14639,d9e1dd63a6eb59cbd8f714655cf89f0c0f9d83acc5e10ea7085877383a0ba473,True
C:\Users\Student\atomicbot-retest-20260716\logs\atomicbot\AB-06\20260716-185545\warmup-stdout.log,1452,77f271f6bb6a40b6b8421c6b1f5938914aaf38885beed2905fba81d651b51e5d,True
C:\Users\Student\atomicbot-retest-20260716\logs\atomicbot\AB-06\20260716-185545\warmup-summary.json,2397,a0386b95ad0043b60bd19832efce761d75ad8df2786da68ba917934ebdd825e7,True
C:\Users\Student\atomicbot-retest-20260716\logs\atomicbot\AB-07\20260716-185633\AB-07-formal-summary.json,13844,ad03baa6311e56ad19a3926ff68f3e862b182a9ba161905c63049b4b1acfa382,True
C:\Users\Student\atomicbot-retest-20260716\logs\atomicbot\AB-07\20260716-185633\pilot-combined.log,17569,d0fabdb2d4dd0f2f7ff9cf7e4c72ff203f2eb07507fe79396f63425eb014e118,True
C:\Users\Student\atomicbot-retest-20260716\logs\atomicbot\AB-07\20260716-185633\pilot-command.json,1216,d53ee0d88cc3d273ba68151439e9b57dc5b818d39e74b97b817c2440813dd912,True
C:\Users\Student\atomicbot-retest-20260716\logs\atomicbot\AB-07\20260716-185633\pilot-gpu-typeperf.csv,52303,53554377bdbc9f36d390ff37ec6fe28878c18516c5b53f7471385255cffa96be,True
C:\Users\Student\atomicbot-retest-20260716\logs\atomicbot\AB-07\20260716-185633\pilot-metrics.csv,688,5e555270e7f7e9ae1ffeaaf287bcf314f6cbdd839499e89ddea33a5198496244,True
C:\Users\Student\atomicbot-retest-20260716\logs\atomicbot\AB-07\20260716-185633\pilot-stderr.log,14736,a98d893bbc6268d3579333b2889e8628ad1eababcec2fd2c18ba8abf8f36f602,True
C:\Users\Student\atomicbot-retest-20260716\logs\atomicbot\AB-07\20260716-185633\pilot-stdout.log,1167,c6c052ddf3441021bce05e71af5e1ff6598ab4827876d9e1854ee6257832eb5b,True
C:\Users\Student\atomicbot-retest-20260716\logs\atomicbot\AB-07\20260716-185633\pilot-summary.json,2120,e7e07460d009c10c694ebcf89ec2e6fa2fabbe711b783100f4fb787528a25a73,True
C:\Users\Student\atomicbot-retest-20260716\logs\atomicbot\AB-07\20260716-185633\run01-combined.log,17803,9d7a05dc8896475e4bb8b564b7f72c155509a952daf50c45b54fffe9bca4e6f4,True
C:\Users\Student\atomicbot-retest-20260716\logs\atomicbot\AB-07\20260716-185633\run01-command.json,1216,dc4bf2a1be3e09cf2cc7d094209c4bf22bdc2f0c9fdc0dcbc3f4aa0972908465,True
C:\Users\Student\atomicbot-retest-20260716\logs\atomicbot\AB-07\20260716-185633\run01-gpu-typeperf.csv,63109,a1efa82763d912f07308dc6ee8281b960ccadbb110aeba4cb2ca6a47873717d1,True
C:\Users\Student\atomicbot-retest-20260716\logs\atomicbot\AB-07\20260716-185633\run01-metrics.csv,1238,e33fb654f1df0b700416d87a67161d714f607541fc8a5df53bebace4852dffae,True
C:\Users\Student\atomicbot-retest-20260716\logs\atomicbot\AB-07\20260716-185633\run01-stderr.log,14737,867d945b454642e371026797292e0a2c8c774f170648226c5649bcd5f72e2c14,True
C:\Users\Student\atomicbot-retest-20260716\logs\atomicbot\AB-07\20260716-185633\run01-stdout.log,1377,b845e8e9b1945ae7c77f411a828a14d8d5e96cca1bc42e4a688b78046f190353,True
C:\Users\Student\atomicbot-retest-20260716\logs\atomicbot\AB-07\20260716-185633\run01-summary.json,2331,b6a6bd9e45749e9fb058fc95605fb9e9781041ddb20b14118121ae2f46af7b1b,True
C:\Users\Student\atomicbot-retest-20260716\logs\atomicbot\AB-07\20260716-185633\run02-combined.log,17803,406caebd5aeed300881dd3aa2af6ecb00a9e9fc9bd9c72441aa37e951ebae34d,True
C:\Users\Student\atomicbot-retest-20260716\logs\atomicbot\AB-07\20260716-185633\run02-command.json,1216,dc4bf2a1be3e09cf2cc7d094209c4bf22bdc2f0c9fdc0dcbc3f4aa0972908465,True
C:\Users\Student\atomicbot-retest-20260716\logs\atomicbot\AB-07\20260716-185633\run02-gpu-typeperf.csv,63109,b1816fa6c9f46353777132cb982ac7795c3fc90a5f9ce1ff8094b9f909d254a0,True
C:\Users\Student\atomicbot-retest-20260716\logs\atomicbot\AB-07\20260716-185633\run02-metrics.csv,1159,d7da2d90e3edc974740c187a344adb8c1c11512a2d6d6c576df21bf2026a1b88,True
C:\Users\Student\atomicbot-retest-20260716\logs\atomicbot\AB-07\20260716-185633\run02-stderr.log,14737,4a05f6042bd5509a2a04b0d062180fa689353ef32951c7b6f449859061abfc89,True
C:\Users\Student\atomicbot-retest-20260716\logs\atomicbot\AB-07\20260716-185633\run02-stdout.log,1377,86f92e5c9be8d089bc7244d4ffeb8002fab146b741b220dfd11eee5de3d87784,True
C:\Users\Student\atomicbot-retest-20260716\logs\atomicbot\AB-07\20260716-185633\run02-summary.json,2330,1b35dd3de343e80232f0eaffe985483602e7a0a66fdfb29c5ce8acaedf169471,True
C:\Users\Student\atomicbot-retest-20260716\logs\atomicbot\AB-07\20260716-185633\run03-combined.log,17803,7bb9266dd7e0f8b0f971e71a47a8b23ba9c96fe79a4e77153ee4a3b8c92ffc9c,True
C:\Users\Student\atomicbot-retest-20260716\logs\atomicbot\AB-07\20260716-185633\run03-command.json,1216,dc4bf2a1be3e09cf2cc7d094209c4bf22bdc2f0c9fdc0dcbc3f4aa0972908465,True
C:\Users\Student\atomicbot-retest-20260716\logs\atomicbot\AB-07\20260716-185633\run03-gpu-typeperf.csv,63109,4024109b2df1dcb40e00cdc46f8f08f876275e5a29f289f683b43be53053dafb,True
C:\Users\Student\atomicbot-retest-20260716\logs\atomicbot\AB-07\20260716-185633\run03-metrics.csv,1196,bca4635dabca5af31a524d801c7db6690abf3fb78dc4f2cc91a5c9466238dcd1,True
C:\Users\Student\atomicbot-retest-20260716\logs\atomicbot\AB-07\20260716-185633\run03-stderr.log,14737,6dab78e34b2e1c3771ff7c8b7c6d4bacc8aa21e22716de9c1134fee34e23fb11,True
C:\Users\Student\atomicbot-retest-20260716\logs\atomicbot\AB-07\20260716-185633\run03-stdout.log,1377,a067fbc2ecf82d87138d002aec81559521f75ed82d1d990a1fbeffbd141d07de,True
C:\Users\Student\atomicbot-retest-20260716\logs\atomicbot\AB-07\20260716-185633\run03-summary.json,2330,d0ee0d7b2c0503728990011ce953569a33f800df2f2f004eed4d4126493319ba,True
C:\Users\Student\atomicbot-retest-20260716\logs\atomicbot\AB-07\20260716-185633\warmup-combined.log,17803,b190f8c9f69d8b8651a61ac43dd7e4c8db27d284199c74c82ce1ae4eb9583d9d,True
C:\Users\Student\atomicbot-retest-20260716\logs\atomicbot\AB-07\20260716-185633\warmup-command.json,1216,dc4bf2a1be3e09cf2cc7d094209c4bf22bdc2f0c9fdc0dcbc3f4aa0972908465,True
C:\Users\Student\atomicbot-retest-20260716\logs\atomicbot\AB-07\20260716-185633\warmup-gpu-typeperf.csv,63109,dbe1a28d510483be3956db3bb32af708fead2a19edee46f9c6380d49ef8cc393,True
C:\Users\Student\atomicbot-retest-20260716\logs\atomicbot\AB-07\20260716-185633\warmup-metrics.csv,1236,117a515a25a6dca4724786da1618b3ce64d76380947753e5999207233d5a9aa2,True
C:\Users\Student\atomicbot-retest-20260716\logs\atomicbot\AB-07\20260716-185633\warmup-stderr.log,14737,dda25209c826a787b19444d44b68b72001aa7adaeccc9c6de0708a7e656de076,True
C:\Users\Student\atomicbot-retest-20260716\logs\atomicbot\AB-07\20260716-185633\warmup-stdout.log,1377,dab1651e5c877f0931f59d99f58e04db4551c74358a1ca28bb3a49f07049f165,True
C:\Users\Student\atomicbot-retest-20260716\logs\atomicbot\AB-07\20260716-185633\warmup-summary.json,2337,05e1a7957a37b8bdc486914075b469898699ba7bb039b13fb857ccf740881e95,True
C:\Users\Student\atomicbot-retest-20260716\logs\atomicbot\AB-08F\20260716-185720\AB-08F-formal-summary.json,14237,bb2b640a5edab6aad0fc0131de96362e0490e2bcac9539a3ba4f5691047e1687,True
C:\Users\Student\atomicbot-retest-20260716\logs\atomicbot\AB-08F\20260716-185720\pilot-combined.log,17209,210f791acc4d3f1a20dade5bc5aba4cb74b51b3305e16613b5aaee4f86e19b60,True
C:\Users\Student\atomicbot-retest-20260716\logs\atomicbot\AB-08F\20260716-185720\pilot-command.json,1210,4ab653586102066e77c6a26cd077ad49f6c0172c31169395c008378087f68a2b,True
C:\Users\Student\atomicbot-retest-20260716\logs\atomicbot\AB-08F\20260716-185720\pilot-gpu-typeperf.csv,113537,169a4e3a603448f73e91389f923edfea2317c378a1c632bfdd826603d15b8593,True
C:\Users\Student\atomicbot-retest-20260716\logs\atomicbot\AB-08F\20260716-185720\pilot-metrics.csv,3017,aed7baa325028fef12b10def70090f9b68c56e49164cd42a5629bda492603281,True
C:\Users\Student\atomicbot-retest-20260716\logs\atomicbot\AB-08F\20260716-185720\pilot-stderr.log,14377,766c0f39db3a961684158ac56109ae85a105b260f5ad1f83300dfe415297a6d3,True
C:\Users\Student\atomicbot-retest-20260716\logs\atomicbot\AB-08F\20260716-185720\pilot-stdout.log,1193,a219ef2faaa237b422c802f836d33b40eb785790d85fa233fd433d37ce89d664,True
C:\Users\Student\atomicbot-retest-20260716\logs\atomicbot\AB-08F\20260716-185720\pilot-summary.json,2135,4b099274c283cabb87e258ada8c9e122d24d5b919e09bd1bc6e1d45a7573faac,True
C:\Users\Student\atomicbot-retest-20260716\logs\atomicbot\AB-08F\20260716-185720\run01-combined.log,17528,954c2743b0185071353d0dc3a91cf726cbad6b9fac1a789534cff55477e00d51,True
C:\Users\Student\atomicbot-retest-20260716\logs\atomicbot\AB-08F\20260716-185720\run01-command.json,1210,e30ed49ce24628dea9a2bc410830649acf0138a1cfbce66ca1fcef9c9953af6a,True
C:\Users\Student\atomicbot-retest-20260716\logs\atomicbot\AB-08F\20260716-185720\run01-gpu-typeperf.csv,95527,4646734d536f1a7eb05c37db6193a836f7342fcd10a48cacc9f1ae86706d1a2d,True
C:\Users\Student\atomicbot-retest-20260716\logs\atomicbot\AB-08F\20260716-185720\run01-metrics.csv,2416,6c6165f645f776ff55007cb75901281ff39e7d23a2246ee0995e0f332fbec4f1,True
C:\Users\Student\atomicbot-retest-20260716\logs\atomicbot\AB-08F\20260716-185720\run01-stderr.log,14378,6bc19fdc62501f54e18c237bef3a49ad2a674aeaa2320838e64e26231ed9a8a7,True
C:\Users\Student\atomicbot-retest-20260716\logs\atomicbot\AB-08F\20260716-185720\run01-stdout.log,1488,af2dc8c6942f7e5cd36197fb1955a25c30f8be63207c77be3dbbdd0b83f380da,True
C:\Users\Student\atomicbot-retest-20260716\logs\atomicbot\AB-08F\20260716-185720\run01-summary.json,2431,8280d0a7465611a9286042ae0ecaad8f28e4296d7bb13e3f9ffcf8da90cc60f4,True
C:\Users\Student\atomicbot-retest-20260716\logs\atomicbot\AB-08F\20260716-185720\run02-combined.log,17528,b011d8683dbced18046ef0da36a7155dd9f0f92d696d308ca0dee53271c42a77,True
C:\Users\Student\atomicbot-retest-20260716\logs\atomicbot\AB-08F\20260716-185720\run02-command.json,1210,e30ed49ce24628dea9a2bc410830649acf0138a1cfbce66ca1fcef9c9953af6a,True
C:\Users\Student\atomicbot-retest-20260716\logs\atomicbot\AB-08F\20260716-185720\run02-gpu-typeperf.csv,95527,108d74a8fccab6c0af5288ca43a3b743ad8be046efde493d4a277677d9684b1a,True
C:\Users\Student\atomicbot-retest-20260716\logs\atomicbot\AB-08F\20260716-185720\run02-metrics.csv,2425,02e12fbfc7560dec02ebe16100938e46b9fa6643a5482462f0511aa7dee13909,True
C:\Users\Student\atomicbot-retest-20260716\logs\atomicbot\AB-08F\20260716-185720\run02-stderr.log,14378,97afaabff5bd57fd01f6e9fe2eb89e88a3fd265ef140fcce1e34bb6ea10fb7ce,True
C:\Users\Student\atomicbot-retest-20260716\logs\atomicbot\AB-08F\20260716-185720\run02-stdout.log,1488,889685cf280abfac43c747861edf153d44b0a924dfc3448514dc73949df13104,True
C:\Users\Student\atomicbot-retest-20260716\logs\atomicbot\AB-08F\20260716-185720\run02-summary.json,2429,6350f651d267617335608e3edfebf48e8522b415696e7b1986e2de1b2c492af8,True
C:\Users\Student\atomicbot-retest-20260716\logs\atomicbot\AB-08F\20260716-185720\run03-combined.log,17528,f91288dd6c05357d08a1f0bbe19e138f3ee3776ff4ad14ecb2d9b68bc992c36b,True
C:\Users\Student\atomicbot-retest-20260716\logs\atomicbot\AB-08F\20260716-185720\run03-command.json,1210,e30ed49ce24628dea9a2bc410830649acf0138a1cfbce66ca1fcef9c9953af6a,True
C:\Users\Student\atomicbot-retest-20260716\logs\atomicbot\AB-08F\20260716-185720\run03-gpu-typeperf.csv,95527,546db981c4511573bf3067a8740dc166d16455ef940a0c9344b66f07ed33a391,True
C:\Users\Student\atomicbot-retest-20260716\logs\atomicbot\AB-08F\20260716-185720\run03-metrics.csv,2413,131e9a7a0b5ef889a0cf9631912e0ff2af78b1bcd1cc095b41d7565cec34640a,True
C:\Users\Student\atomicbot-retest-20260716\logs\atomicbot\AB-08F\20260716-185720\run03-stderr.log,14378,9113b85b35b7e1caf1b147199bfb6e0632269a89a8d1213407e4ae811445a727,True
C:\Users\Student\atomicbot-retest-20260716\logs\atomicbot\AB-08F\20260716-185720\run03-stdout.log,1488,e04b0e19b8b903b94dd6b08f24613c017fbddf0171e46de3a606c02e425b6ded,True
C:\Users\Student\atomicbot-retest-20260716\logs\atomicbot\AB-08F\20260716-185720\run03-summary.json,2427,3ab7db995b71670148772a983420286c3bef794ee0d9f153140957e5e6c27a29,True
C:\Users\Student\atomicbot-retest-20260716\logs\atomicbot\AB-08F\20260716-185720\warmup-combined.log,17528,b81908da1f17ac6841af4d46f8f4295962ceec5a770f2c23b47266e222eab9c0,True
C:\Users\Student\atomicbot-retest-20260716\logs\atomicbot\AB-08F\20260716-185720\warmup-command.json,1210,e30ed49ce24628dea9a2bc410830649acf0138a1cfbce66ca1fcef9c9953af6a,True
C:\Users\Student\atomicbot-retest-20260716\logs\atomicbot\AB-08F\20260716-185720\warmup-gpu-typeperf.csv,95527,418e5bf35f0cfe26a85d0d4dbd6df25f53883aa7381094138a664bce24091875,True
C:\Users\Student\atomicbot-retest-20260716\logs\atomicbot\AB-08F\20260716-185720\warmup-metrics.csv,2422,5ca2faacd2a305c68beb6f651cd4efc494ffd04ddbed6fd56837aa94e08f2f35,True
C:\Users\Student\atomicbot-retest-20260716\logs\atomicbot\AB-08F\20260716-185720\warmup-stderr.log,14378,31c40f7716f968e518efd6e857db0ed2540fa33031ac5b9a957fcc1d69eb00c0,True
C:\Users\Student\atomicbot-retest-20260716\logs\atomicbot\AB-08F\20260716-185720\warmup-stdout.log,1488,3ae71adbcde1a727f1fd8c7068396b0c036148a9ce9ee01bdaac762954a7270c,True
C:\Users\Student\atomicbot-retest-20260716\logs\atomicbot\AB-08F\20260716-185720\warmup-summary.json,2436,f8f60687d6d9786bf7253768854719d3cb68131a0c2ce8cd986659da2df77b6e,True
C:\Users\Student\atomicbot-retest-20260716\logs\atomicbot\AB-08Q\20260716-185924\AB-08Q-formal-summary.json,8785,d3a412588036a1120afc85394e22354af47e31ab57e9f2691869d4d0f3b3cf6e,True
C:\Users\Student\atomicbot-retest-20260716\logs\atomicbot\AB-08Q\20260716-185924\pilot-combined.log,17211,cdc3187ae1881b4c987d88bc5eb912045e358c39b88e456d0b4f7e30d6a8a058,True
C:\Users\Student\atomicbot-retest-20260716\logs\atomicbot\AB-08Q\20260716-185924\pilot-command.json,1212,a8a709af2198183d967e93f8458f3045ac0448a15593d5f5c1ad1762ad06a854,True
C:\Users\Student\atomicbot-retest-20260716\logs\atomicbot\AB-08Q\20260716-185924\pilot-gpu-typeperf.csv,70313,39158dc87a7e5d7b194d15529095369e7aeebf43d52ac53d34acf900456bd0d7,True
C:\Users\Student\atomicbot-retest-20260716\logs\atomicbot\AB-08Q\20260716-185924\pilot-metrics.csv,1486,6033d03fc6c50465a9e137555824e9fd410e92b20c06ea60890c2f8926b31b22,True
C:\Users\Student\atomicbot-retest-20260716\logs\atomicbot\AB-08Q\20260716-185924\pilot-stderr.log,14379,74450cbbe91788615df70221ef40d060c6f569c51ab2fd926b2c7db22c404600,True
C:\Users\Student\atomicbot-retest-20260716\logs\atomicbot\AB-08Q\20260716-185924\pilot-stdout.log,1193,453da16aff271f67bca17416c55d257b654b9b76ca135d136ef60c6f1ec23d1d,True
C:\Users\Student\atomicbot-retest-20260716\logs\atomicbot\AB-08Q\20260716-185924\pilot-summary.json,2135,a5409deccf82446af3102b1b30ec048ef7cd5b877dc6eb7335abb7a8e478d0eb,True
C:\Users\Student\atomicbot-retest-20260716\logs\atomicbot\AB-08Q\20260716-185924\run01-combined.log,17456,2fa23dc38fe7f3e91b322ff6b48cd6efdb50b7261db025de71848805817dbc74,True
C:\Users\Student\atomicbot-retest-20260716\logs\atomicbot\AB-08Q\20260716-185924\run01-command.json,1212,c9c9120f5e1088bb2110b84769117418acdefbb3985d2edcbb3e42f5a02adb6b,True
C:\Users\Student\atomicbot-retest-20260716\logs\atomicbot\AB-08Q\20260716-185924\run01-gpu-typeperf.csv,95527,6283044860118c3707419d39693e4fc9d162af542ac28dddf7570a3e1046f492,True
C:\Users\Student\atomicbot-retest-20260716\logs\atomicbot\AB-08Q\20260716-185924\run01-metrics.csv,2336,5ac462928ad1982988bc21b3d17cfe8430f0b54190a400eda74340e5ae96da73,True
C:\Users\Student\atomicbot-retest-20260716\logs\atomicbot\AB-08Q\20260716-185924\run01-stderr.log,14380,ee5df216aa5b1788319c1dd09b19899f8b03fd32b133c0294522e32225e32758,True
C:\Users\Student\atomicbot-retest-20260716\logs\atomicbot\AB-08Q\20260716-185924\run01-stdout.log,1419,2fdd22c897f3a74fcd44a818e04b50d911ffff9286fae7ef4d3986f8fdad4305,True
C:\Users\Student\atomicbot-retest-20260716\logs\atomicbot\AB-08Q\20260716-185924\run01-summary.json,2426,86119c15ee6ab4204caaeae142f22b3ef5474d92576798f2d587092039e14935,True
C:\Users\Student\atomicbot-retest-20260716\logs\atomicbot\AB-08Q\20260716-185924\warmup-combined.log,17523,7d1ba9462cc8f07fcfcf428ffdb54a959e974babf24ff494911b11a3c32c93e5,True
C:\Users\Student\atomicbot-retest-20260716\logs\atomicbot\AB-08Q\20260716-185924\warmup-command.json,1212,c9c9120f5e1088bb2110b84769117418acdefbb3985d2edcbb3e42f5a02adb6b,True
C:\Users\Student\atomicbot-retest-20260716\logs\atomicbot\AB-08Q\20260716-185924\warmup-gpu-typeperf.csv,95527,d158df5c57eba8ac4e6867a6e213dff59a760a941221e7a346e543184d2f6dad,True
C:\Users\Student\atomicbot-retest-20260716\logs\atomicbot\AB-08Q\20260716-185924\warmup-metrics.csv,2424,1f45015c4cd9cbc51f5e86f6a56143649d7551c593430b348be0658948bbea3d,True
C:\Users\Student\atomicbot-retest-20260716\logs\atomicbot\AB-08Q\20260716-185924\warmup-stderr.log,14380,f7922b97fa671af449eff4933fdb9ce0708628a3a44927a4c6f2f90900513a9a,True
C:\Users\Student\atomicbot-retest-20260716\logs\atomicbot\AB-08Q\20260716-185924\warmup-stdout.log,1481,d15688d2020c35b670a74586ba5cc551dbbd7149e146bc4bce862032ea67895d,True
C:\Users\Student\atomicbot-retest-20260716\logs\atomicbot\AB-08Q\20260716-185924\warmup-summary.json,2430,d94f818cb303214dfb683a359435b613e644b9a2c5f8af55157f69123e6641f6,True
C:\Users\Student\atomicbot-retest-20260716\logs\atomicbot\AB-08Q\20260716-195050\AB-08Q-formal-summary.json,14231,4e1efa0a020475a2024bb39d55ba20505552097cd914625a80707054e59d3eee,True
C:\Users\Student\atomicbot-retest-20260716\logs\atomicbot\AB-08Q\20260716-195050\pilot-combined.log,17211,67b3940278d79123d0b839fa68c8acea93bfb9cfbe05493126e01f8509e4643f,True
C:\Users\Student\atomicbot-retest-20260716\logs\atomicbot\AB-08Q\20260716-195050\pilot-command.json,1212,a8a709af2198183d967e93f8458f3045ac0448a15593d5f5c1ad1762ad06a854,True
C:\Users\Student\atomicbot-retest-20260716\logs\atomicbot\AB-08Q\20260716-195050\pilot-gpu-typeperf.csv,70313,4e89c1558f1cc1b63302a819cf921f4dde95ed28f5d9b4813b8a745fd347e793,True
C:\Users\Student\atomicbot-retest-20260716\logs\atomicbot\AB-08Q\20260716-195050\pilot-metrics.csv,1416,00167c5d535608a98917dda2dfc371e775307245e6df6dbd4a5cda8e8b69d013,True
C:\Users\Student\atomicbot-retest-20260716\logs\atomicbot\AB-08Q\20260716-195050\pilot-stderr.log,14379,a1c3ab7e7679165eb5c31d70a242c6f02296d5a756c0867774b3542eebe9fbd4,True
C:\Users\Student\atomicbot-retest-20260716\logs\atomicbot\AB-08Q\20260716-195050\pilot-stdout.log,1193,33629985d44cb77c32ca2e479b7648b915cf2499e0737764dff4964cc6f61df0,True
C:\Users\Student\atomicbot-retest-20260716\logs\atomicbot\AB-08Q\20260716-195050\pilot-summary.json,2138,7601946f3a6472daafb3f29236c9e67790f291b679d36a25c15b94d031e8fdb4,True
C:\Users\Student\atomicbot-retest-20260716\logs\atomicbot\AB-08Q\20260716-195050\run01-combined.log,17523,319c3c58fa2990db40c2f9a5ec7418ae787e8a6170beb0225f584f7030aff884,True
C:\Users\Student\atomicbot-retest-20260716\logs\atomicbot\AB-08Q\20260716-195050\run01-command.json,1212,c9c9120f5e1088bb2110b84769117418acdefbb3985d2edcbb3e42f5a02adb6b,True
C:\Users\Student\atomicbot-retest-20260716\logs\atomicbot\AB-08Q\20260716-195050\run01-gpu-typeperf.csv,95527,389b4bddd3a5dd9899cfaac7779de46a06e90dacea3b3ccfa1cd1d28b3254da9,True
C:\Users\Student\atomicbot-retest-20260716\logs\atomicbot\AB-08Q\20260716-195050\run01-metrics.csv,2375,1e8633f8ed2a2e52e05592b831f2dd335b9754fdbc6856e51acedc272c0e26e1,True
C:\Users\Student\atomicbot-retest-20260716\logs\atomicbot\AB-08Q\20260716-195050\run01-stderr.log,14380,b7909a4a4914d861e343bf33df62728e97ea1d4e9e9599334fc3fdf91f5551c3,True
C:\Users\Student\atomicbot-retest-20260716\logs\atomicbot\AB-08Q\20260716-195050\run01-stdout.log,1481,4277e9239b96b15962b5974f1ec5f32be1c766df44c86537ad153dba0b9092e7,True
C:\Users\Student\atomicbot-retest-20260716\logs\atomicbot\AB-08Q\20260716-195050\run01-summary.json,2426,88e85afee214266306050f9ab94b6659c10e6d3d9dd15a5b5ee6866f4a770bb3,True
C:\Users\Student\atomicbot-retest-20260716\logs\atomicbot\AB-08Q\20260716-195050\run02-combined.log,17523,452d5a8f781880cca89d9117bc3c5e6192b561ee3ad7cc817175760c0651948f,True
C:\Users\Student\atomicbot-retest-20260716\logs\atomicbot\AB-08Q\20260716-195050\run02-command.json,1212,c9c9120f5e1088bb2110b84769117418acdefbb3985d2edcbb3e42f5a02adb6b,True
C:\Users\Student\atomicbot-retest-20260716\logs\atomicbot\AB-08Q\20260716-195050\run02-gpu-typeperf.csv,91925,b8e529db259bcd7809bcebbddfbb0460b3a8589b5cab9de6c8a1f8018918656a,True
C:\Users\Student\atomicbot-retest-20260716\logs\atomicbot\AB-08Q\20260716-195050\run02-metrics.csv,2281,fed782a0f607e333748ede2dde86ac5448b6eee5d1a026e174dd772409b205db,True
C:\Users\Student\atomicbot-retest-20260716\logs\atomicbot\AB-08Q\20260716-195050\run02-stderr.log,14380,60b313f45427a39309913ad4c150ef5ac334719f3180a994132177a202eda62a,True
C:\Users\Student\atomicbot-retest-20260716\logs\atomicbot\AB-08Q\20260716-195050\run02-stdout.log,1481,95364874a471c6fc9e48fe347fed0c53d91d53314fe00c624bcde68c7d436823,True
C:\Users\Student\atomicbot-retest-20260716\logs\atomicbot\AB-08Q\20260716-195050\run02-summary.json,2425,cfe42a9ac061ff589dca00f20324b84af252dafaedc879ad2704afccdd0f2816,True
C:\Users\Student\atomicbot-retest-20260716\logs\atomicbot\AB-08Q\20260716-195050\run03-combined.log,17523,f4b15e913937a8bf51d1d52ca5544f6e17033dfaf42ca3d9afe56fdc91e2e455,True
C:\Users\Student\atomicbot-retest-20260716\logs\atomicbot\AB-08Q\20260716-195050\run03-command.json,1212,c9c9120f5e1088bb2110b84769117418acdefbb3985d2edcbb3e42f5a02adb6b,True
C:\Users\Student\atomicbot-retest-20260716\logs\atomicbot\AB-08Q\20260716-195050\run03-gpu-typeperf.csv,95527,483e552c23face68a671406c308d6c5bb14a4cc978494b2d979c078c7293ca68,True
C:\Users\Student\atomicbot-retest-20260716\logs\atomicbot\AB-08Q\20260716-195050\run03-metrics.csv,2357,e28a25c9a197183e961fe0983260ff4c4065ecb878262dc1267a6636da0ae24a,True
C:\Users\Student\atomicbot-retest-20260716\logs\atomicbot\AB-08Q\20260716-195050\run03-stderr.log,14380,f4490509cdc367f83d72b3a4e840e1228d7814691daeeffa11fd547a64c63f3b,True
C:\Users\Student\atomicbot-retest-20260716\logs\atomicbot\AB-08Q\20260716-195050\run03-stdout.log,1481,bd11a5f31da043e3989be69e4ff0b96152fd3a1f287e2845eb2d46256ae64afb,True
C:\Users\Student\atomicbot-retest-20260716\logs\atomicbot\AB-08Q\20260716-195050\run03-summary.json,2426,38e6d726dbe1d961c826634771cd2c1ebd51804637f874165b30a50c496829a3,True
C:\Users\Student\atomicbot-retest-20260716\logs\atomicbot\AB-08Q\20260716-195050\warmup-combined.log,17523,710aaf970af86f5f02bb97f18d9312f06abfaf1bf32236714f8e2bbfcdc5b0b5,True
C:\Users\Student\atomicbot-retest-20260716\logs\atomicbot\AB-08Q\20260716-195050\warmup-command.json,1212,c9c9120f5e1088bb2110b84769117418acdefbb3985d2edcbb3e42f5a02adb6b,True
C:\Users\Student\atomicbot-retest-20260716\logs\atomicbot\AB-08Q\20260716-195050\warmup-gpu-typeperf.csv,99129,724e0375bbb1e4948338a7969137cebe15214e95108f16500892609011d89e04,True
C:\Users\Student\atomicbot-retest-20260716\logs\atomicbot\AB-08Q\20260716-195050\warmup-metrics.csv,2573,2fd3fea1752020ab2cd0f56e1bebfe4ffb0637116420baf096cc0edb8d05c863,True
C:\Users\Student\atomicbot-retest-20260716\logs\atomicbot\AB-08Q\20260716-195050\warmup-stderr.log,14380,06617b878e64ebbc84897d4106631771682c2a745cc6bbc8f6b2343fba2921f7,True
C:\Users\Student\atomicbot-retest-20260716\logs\atomicbot\AB-08Q\20260716-195050\warmup-stdout.log,1481,3dbd066e8c6356dacd8059aef0658706ac1a3ff16f0f3903c6bdc669b8d9ffcb,True
C:\Users\Student\atomicbot-retest-20260716\logs\atomicbot\AB-08Q\20260716-195050\warmup-summary.json,2430,e81fa66879f141effdd53746252d554468767417d4c5606eda0077d57703ef72,True
C:\Users\Student\atomicbot-retest-20260716\logs\atomicbot\AB-09\20260716-190026\AB-09-formal-summary.json,14057,27e9b64683d431376d949124f887cb467e9fe187ed7eefb3fcb1bbcf1215cb09,True
C:\Users\Student\atomicbot-retest-20260716\logs\atomicbot\AB-09\20260716-190026\pilot-combined.log,17300,aeab3084e1af3295e12d2bd9c24f5ee1d315ce8a8fba80d03558ad4958e01b46,True
C:\Users\Student\atomicbot-retest-20260716\logs\atomicbot\AB-09\20260716-190026\pilot-command.json,1216,f95750531d66802284168b4c37c43f159ef603aafd340d278c8d46fa0304a5ea,True
C:\Users\Student\atomicbot-retest-20260716\logs\atomicbot\AB-09\20260716-190026\pilot-gpu-typeperf.csv,73915,7f252afc74323a619f0a9d66ee225880cd5c1bcb8a33cd69c0c434f959c4aa99,True
C:\Users\Student\atomicbot-retest-20260716\logs\atomicbot\AB-09\20260716-190026\pilot-metrics.csv,1615,847f263ad7a3e142caa87f397d8a598eed53f49ffab89e8abfbbb6cb5a547fa6,True
C:\Users\Student\atomicbot-retest-20260716\logs\atomicbot\AB-09\20260716-190026\pilot-stderr.log,14466,a2afd6076d0d4e1536e316bf4db05bd49d5edf4c61a2fa8904e0cf791c0e5cb7,True
C:\Users\Student\atomicbot-retest-20260716\logs\atomicbot\AB-09\20260716-190026\pilot-stdout.log,1194,42571ce6bf89ae0765573f94d48728a0fb558d6386df079b655dd0a521b17273,True
C:\Users\Student\atomicbot-retest-20260716\logs\atomicbot\AB-09\20260716-190026\pilot-summary.json,2133,0ba541789780d6819bb2cb609c04526a565ae0b1250f215c5144b187a421025d,True
C:\Users\Student\atomicbot-retest-20260716\logs\atomicbot\AB-09\20260716-190026\run01-combined.log,17572,f7a3837ff492f5ee1c9d0e66a87c7bc2e72e00d4951e449e9f796dba44607ef7,True
C:\Users\Student\atomicbot-retest-20260716\logs\atomicbot\AB-09\20260716-190026\run01-command.json,1216,1eb5ae8a9c9495817fafec61b24ba2e7e10e82a42721d581100027a3203971d5,True
C:\Users\Student\atomicbot-retest-20260716\logs\atomicbot\AB-09\20260716-190026\run01-gpu-typeperf.csv,99129,25bd1ed1159e328052c4565f5763bed8f61247af04fe8b26565760d80a7cbab3,True
C:\Users\Student\atomicbot-retest-20260716\logs\atomicbot\AB-09\20260716-190026\run01-metrics.csv,2558,3505be0e4a793ffca74afe09bb3cb56e9c2256df4c6261ffb564b1f0e6af0bff,True
C:\Users\Student\atomicbot-retest-20260716\logs\atomicbot\AB-09\20260716-190026\run01-stderr.log,14466,a10b36b2bf9378f557f6366cad40da1bbdea3ec3afde367cbd63b869bb280968,True
C:\Users\Student\atomicbot-retest-20260716\logs\atomicbot\AB-09\20260716-190026\run01-stdout.log,1443,5ab33fa2f3c4e8e4658d465526e88e6c3ddeef9a3aeba5a9eb2a269899f3c77b,True
C:\Users\Student\atomicbot-retest-20260716\logs\atomicbot\AB-09\20260716-190026\run01-summary.json,2384,0fd5fc1c22422be2bca15e75d7fd525236ba9159aafe3580856ab88911ab2ffa,True
C:\Users\Student\atomicbot-retest-20260716\logs\atomicbot\AB-09\20260716-190026\run02-combined.log,17572,0e847c6cb086daf1a8280d401930dc778fa21f7375b5a52a791cbfac1a0f43df,True
C:\Users\Student\atomicbot-retest-20260716\logs\atomicbot\AB-09\20260716-190026\run02-command.json,1216,1eb5ae8a9c9495817fafec61b24ba2e7e10e82a42721d581100027a3203971d5,True
C:\Users\Student\atomicbot-retest-20260716\logs\atomicbot\AB-09\20260716-190026\run02-gpu-typeperf.csv,102731,eaf62e75b21380651fb756e344dd21ed0d11cfe844b4dab83d9bf9feae781ca1,True
C:\Users\Student\atomicbot-retest-20260716\logs\atomicbot\AB-09\20260716-190026\run02-metrics.csv,2649,8da5fdee2f6f1fa6173e0ee57e42d8e5ad0eee2fc97420e9463643aebe391c65,True
C:\Users\Student\atomicbot-retest-20260716\logs\atomicbot\AB-09\20260716-190026\run02-stderr.log,14466,e5185ef2ed7e148ddf6122a11b1d846fa5f03ed16ac42d0a352fa4ee89791507,True
C:\Users\Student\atomicbot-retest-20260716\logs\atomicbot\AB-09\20260716-190026\run02-stdout.log,1443,581a3cdabbf504a73bc76a8454f0db1cd2bdc4c890e73810842fad87e8267c9d,True
C:\Users\Student\atomicbot-retest-20260716\logs\atomicbot\AB-09\20260716-190026\run02-summary.json,2383,7fbbbacd7fcf9cfd2f306f9495f53dd8d270552ab1ed393ea3e7433887ce9085,True
C:\Users\Student\atomicbot-retest-20260716\logs\atomicbot\AB-09\20260716-190026\run03-combined.log,17572,41e6584aef0d826296669ad49aba401d4c4225c7e209b3a4758e5036358da2e4,True
C:\Users\Student\atomicbot-retest-20260716\logs\atomicbot\AB-09\20260716-190026\run03-command.json,1216,1eb5ae8a9c9495817fafec61b24ba2e7e10e82a42721d581100027a3203971d5,True
C:\Users\Student\atomicbot-retest-20260716\logs\atomicbot\AB-09\20260716-190026\run03-gpu-typeperf.csv,102731,045886b66188d7c52f1bc57b310c278369387b264ca1677b38673c5e0dc68966,True
C:\Users\Student\atomicbot-retest-20260716\logs\atomicbot\AB-09\20260716-190026\run03-metrics.csv,2648,25244f29a9621175f0a95ec12a66a944f49b520e8c7b0166edee9822a5ebfc54,True
C:\Users\Student\atomicbot-retest-20260716\logs\atomicbot\AB-09\20260716-190026\run03-stderr.log,14466,bf38496733930db6b3a0ea72fca465ced82e6875f4fdfdbac2474c9c62baebc5,True
C:\Users\Student\atomicbot-retest-20260716\logs\atomicbot\AB-09\20260716-190026\run03-stdout.log,1443,ca06f9c9762d6937a08e7838c4316757faf1cc081f64e861caa7ce64b8182595,True
C:\Users\Student\atomicbot-retest-20260716\logs\atomicbot\AB-09\20260716-190026\run03-summary.json,2384,cbcdcd9aefc9d6869c1f6cfcbc4097d4178bd8ebff968e782a731cc925c2b5d1,True
C:\Users\Student\atomicbot-retest-20260716\logs\atomicbot\AB-09\20260716-190026\warmup-combined.log,17572,289ab85f7d4f329e6b32a3178199ee2594f8e6a9a9194c9591ab796e26614f36,True
C:\Users\Student\atomicbot-retest-20260716\logs\atomicbot\AB-09\20260716-190026\warmup-command.json,1216,1eb5ae8a9c9495817fafec61b24ba2e7e10e82a42721d581100027a3203971d5,True
C:\Users\Student\atomicbot-retest-20260716\logs\atomicbot\AB-09\20260716-190026\warmup-gpu-typeperf.csv,102731,af7eb0f02704afa59a9f200bb7fe3bd052b2a3049ddf2b357a7eb259c77b270c,True
C:\Users\Student\atomicbot-retest-20260716\logs\atomicbot\AB-09\20260716-190026\warmup-metrics.csv,2631,87a9eb2c9708d061d81dd106b6e5f218d69671c3df90e8e6c1906bcd21767dd7,True
C:\Users\Student\atomicbot-retest-20260716\logs\atomicbot\AB-09\20260716-190026\warmup-stderr.log,14466,95109f9c20e2360aa505c26dedd21095277b92c3a358501449d5fea672019f52,True
C:\Users\Student\atomicbot-retest-20260716\logs\atomicbot\AB-09\20260716-190026\warmup-stdout.log,1443,2ed17d895a67e8b17d7af216f2c2421158364396cccfb30260c5fb76308edeaa,True
C:\Users\Student\atomicbot-retest-20260716\logs\atomicbot\AB-09\20260716-190026\warmup-summary.json,2390,f4ddaf1ef931188575a9b0bdde534b0ecd67c144325c87e1ba3c5b424150e26c,True
C:\Users\Student\atomicbot-retest-20260716\logs\atomicbot\AB-10\20260716-190226\AB-10-formal-summary.json,14128,d590984145192c3e08b8499f383e6bb500d04c00c432f36cbf36f478b9389fb1,True
C:\Users\Student\atomicbot-retest-20260716\logs\atomicbot\AB-10\20260716-190226\pilot-combined.log,17274,40fd1e21cfb7ebef8df83b85e0ab7c743621a23df099da03a704e6e4b44d94b1,True
C:\Users\Student\atomicbot-retest-20260716\logs\atomicbot\AB-10\20260716-190226\pilot-command.json,1216,21d75d4eda727a876bab8710a9f27508205e1e85d36f3480c5568fb86f0cd4f3,True
C:\Users\Student\atomicbot-retest-20260716\logs\atomicbot\AB-10\20260716-190226\pilot-gpu-typeperf.csv,73915,52f52f7b3bae6d0f5d6f5a84f8861480a1355cfe130d8d50f1d1785110432dc6,True
C:\Users\Student\atomicbot-retest-20260716\logs\atomicbot\AB-10\20260716-190226\pilot-metrics.csv,1557,7779cda246fffbb703d2cdf086f5b0c373caa4b05942d2e920ad5f04d1268f64,True
C:\Users\Student\atomicbot-retest-20260716\logs\atomicbot\AB-10\20260716-190226\pilot-stderr.log,14466,39672d554f89b6c91de16b5f8b564a54db7440eb073caf20c0fdad1ff71e58a8,True
C:\Users\Student\atomicbot-retest-20260716\logs\atomicbot\AB-10\20260716-190226\pilot-stdout.log,1168,99c18dc67cea0b0e03de306a7a606f5a514804ff8068723b0f49b418069bd93c,True
C:\Users\Student\atomicbot-retest-20260716\logs\atomicbot\AB-10\20260716-190226\pilot-summary.json,2109,b380722ba95967a57573fd8b4ca8a1d81dd1906d7f36b35af81d5184be0f5959,True
C:\Users\Student\atomicbot-retest-20260716\logs\atomicbot\AB-10\20260716-190226\run01-combined.log,17599,fb0b98e5daa525e0ecca99d56eb5f4277f3a99f75e374f07735a565750448631,True
C:\Users\Student\atomicbot-retest-20260716\logs\atomicbot\AB-10\20260716-190226\run01-command.json,1216,0a4df5864bedabe9ad415a99726f3ded09d8508ad3b125bb79a4d86c81ca66b0,True
C:\Users\Student\atomicbot-retest-20260716\logs\atomicbot\AB-10\20260716-190226\run01-gpu-typeperf.csv,106333,148297d60b8f77187d34aa5584b5b878214debe2c246ce17d411f0a52f0535c8,True
C:\Users\Student\atomicbot-retest-20260716\logs\atomicbot\AB-10\20260716-190226\run01-metrics.csv,2795,e8d64d1037d637631b75688af140dd9ceaac2e25b5d2ad90736de6e91376b352,True
C:\Users\Student\atomicbot-retest-20260716\logs\atomicbot\AB-10\20260716-190226\run01-stderr.log,14467,76e7b2dc30175fa41b21dc3a7ec6d92f9e9ae03f61b2e53442eec2cdd512d82d,True
C:\Users\Student\atomicbot-retest-20260716\logs\atomicbot\AB-10\20260716-190226\run01-stdout.log,1469,4235840d07becbea6ccddf54221fb5fc26d130528ea9f1e4b6fc4f420ebc8cad,True
C:\Users\Student\atomicbot-retest-20260716\logs\atomicbot\AB-10\20260716-190226\run01-summary.json,2410,c356a7e7f10dd5148c0550d3c95f62606c9f40f7e05c1d24ccd0443823046a57,True
C:\Users\Student\atomicbot-retest-20260716\logs\atomicbot\AB-10\20260716-190226\run02-combined.log,17599,8afcfce5f9337307991bdcec2c6ba248abacb5364e096091550215e7c6fb4c3f,True
C:\Users\Student\atomicbot-retest-20260716\logs\atomicbot\AB-10\20260716-190226\run02-command.json,1216,0a4df5864bedabe9ad415a99726f3ded09d8508ad3b125bb79a4d86c81ca66b0,True
C:\Users\Student\atomicbot-retest-20260716\logs\atomicbot\AB-10\20260716-190226\run02-gpu-typeperf.csv,102731,323d01372eed7b934b1c7711aa2cc6d9ca98d79d4f695eb4439a922e005ab291,True
C:\Users\Student\atomicbot-retest-20260716\logs\atomicbot\AB-10\20260716-190226\run02-metrics.csv,2718,b25b211d20132c2308f91d18d1afddea0719e139b994222a09edcd3b212bdaca,True
C:\Users\Student\atomicbot-retest-20260716\logs\atomicbot\AB-10\20260716-190226\run02-stderr.log,14467,dcd142bd01494a4f4f6dfbe5deecb09ac4bf0fdac5989d72df32970b8ee0b765,True
C:\Users\Student\atomicbot-retest-20260716\logs\atomicbot\AB-10\20260716-190226\run02-stdout.log,1469,64e85deae75245e2a51f0f5d2fb39505721dc2bb55f5e2579c72388c9ef1fa3d,True
C:\Users\Student\atomicbot-retest-20260716\logs\atomicbot\AB-10\20260716-190226\run02-summary.json,2410,7083540bf760dd6b30a9b53628777fc05fefde633362c22f05313e8bd677dfd7,True
C:\Users\Student\atomicbot-retest-20260716\logs\atomicbot\AB-10\20260716-190226\run03-combined.log,17599,c59db9b3cbc87ee3fe3e53c5259882ee8c4dd77f1dc0908f83a49680a565b53d,True
C:\Users\Student\atomicbot-retest-20260716\logs\atomicbot\AB-10\20260716-190226\run03-command.json,1216,0a4df5864bedabe9ad415a99726f3ded09d8508ad3b125bb79a4d86c81ca66b0,True
C:\Users\Student\atomicbot-retest-20260716\logs\atomicbot\AB-10\20260716-190226\run03-gpu-typeperf.csv,106333,6aa09ae4238d591d682a6de63bf97452e586d3396eb26d3e7b27e6bec9aad397,True
C:\Users\Student\atomicbot-retest-20260716\logs\atomicbot\AB-10\20260716-190226\run03-metrics.csv,2760,44f941c95aa16538e668e172d8c2190c98e5da941c0c4e81d7d6fa7e8c2fb88f,True
C:\Users\Student\atomicbot-retest-20260716\logs\atomicbot\AB-10\20260716-190226\run03-stderr.log,14467,8b6b7b6d3abf9414a50a93dd5ec5b061d5e9538addcaf7a54a8e1990067ccaf5,True
C:\Users\Student\atomicbot-retest-20260716\logs\atomicbot\AB-10\20260716-190226\run03-stdout.log,1469,22e539c4077133bcf354a8f2776615b225eb0a613c322975dcc0a2506c4089ee,True
C:\Users\Student\atomicbot-retest-20260716\logs\atomicbot\AB-10\20260716-190226\run03-summary.json,2410,1234e1ed47e245366f5a43d3ea76a90b2b78019a114f25a1e5d89d4964f6fcce,True
C:\Users\Student\atomicbot-retest-20260716\logs\atomicbot\AB-10\20260716-190226\warmup-combined.log,17599,0d750f0c3fa8a4bae9559567e19fd55f8e70ce1944dfd680a31a6b7c523a8f32,True
C:\Users\Student\atomicbot-retest-20260716\logs\atomicbot\AB-10\20260716-190226\warmup-command.json,1216,0a4df5864bedabe9ad415a99726f3ded09d8508ad3b125bb79a4d86c81ca66b0,True
C:\Users\Student\atomicbot-retest-20260716\logs\atomicbot\AB-10\20260716-190226\warmup-gpu-typeperf.csv,102731,7224ade3da2fa12d2c9fa28d8f50e383a8eb2ed2f29790fafc419fa852659bf5,True
C:\Users\Student\atomicbot-retest-20260716\logs\atomicbot\AB-10\20260716-190226\warmup-metrics.csv,2668,6f3c27dff9c91854cd0c86606e1c992636fa9e202c5fd49f1804a9fb59e02eb0,True
C:\Users\Student\atomicbot-retest-20260716\logs\atomicbot\AB-10\20260716-190226\warmup-stderr.log,14467,523bb3763aa38d4889a5719f049bf60f4c71eae7c0f4fe188a11693704997cb2,True
C:\Users\Student\atomicbot-retest-20260716\logs\atomicbot\AB-10\20260716-190226\warmup-stdout.log,1469,de9b7a043a135ff56c4143f4d67227f30561311b7f67a02bcbc992994339d1a5,True
C:\Users\Student\atomicbot-retest-20260716\logs\atomicbot\AB-10\20260716-190226\warmup-summary.json,2414,05a756f50e1381df45505a080fa00d6d79ad6d1d59522042ed084fca0207f9a4,True
C:\Users\Student\atomicbot-retest-20260716\logs\atomicbot\AB-11\20260716-190428\AB-11-formal-summary.json,15901,92aa0beb047b769b0cb53dab11a679de8028f9a5b89ccc9bfd32367822d23975,True
C:\Users\Student\atomicbot-retest-20260716\logs\atomicbot\AB-11\20260716-190428\pilot-combined.log,17394,1ac8c1c493876380478c3667d134769896a1996941ae6f606c61703497c6c066,True
C:\Users\Student\atomicbot-retest-20260716\logs\atomicbot\AB-11\20260716-190428\pilot-command.json,1283,4084f04138953db83a515218ffec38ecf8d8908dfcb9477b184553e97756700c,True
C:\Users\Student\atomicbot-retest-20260716\logs\atomicbot\AB-11\20260716-190428\pilot-gpu-typeperf.csv,58153,afb7a6bbe29e4f86070a00eb74844be2288b09f21fdbad9a92ecf2986e390699,True
C:\Users\Student\atomicbot-retest-20260716\logs\atomicbot\AB-11\20260716-190428\pilot-metrics.csv,863,c12a03a35bd93744ee89757c57705cacb90ebdc72f517cae84d170374548abd2,True
C:\Users\Student\atomicbot-retest-20260716\logs\atomicbot\AB-11\20260716-190428\pilot-stderr.log,14566,76af728f8378aad8a6f4725916b10c40a917b97a36d3660d629be66f0106b7ac,True
C:\Users\Student\atomicbot-retest-20260716\logs\atomicbot\AB-11\20260716-190428\pilot-stdout.log,1187,33be8d9374f8d4b471d13b65963f672002171be95b731166fb70ace30abd82b4,True
C:\Users\Student\atomicbot-retest-20260716\logs\atomicbot\AB-11\20260716-190428\pilot-summary.json,2462,a99dbb2a00eac1824b30c28ec67bbc04797f30a55c10ff247b0ec8712fb0f6de,True
C:\Users\Student\atomicbot-retest-20260716\logs\atomicbot\AB-11\20260716-190428\run01-combined.log,17676,f4968ad2ff80e9d9fbfc532a6c9ebcf606a9faefbc75e645c19a8cbe9dfee98b,True
C:\Users\Student\atomicbot-retest-20260716\logs\atomicbot\AB-11\20260716-190428\run01-command.json,1283,25ec4d106cc3eeb5a02dcebb1806a2e80501b8e608711540b2e8022b56273e4d,True
C:\Users\Student\atomicbot-retest-20260716\logs\atomicbot\AB-11\20260716-190428\run01-gpu-typeperf.csv,65647,db20486de152867267c7e94c98cbc615e87b2bb6309b92877e259414a327aea3,True
C:\Users\Student\atomicbot-retest-20260716\logs\atomicbot\AB-11\20260716-190428\run01-metrics.csv,1221,7ba19580b8d794864b97b942b5c447db2c8ab20d75754659341f9d6f10acaf9f,True
C:\Users\Student\atomicbot-retest-20260716\logs\atomicbot\AB-11\20260716-190428\run01-stderr.log,14567,8176d083574f7f50a0c7f92924f265973e1c38922a9d1fb9c2c04bb32318db80,True
C:\Users\Student\atomicbot-retest-20260716\logs\atomicbot\AB-11\20260716-190428\run01-stdout.log,1445,b8ef3b568be404285b2a61ac7bf89676efb4fdb26157443f6071b5f9b9e11535,True
C:\Users\Student\atomicbot-retest-20260716\logs\atomicbot\AB-11\20260716-190428\run01-summary.json,2720,3fddb5ca758eccdedc3706b4ad72bab6cba7780505ddcc299b28f0c8c8814a41,True
C:\Users\Student\atomicbot-retest-20260716\logs\atomicbot\AB-11\20260716-190428\run02-combined.log,17676,9b449de367e33c32e463ae24738031357a0e8610da165d4d0809ee3ee1279722,True
C:\Users\Student\atomicbot-retest-20260716\logs\atomicbot\AB-11\20260716-190428\run02-command.json,1283,25ec4d106cc3eeb5a02dcebb1806a2e80501b8e608711540b2e8022b56273e4d,True
C:\Users\Student\atomicbot-retest-20260716\logs\atomicbot\AB-11\20260716-190428\run02-gpu-typeperf.csv,65555,4fdb163bb699c2b009f7d5ea63a3a4fe585d0bc8bc77194b80fb0d785a3f7e0f,True
C:\Users\Student\atomicbot-retest-20260716\logs\atomicbot\AB-11\20260716-190428\run02-metrics.csv,1153,37b51e3dc895034ae2125b69f8412a4067df7b64923e13df51e1afc9e20a03d9,True
C:\Users\Student\atomicbot-retest-20260716\logs\atomicbot\AB-11\20260716-190428\run02-stderr.log,14567,371b8ee3ea1cab2e0fa85d336701a3189129c402fe816c12de329bbfb3d5fd9d,True
C:\Users\Student\atomicbot-retest-20260716\logs\atomicbot\AB-11\20260716-190428\run02-stdout.log,1445,feb8c2a4e2057c73f8d0fed58afa01dba7b6e1c1e92e78f40cbc9ed076334587,True
C:\Users\Student\atomicbot-retest-20260716\logs\atomicbot\AB-11\20260716-190428\run02-summary.json,2719,d45e9acf5f254f12eb7044db3515e0fef2f22bbed52da5fae737c83322bd50e0,True
C:\Users\Student\atomicbot-retest-20260716\logs\atomicbot\AB-11\20260716-190428\run03-combined.log,17676,beb04e948d886dd97b74f24ff80d6b327646264ad2734f22f561e608e1cda9e4,True
C:\Users\Student\atomicbot-retest-20260716\logs\atomicbot\AB-11\20260716-190428\run03-command.json,1283,25ec4d106cc3eeb5a02dcebb1806a2e80501b8e608711540b2e8022b56273e4d,True
C:\Users\Student\atomicbot-retest-20260716\logs\atomicbot\AB-11\20260716-190428\run03-gpu-typeperf.csv,65634,af3b3fd4c758ed25fafc93f3aa342cad35bacf73ba47d9853c8a5c9cc551ba6f,True
C:\Users\Student\atomicbot-retest-20260716\logs\atomicbot\AB-11\20260716-190428\run03-metrics.csv,1136,cb04ebe9ef049d9483819d58f14195c5e8f6ddc353440b8f5f1a9328e8725e3b,True
C:\Users\Student\atomicbot-retest-20260716\logs\atomicbot\AB-11\20260716-190428\run03-stderr.log,14567,7110b22daa8c9d45c83e1a52f19c5eadf3b663b1ef2f4c70c0ca3f3d102b5e51,True
C:\Users\Student\atomicbot-retest-20260716\logs\atomicbot\AB-11\20260716-190428\run03-stdout.log,1445,cac784db00660755538554c1358c29d60a0688c41551c9cedf22d39e343ed0e9,True
C:\Users\Student\atomicbot-retest-20260716\logs\atomicbot\AB-11\20260716-190428\run03-summary.json,2721,5b2ca859579021b8b87354a2acbbe1f9fc5efe9bbc6a24779e629719b5693e62,True
C:\Users\Student\atomicbot-retest-20260716\logs\atomicbot\AB-11\20260716-190428\warmup-combined.log,17676,043809672eae77e8c55707fa58bf9eac33c1481f33b701310d63c66c793695b9,True
C:\Users\Student\atomicbot-retest-20260716\logs\atomicbot\AB-11\20260716-190428\warmup-command.json,1283,25ec4d106cc3eeb5a02dcebb1806a2e80501b8e608711540b2e8022b56273e4d,True
C:\Users\Student\atomicbot-retest-20260716\logs\atomicbot\AB-11\20260716-190428\warmup-gpu-typeperf.csv,65634,4413c67886fccd92ebabd1642fb5ab1e7b216d03e6715216dab06349907a1ff2,True
C:\Users\Student\atomicbot-retest-20260716\logs\atomicbot\AB-11\20260716-190428\warmup-metrics.csv,1133,9c94a33827d14fa603e304d900259b4eccc4c663487d10040d636a93698dd6cb,True
C:\Users\Student\atomicbot-retest-20260716\logs\atomicbot\AB-11\20260716-190428\warmup-stderr.log,14567,ac1e25e7f220bcec9524e2f83613f8f04637e345d5e22da7ecd45e8b921f4c99,True
C:\Users\Student\atomicbot-retest-20260716\logs\atomicbot\AB-11\20260716-190428\warmup-stdout.log,1445,71b4e3984b0151990a4a5270d2095b23d49fe95186051f764d125863f76aeea4,True
C:\Users\Student\atomicbot-retest-20260716\logs\atomicbot\AB-11\20260716-190428\warmup-summary.json,2725,ecd8ad0b433c64bc9cd7a1fca5bd86f60f95eda2cef37b1cb80f3ff3e18eb9f7,True
C:\Users\Student\atomicbot-retest-20260716\logs\atomicbot\AB-12\20260716-190516\AB-12-formal-summary.json,16040,3968808bd8d9b68d6a6d344103e2cb497c408435aa62399fcc15c4712959fd56,True
C:\Users\Student\atomicbot-retest-20260716\logs\atomicbot\AB-12\20260716-190516\pilot-combined.log,17693,941a405f53fde5c0e1cc2a6a256d8befeec539bfaf2f7a1d8498612f8b7ffad0,True
C:\Users\Student\atomicbot-retest-20260716\logs\atomicbot\AB-12\20260716-190516\pilot-command.json,1289,5b156ff1a6b339d3f86d9a4904d7b01d13352b6fee721a8dc8ca38bf35a5fd6c,True
C:\Users\Student\atomicbot-retest-20260716\logs\atomicbot\AB-12\20260716-190516\pilot-gpu-typeperf.csv,61808,0a594c186c4aa1f2e36bdd2958ad22a82715c9e5db6e73a4f706f6067e38a233,True
C:\Users\Student\atomicbot-retest-20260716\logs\atomicbot\AB-12\20260716-190516\pilot-metrics.csv,1016,cb230d025896f788f3e0fd840dc574fe6c02fd0adb631cafe18160cf27e3ea4a,True
C:\Users\Student\atomicbot-retest-20260716\logs\atomicbot\AB-12\20260716-190516\pilot-stderr.log,14839,de3fbb775d805a3ac3ae46b56618b1d36b03d653ec0c8bffbc658715684514cc,True
C:\Users\Student\atomicbot-retest-20260716\logs\atomicbot\AB-12\20260716-190516\pilot-stdout.log,1187,b7890c9793fdfd5f7ca63284bd554365d97472516b41e39eeb6ca3bac1e97fc5,True
C:\Users\Student\atomicbot-retest-20260716\logs\atomicbot\AB-12\20260716-190516\pilot-summary.json,2465,6ccf6ddd4551c992237267009cf5f5b76f00dec8c8d17bd881f6a7b5807249f0,True
C:\Users\Student\atomicbot-retest-20260716\logs\atomicbot\AB-12\20260716-190516\run01-combined.log,17998,fc8f2ae238b242a333be2f9f78ea1cf209d6bbf121676298456aacd054b41cc5,True
C:\Users\Student\atomicbot-retest-20260716\logs\atomicbot\AB-12\20260716-190516\run01-command.json,1289,798f2bcdec8f58c0eee89065b50bcf9597718c54d1ade8ed650057f868ad4a62,True
C:\Users\Student\atomicbot-retest-20260716\logs\atomicbot\AB-12\20260716-190516\run01-gpu-typeperf.csv,76885,2ca999194e27f3c7ea79880d37dbe9b16917af0c93c57f6da831cf606a5576f9,True
C:\Users\Student\atomicbot-retest-20260716\logs\atomicbot\AB-12\20260716-190516\run01-metrics.csv,1547,f2a21a43ffa98ae88c6a8818abfc11f5052c1ca5348ef02a108f5b92c5e5919d,True
C:\Users\Student\atomicbot-retest-20260716\logs\atomicbot\AB-12\20260716-190516\run01-stderr.log,14840,ae96896f561a99169bff3569762d305f72328ac18f83f74205ab5935ec36b431,True
C:\Users\Student\atomicbot-retest-20260716\logs\atomicbot\AB-12\20260716-190516\run01-stdout.log,1468,e58618640a8273d65bbe56aad9f4c4b9aaefe960c94a7f6ce0277552a8e9832d,True
C:\Users\Student\atomicbot-retest-20260716\logs\atomicbot\AB-12\20260716-190516\run01-summary.json,2747,12787ca4347dff880c759c86a6ab2f2a8f5dca7307253a69d60d0e0b769425c5,True
C:\Users\Student\atomicbot-retest-20260716\logs\atomicbot\AB-12\20260716-190516\run02-combined.log,17998,54e32218d4292cfbba3739ace1940c31dd456e4c1c5054a8e9341f66937f5a75,True
C:\Users\Student\atomicbot-retest-20260716\logs\atomicbot\AB-12\20260716-190516\run02-command.json,1289,798f2bcdec8f58c0eee89065b50bcf9597718c54d1ade8ed650057f868ad4a62,True
C:\Users\Student\atomicbot-retest-20260716\logs\atomicbot\AB-12\20260716-190516\run02-gpu-typeperf.csv,76885,d2c2749c490b4672d12c559f465f396945c788e730c311a050b162eb757baeb8,True
C:\Users\Student\atomicbot-retest-20260716\logs\atomicbot\AB-12\20260716-190516\run02-metrics.csv,1615,ff8bd9514ebad7c1ca2b4da9f9997db12a4c7de415c10cfc385e9eb4622be55a,True
C:\Users\Student\atomicbot-retest-20260716\logs\atomicbot\AB-12\20260716-190516\run02-stderr.log,14840,8327e1b7168845de4d77b341fdf02ce3a5a17918944dba4ffa1b662ad346b626,True
C:\Users\Student\atomicbot-retest-20260716\logs\atomicbot\AB-12\20260716-190516\run02-stdout.log,1468,a084ff2fbdc6f38f17e1006ff9479f07f9169d3e0ad8e1cce720bd15e75388df,True
C:\Users\Student\atomicbot-retest-20260716\logs\atomicbot\AB-12\20260716-190516\run02-summary.json,2747,8c093c0d26e1318689f676b1ec4dd02f5fb0f0da066ebdd5af89bc0969dfefe5,True
C:\Users\Student\atomicbot-retest-20260716\logs\atomicbot\AB-12\20260716-190516\run03-combined.log,17999,6d4955a6a6de392711bf75546c2d1ee86fe680eaf1c539ecf13441a2978f2285,True
C:\Users\Student\atomicbot-retest-20260716\logs\atomicbot\AB-12\20260716-190516\run03-command.json,1289,798f2bcdec8f58c0eee89065b50bcf9597718c54d1ade8ed650057f868ad4a62,True
C:\Users\Student\atomicbot-retest-20260716\logs\atomicbot\AB-12\20260716-190516\run03-gpu-typeperf.csv,76885,0192ab2b6cf6442134d0422a196bc80e74344b17b8aca334a7335771a5146e2d,True
C:\Users\Student\atomicbot-retest-20260716\logs\atomicbot\AB-12\20260716-190516\run03-metrics.csv,1554,04db2a9a724c29a61dcc236fa8fc04c49a692d9fd0a69ec5f741d49303604989,True
C:\Users\Student\atomicbot-retest-20260716\logs\atomicbot\AB-12\20260716-190516\run03-stderr.log,14840,c8766352bd73504e3582f42836b84cbc98a43a86239d631908d56cafd55b9ca8,True
C:\Users\Student\atomicbot-retest-20260716\logs\atomicbot\AB-12\20260716-190516\run03-stdout.log,1469,2ecca17616086212ce68614d587930392e4adfb87a373c213d76aebefabdd1d2,True
C:\Users\Student\atomicbot-retest-20260716\logs\atomicbot\AB-12\20260716-190516\run03-summary.json,2747,8be8035c6911ee12b4c3deb58a68e0353b1ea0088d2d5aa7cf9b453ad72366f9,True
C:\Users\Student\atomicbot-retest-20260716\logs\atomicbot\AB-12\20260716-190516\warmup-combined.log,17998,95bbd27c44dbd923feafff2195b0f31ff7506ee470e012e4fe3b5320ee158f05,True
C:\Users\Student\atomicbot-retest-20260716\logs\atomicbot\AB-12\20260716-190516\warmup-command.json,1289,798f2bcdec8f58c0eee89065b50bcf9597718c54d1ade8ed650057f868ad4a62,True
C:\Users\Student\atomicbot-retest-20260716\logs\atomicbot\AB-12\20260716-190516\warmup-gpu-typeperf.csv,76872,a549339acb068e372992606778bcf47b081849d7eacf3d79aba2712c86c8fbaa,True
C:\Users\Student\atomicbot-retest-20260716\logs\atomicbot\AB-12\20260716-190516\warmup-metrics.csv,1593,bbfea1dda2cdd16f9fa782a06f75333c82debc3e8c2408839abb52b2ff3b4937,True
C:\Users\Student\atomicbot-retest-20260716\logs\atomicbot\AB-12\20260716-190516\warmup-stderr.log,14840,35f793191ce426d89d2b825830f092d6dfc8ecf7ca4562c68da90b4f99e47ad8,True
C:\Users\Student\atomicbot-retest-20260716\logs\atomicbot\AB-12\20260716-190516\warmup-stdout.log,1468,4bde12f5f06d8edbb80aaf2dfe3f038e57c5280da1acfbc49d79df8a94a906f7,True
C:\Users\Student\atomicbot-retest-20260716\logs\atomicbot\AB-12\20260716-190516\warmup-summary.json,2753,59e17c2c340aaacae6f67ba710df47fe29baf00f59f1e244905e063227d73fa6,True
C:\Users\Student\atomicbot-retest-20260716\logs\atomicbot\AB-13\20260716-190617\AB-13-formal-summary.json,16148,0c510aa4454a209e3bdad37f2eb57ad128a2deacc5c658be6d7c24e44215ac99,True
C:\Users\Student\atomicbot-retest-20260716\logs\atomicbot\AB-13\20260716-190617\pilot-combined.log,17677,97d6d58624c709fe22bf362cff885c32a8aec9b175c38588bc2a2a3245e0dd01,True
C:\Users\Student\atomicbot-retest-20260716\logs\atomicbot\AB-13\20260716-190617\pilot-command.json,1291,14983d32565ac49a573b4548293666bcd0b5a03fcb2c9710eab7bed6f7997371,True
C:\Users\Student\atomicbot-retest-20260716\logs\atomicbot\AB-13\20260716-190617\pilot-gpu-typeperf.csv,65646,501a88c319ce509c6d4c691b8526734667a083a0a1c63270446938164dff98da,True
C:\Users\Student\atomicbot-retest-20260716\logs\atomicbot\AB-13\20260716-190617\pilot-metrics.csv,1184,389f6eb5c8ac458979de454e92f5b97da094b3b9e02133080acb26ba4d3eb575,True
C:\Users\Student\atomicbot-retest-20260716\logs\atomicbot\AB-13\20260716-190617\pilot-stderr.log,14811,33cbbfc1ba44df68bbdfc010301c4aa35b73d5b4f0f669e5aee3ded90149d502,True
C:\Users\Student\atomicbot-retest-20260716\logs\atomicbot\AB-13\20260716-190617\pilot-stdout.log,1199,d90e76f4eee59d5002d1a3f8a0a940686692434eccd3fc19fab243cac2d37a9c,True
C:\Users\Student\atomicbot-retest-20260716\logs\atomicbot\AB-13\20260716-190617\pilot-summary.json,2477,241608c20d17891c273cf842d2dafbb5b4e51297f85bfc232ae89c47c1b9e52b,True
C:\Users\Student\atomicbot-retest-20260716\logs\atomicbot\AB-13\20260716-190617\run01-combined.log,17997,d2fe6fbb657a13c1f9b32af782941453d5070ebfbdee1fd7835a641bc23ff5bc,True
C:\Users\Student\atomicbot-retest-20260716\logs\atomicbot\AB-13\20260716-190617\run01-command.json,1291,94e056495f2a73f73659247675d2fb5dcf7c3313656de85a990e4f8d822f0bd1,True
C:\Users\Student\atomicbot-retest-20260716\logs\atomicbot\AB-13\20260716-190617\run01-gpu-typeperf.csv,84376,b652f483f4f5bc58ca27ae1b12f18337e7d15bdee4771a172653f8a66959981f,True
C:\Users\Student\atomicbot-retest-20260716\logs\atomicbot\AB-13\20260716-190617\run01-metrics.csv,1892,4497dc54ac9f7d7b0d857831f5e8eee0a2771a9a442802d123c53bd4cc947586,True
C:\Users\Student\atomicbot-retest-20260716\logs\atomicbot\AB-13\20260716-190617\run01-stderr.log,14812,adff46a4827c53be3de3934954b95cdabb84c6f17c3ef4abf67712095b079897,True
C:\Users\Student\atomicbot-retest-20260716\logs\atomicbot\AB-13\20260716-190617\run01-stdout.log,1495,5e673db8f749514aee03246b5d93c1eee6ed4e1ecd5e85768809c8d4498de855,True
C:\Users\Student\atomicbot-retest-20260716\logs\atomicbot\AB-13\20260716-190617\run01-summary.json,2775,072c4e992a75e2ec15ea225b710f08ee80dae0d9763fc4971e4ddf119c56ad86,True
C:\Users\Student\atomicbot-retest-20260716\logs\atomicbot\AB-13\20260716-190617\run02-combined.log,17997,3c1acf6c8ffaf9ec356ec0645755d39f1e64488da76f4270b3aee91805ffc34a,True
C:\Users\Student\atomicbot-retest-20260716\logs\atomicbot\AB-13\20260716-190617\run02-command.json,1291,94e056495f2a73f73659247675d2fb5dcf7c3313656de85a990e4f8d822f0bd1,True
C:\Users\Student\atomicbot-retest-20260716\logs\atomicbot\AB-13\20260716-190617\run02-gpu-typeperf.csv,84377,33697343660fcc45e59260c8703548d47d1c73c65ca7d002e0d48db6e3d8cbc0,True
C:\Users\Student\atomicbot-retest-20260716\logs\atomicbot\AB-13\20260716-190617\run02-metrics.csv,1872,d8bfc4fc3ff68bf3554e70b12ab0691693dfc95bb88b7411f668c55a2839b21d,True
C:\Users\Student\atomicbot-retest-20260716\logs\atomicbot\AB-13\20260716-190617\run02-stderr.log,14812,dacba68155346cd9368a236c637c533d77867c5c11b66d064def39af090a7cfc,True
C:\Users\Student\atomicbot-retest-20260716\logs\atomicbot\AB-13\20260716-190617\run02-stdout.log,1495,025b84f960f5fef23ebedab89a8beda3e39a34d6a7a9c2a32b9942852a18e34f,True
C:\Users\Student\atomicbot-retest-20260716\logs\atomicbot\AB-13\20260716-190617\run02-summary.json,2775,1f76d20d4afab0439d25cd62c6cc4bc25e9c8f87ae44a0a2021deae0de645e93,True
C:\Users\Student\atomicbot-retest-20260716\logs\atomicbot\AB-13\20260716-190617\run03-combined.log,17997,1caf92d8c5d9df2f4abb5be82892e71b9ed8909d52035356f0f1e74a3edbc0ca,True
C:\Users\Student\atomicbot-retest-20260716\logs\atomicbot\AB-13\20260716-190617\run03-command.json,1291,94e056495f2a73f73659247675d2fb5dcf7c3313656de85a990e4f8d822f0bd1,True
C:\Users\Student\atomicbot-retest-20260716\logs\atomicbot\AB-13\20260716-190617\run03-gpu-typeperf.csv,84377,a1d0734fe2886ae1c364743bdba98da22a75338705c64463cfe3fe945e476430,True
C:\Users\Student\atomicbot-retest-20260716\logs\atomicbot\AB-13\20260716-190617\run03-metrics.csv,1813,74cb420be65789976994b091786d6c7698a81aea8f3c3d22133eb5a3d448cac0,True
C:\Users\Student\atomicbot-retest-20260716\logs\atomicbot\AB-13\20260716-190617\run03-stderr.log,14812,22d926c170de43e35432cb9986901e52a0493bd5dc1ffcdb82403109ee763549,True
C:\Users\Student\atomicbot-retest-20260716\logs\atomicbot\AB-13\20260716-190617\run03-stdout.log,1495,517c84c32a443086b61a2df2c3e0d98f4440f4770164d06b7203ebfb70b50b54,True
C:\Users\Student\atomicbot-retest-20260716\logs\atomicbot\AB-13\20260716-190617\run03-summary.json,2773,06cacd7697340e37453e6a3fbcf1ff53952ea8c9953e7120e2ebf8c605297727,True
C:\Users\Student\atomicbot-retest-20260716\logs\atomicbot\AB-13\20260716-190617\warmup-combined.log,17997,83a2cd3203f9db30e32655306709908a34805ef40e793f0637c87fa75bfd1adf,True
C:\Users\Student\atomicbot-retest-20260716\logs\atomicbot\AB-13\20260716-190617\warmup-command.json,1291,94e056495f2a73f73659247675d2fb5dcf7c3313656de85a990e4f8d822f0bd1,True
C:\Users\Student\atomicbot-retest-20260716\logs\atomicbot\AB-13\20260716-190617\warmup-gpu-typeperf.csv,84377,eb51ca1d1a33a8541bbc6801d9ca0310a5e1c82f9c260be02ff6d462d3dec2cc,True
C:\Users\Student\atomicbot-retest-20260716\logs\atomicbot\AB-13\20260716-190617\warmup-metrics.csv,1855,39fd127684ce6ca51dbd7c4703e456bccbcab2fb38ac7eb0f54f62ae854d1006,True
C:\Users\Student\atomicbot-retest-20260716\logs\atomicbot\AB-13\20260716-190617\warmup-stderr.log,14812,f8ecc6306f49277957359d1d36efc6c6d623d44799dd5e7c69d1d2deff7c955a,True
C:\Users\Student\atomicbot-retest-20260716\logs\atomicbot\AB-13\20260716-190617\warmup-stdout.log,1495,38b4374998dad07e5fee9335a8631d1596eb4ef0958bd67c2bbb9ff274909097,True
C:\Users\Student\atomicbot-retest-20260716\logs\atomicbot\AB-13\20260716-190617\warmup-summary.json,2780,548b9de8e600124c609fd7f6cb29198851d6ab0438a155ec5df21b15223ecb7b,True
C:\Users\Student\atomicbot-retest-20260716\logs\atomicbot\AB-14\20260716-190728\AB-14-formal-summary.json,16021,3e00173fd04a327de3992c6bcfa53cfda00df5b65076ecf51d4af566ba5719df,True
C:\Users\Student\atomicbot-retest-20260716\logs\atomicbot\AB-14\20260716-190728\pilot-combined.log,17420,d646207a7dbda24e40cc8b2d49696abda613a93718da30a6af7ecf76caae7b84,True
C:\Users\Student\atomicbot-retest-20260716\logs\atomicbot\AB-14\20260716-190728\pilot-command.json,1285,336e19c54edd2bf781642e7f7fdd896813b85652a8ada00f7b8cfe15305b20c1,True
C:\Users\Student\atomicbot-retest-20260716\logs\atomicbot\AB-14\20260716-190728\pilot-gpu-typeperf.csv,76868,b26140669a6ed223d8d08b337e31c76ba54ae51fe6237c1b9dbf352cef6b0431,True
C:\Users\Student\atomicbot-retest-20260716\logs\atomicbot\AB-14\20260716-190728\pilot-metrics.csv,1568,8fceaad831cd7cd8425eae123f457cc274f08d59c1a0b374673161fa09be3afc,True
C:\Users\Student\atomicbot-retest-20260716\logs\atomicbot\AB-14\20260716-190728\pilot-stderr.log,14586,897dbbd9dd6eed4142ab9f4dfd843c8efb206ce8f28204e906476ae1bf7e36be,True
C:\Users\Student\atomicbot-retest-20260716\logs\atomicbot\AB-14\20260716-190728\pilot-stdout.log,1193,1934faaef4be5bcca8113ebcd84e00f45f9a90dd6e08031da4e70bf355cf49e9,True
C:\Users\Student\atomicbot-retest-20260716\logs\atomicbot\AB-14\20260716-190728\pilot-summary.json,2472,443935f6c0b8c461648efd7b18c7e59fdcfecce851defb080877d752e607524b,True
C:\Users\Student\atomicbot-retest-20260716\logs\atomicbot\AB-14\20260716-190728\run01-combined.log,17717,9e8aff7f4f3b1f1fc033a471e882f9f941b6e9ab66f91ed6b46cc9ab7f642059,True
C:\Users\Student\atomicbot-retest-20260716\logs\atomicbot\AB-14\20260716-190728\run01-command.json,1285,97f34e49fd818660d89bcadc100b068a432a7ae1c78d3df3341efd32bd081b2a,True
C:\Users\Student\atomicbot-retest-20260716\logs\atomicbot\AB-14\20260716-190728\run01-gpu-typeperf.csv,99268,55c5e86b5388da8b0218f0a851c503cf5ac9141290f1123f49f54d116416ccb5,True
C:\Users\Student\atomicbot-retest-20260716\logs\atomicbot\AB-14\20260716-190728\run01-metrics.csv,2347,679d594a5b7853de41feaacb51e19b52a0e5e07991450d65c08c890253aa76fc,True
C:\Users\Student\atomicbot-retest-20260716\logs\atomicbot\AB-14\20260716-190728\run01-stderr.log,14587,7e632652f59125bf9b82590c2af0bd06aa9d2afdd9b368ef18964536131c1207,True
C:\Users\Student\atomicbot-retest-20260716\logs\atomicbot\AB-14\20260716-190728\run01-stdout.log,1466,8454bd4846d3d9ad68772b3a047e582b7f0a3a6ba8005484460ef50def667e55,True
C:\Users\Student\atomicbot-retest-20260716\logs\atomicbot\AB-14\20260716-190728\run01-summary.json,2745,ad8af69e4b6994df5ceba5898784f2f758362e31c259626232b29886c7c9c716,True
C:\Users\Student\atomicbot-retest-20260716\logs\atomicbot\AB-14\20260716-190728\run02-combined.log,17717,dab0f5d818e3e236c1bb9cf76b09082e059c6a14cb55eb3910ca41ca4df2d780,True
C:\Users\Student\atomicbot-retest-20260716\logs\atomicbot\AB-14\20260716-190728\run02-command.json,1285,97f34e49fd818660d89bcadc100b068a432a7ae1c78d3df3341efd32bd081b2a,True
C:\Users\Student\atomicbot-retest-20260716\logs\atomicbot\AB-14\20260716-190728\run02-gpu-typeperf.csv,95614,064f2f57961f3df396026bdd6aeb6bee6351ed911ef63f4aac3db3967d988887,True
C:\Users\Student\atomicbot-retest-20260716\logs\atomicbot\AB-14\20260716-190728\run02-metrics.csv,2310,bdab9a59633bda1c0c062084de2bff9a9ce5413595227f8d2d07c1bfef0d02c0,True
C:\Users\Student\atomicbot-retest-20260716\logs\atomicbot\AB-14\20260716-190728\run02-stderr.log,14587,9bdc54b72c34e48abe4bebac82277f4899854577bbdbcdb2fa9265130ab9fc16,True
C:\Users\Student\atomicbot-retest-20260716\logs\atomicbot\AB-14\20260716-190728\run02-stdout.log,1466,d0c935dad63458c16f5e35e949298770682f5fb2b910e6c373c40e3d796f5f89,True
C:\Users\Student\atomicbot-retest-20260716\logs\atomicbot\AB-14\20260716-190728\run02-summary.json,2746,90b2a6c01ed7ce9f6a1b31010bc5e5e515c83148fa4a78f587ede31c95cf3548,True
C:\Users\Student\atomicbot-retest-20260716\logs\atomicbot\AB-14\20260716-190728\run03-combined.log,17717,2eb5cf34cc36f1825a1a1e797f506e35b44ab387d6ce32ae8f96803ae23ed74f,True
C:\Users\Student\atomicbot-retest-20260716\logs\atomicbot\AB-14\20260716-190728\run03-command.json,1285,97f34e49fd818660d89bcadc100b068a432a7ae1c78d3df3341efd32bd081b2a,True
C:\Users\Student\atomicbot-retest-20260716\logs\atomicbot\AB-14\20260716-190728\run03-gpu-typeperf.csv,95535,e5a21a8f3cfd1d9dd275c0aee3b70e1568ac6ba80fdd3e955c2a89d9b28fbff5,True
C:\Users\Student\atomicbot-retest-20260716\logs\atomicbot\AB-14\20260716-190728\run03-metrics.csv,2255,ca8aa67980e360b8391d75b4182952211361868d59e5c5e24ba7f201de66c68b,True
C:\Users\Student\atomicbot-retest-20260716\logs\atomicbot\AB-14\20260716-190728\run03-stderr.log,14587,b9ff175c3d466829359c69beb3df6af34cf16aa5ea9ff5d4348c27ebfdeb98d8,True
C:\Users\Student\atomicbot-retest-20260716\logs\atomicbot\AB-14\20260716-190728\run03-stdout.log,1466,ca0cc18eead0ce3051952675f123def674b371090f6dadcb6c9a041ef13e0dfa,True
C:\Users\Student\atomicbot-retest-20260716\logs\atomicbot\AB-14\20260716-190728\run03-summary.json,2745,27045707f32cf830d23b9cf3cda32eb01699008687905747490fa5be32c71525,True
C:\Users\Student\atomicbot-retest-20260716\logs\atomicbot\AB-14\20260716-190728\warmup-combined.log,17717,19af6eacd0288c18e418a5f6997dcd22bea91cececa44c2b234d90a7c46b18d0,True
C:\Users\Student\atomicbot-retest-20260716\logs\atomicbot\AB-14\20260716-190728\warmup-command.json,1285,97f34e49fd818660d89bcadc100b068a432a7ae1c78d3df3341efd32bd081b2a,True
C:\Users\Student\atomicbot-retest-20260716\logs\atomicbot\AB-14\20260716-190728\warmup-gpu-typeperf.csv,99268,c27fd83b353a6b88ad11dde7bc612fdb5e40fe164d30ff75edbd5cc77b580fa0,True
C:\Users\Student\atomicbot-retest-20260716\logs\atomicbot\AB-14\20260716-190728\warmup-metrics.csv,2368,fa5da78ff1d0aa4f77c24265deea8c9ea9e059736668edd1e35b7bc43f752bf7,True
C:\Users\Student\atomicbot-retest-20260716\logs\atomicbot\AB-14\20260716-190728\warmup-stderr.log,14587,2fb374ae6238cdd1c382026931a168bbba8b2a39970a7473ea1354b0ed607e89,True
C:\Users\Student\atomicbot-retest-20260716\logs\atomicbot\AB-14\20260716-190728\warmup-stdout.log,1466,1e497d939fafa3577bb9eeedc440daf55426c691110c3e1b20cb1496f77949e0,True
C:\Users\Student\atomicbot-retest-20260716\logs\atomicbot\AB-14\20260716-190728\warmup-summary.json,2752,4bad135d461c3a0121ed9959cf0b54604d59ea6c8ca13df58c35f5e7aae5c82b,True
C:\Users\Student\atomicbot-retest-20260716\logs\atomicbot\AB-15\20260716-190919\AB-15-formal-summary.json,16036,3496309912f6f586b34d954a05c3a059023a0b586fff5cee1c3d446fc79e700b,True
C:\Users\Student\atomicbot-retest-20260716\logs\atomicbot\AB-15\20260716-190919\pilot-combined.log,17532,d1fed217ad56986b42a4138688751945b541da1bc98acc6c228e2deb0406e7c2,True
C:\Users\Student\atomicbot-retest-20260716\logs\atomicbot\AB-15\20260716-190919\pilot-command.json,1289,ef2336e0fe8bb54794bf3d2e7935c77e3bb46e6fd2bf73159e60adc4ec12bae8,True
C:\Users\Student\atomicbot-retest-20260716\logs\atomicbot\AB-15\20260716-190919\pilot-gpu-typeperf.csv,73137,0f0b40d094843fe2d9009779068740dc1407719b493d1070ead805fb508990ec,True
C:\Users\Student\atomicbot-retest-20260716\logs\atomicbot\AB-15\20260716-190919\pilot-metrics.csv,1417,af765c0daddc0697d81a2a2e4e4b4e95d5d8336ecf1df48dafd9f983b6322d98,True
C:\Users\Student\atomicbot-retest-20260716\logs\atomicbot\AB-15\20260716-190919\pilot-stderr.log,14673,7402629d02da90c3b6ad638868f267b3eee158e5d8d15d0786f4be43a2d35cd9,True
C:\Users\Student\atomicbot-retest-20260716\logs\atomicbot\AB-15\20260716-190919\pilot-stdout.log,1194,52295c2eb7477e6e22712b5037246a86c2339af5eead5892915fbd5e580a1e38,True
C:\Users\Student\atomicbot-retest-20260716\logs\atomicbot\AB-15\20260716-190919\pilot-summary.json,2473,f0c3080aa1a382bc8830bdc5f38f579bc23b50aa300ac111a6cb0731a75cbe89,True
C:\Users\Student\atomicbot-retest-20260716\logs\atomicbot\AB-15\20260716-190919\run01-combined.log,17829,2a5db120347468375810d5d33b8b612f37b5cdc69ab609929a17ab0af556c58a,True
C:\Users\Student\atomicbot-retest-20260716\logs\atomicbot\AB-15\20260716-190919\run01-command.json,1289,20b982c04b037caf68bc5d75d4d1212ce53dca3f37c056e02799f982684bb7c6,True
C:\Users\Student\atomicbot-retest-20260716\logs\atomicbot\AB-15\20260716-190919\run01-gpu-typeperf.csv,103092,af13c5c93ee8968106a2599f0b96d1700e16d068d0736465133b26e34a979e19,True
C:\Users\Student\atomicbot-retest-20260716\logs\atomicbot\AB-15\20260716-190919\run01-metrics.csv,2593,9eb8d8ef8d411368a9d7e1a5954fc3231c92601f9c6409dcc4357103ad2c73c7,True
C:\Users\Student\atomicbot-retest-20260716\logs\atomicbot\AB-15\20260716-190919\run01-stderr.log,14674,9ac5bda26d92b5cd781d4493666c66e63c4f11d9bf34346fbd0d5c5185a3e81b,True
C:\Users\Student\atomicbot-retest-20260716\logs\atomicbot\AB-15\20260716-190919\run01-stdout.log,1467,ccfe9d701c7045d5e2788496700c1e4d0ef1fe6923cbdd717ebfcef9ab5bcbde,True
C:\Users\Student\atomicbot-retest-20260716\logs\atomicbot\AB-15\20260716-190919\run01-summary.json,2748,dff0e82d69a24adc8ede6d42272256c4d682c1390966bb824239208f0b4be34b,True
C:\Users\Student\atomicbot-retest-20260716\logs\atomicbot\AB-15\20260716-190919\run02-combined.log,17829,b2b598b3a7761403b078bb531c3afe1757934cd8a8f825029609d1aafb1c4e31,True
C:\Users\Student\atomicbot-retest-20260716\logs\atomicbot\AB-15\20260716-190919\run02-command.json,1289,20b982c04b037caf68bc5d75d4d1212ce53dca3f37c056e02799f982684bb7c6,True
C:\Users\Student\atomicbot-retest-20260716\logs\atomicbot\AB-15\20260716-190919\run02-gpu-typeperf.csv,103093,4aef405e02efac75bc41e00ab6f7ce5e5d4ba1fd7f9d4d415e358ba50dd874fb,True
C:\Users\Student\atomicbot-retest-20260716\logs\atomicbot\AB-15\20260716-190919\run02-metrics.csv,2572,dcc97695c8744049ce2419e7833ac81dcdc5102afd9fc1d3c3511106b2785a80,True
C:\Users\Student\atomicbot-retest-20260716\logs\atomicbot\AB-15\20260716-190919\run02-stderr.log,14674,64f6bb4f8acde6123add1de0ca2d7149c47f498622504ac87945c86895687975,True
C:\Users\Student\atomicbot-retest-20260716\logs\atomicbot\AB-15\20260716-190919\run02-stdout.log,1467,fd06354a2e05a182a7176f8b4dc68eb988a85aa0359bd6f52820cf1204a33ed5,True
C:\Users\Student\atomicbot-retest-20260716\logs\atomicbot\AB-15\20260716-190919\run02-summary.json,2747,de9fdd18d430c669a7995c64ce08b13685ca999bbbfd94b2a097c6000591a4f0,True
C:\Users\Student\atomicbot-retest-20260716\logs\atomicbot\AB-15\20260716-190919\run03-combined.log,17829,67bb79cddb109c0ee538d90086028aca8ccea9d97b58ed293cd1e8ed5ac3f892,True
C:\Users\Student\atomicbot-retest-20260716\logs\atomicbot\AB-15\20260716-190919\run03-command.json,1289,20b982c04b037caf68bc5d75d4d1212ce53dca3f37c056e02799f982684bb7c6,True
C:\Users\Student\atomicbot-retest-20260716\logs\atomicbot\AB-15\20260716-190919\run03-gpu-typeperf.csv,103106,ce600cd4b1f2f18d86ae7d903ac852a7a9f2a38bbdf2153fc8978fcdecaa3844,True
C:\Users\Student\atomicbot-retest-20260716\logs\atomicbot\AB-15\20260716-190919\run03-metrics.csv,2575,609b06154d19347b7b7ed80fe14c74784687f8e48f2194863f08da1b2c6264db,True
C:\Users\Student\atomicbot-retest-20260716\logs\atomicbot\AB-15\20260716-190919\run03-stderr.log,14674,149b965ac090d050c921e57c20e2ff5aaedad87460e6795ee60db5ee34eec8cc,True
C:\Users\Student\atomicbot-retest-20260716\logs\atomicbot\AB-15\20260716-190919\run03-stdout.log,1467,6396862ead615522063f33f223155cf796c12de90bd1d31e62b6def288ad9f4b,True
C:\Users\Student\atomicbot-retest-20260716\logs\atomicbot\AB-15\20260716-190919\run03-summary.json,2746,35524cc1088bffbc64623cd73b55f7e726f836d47e0d6eb426d787bd86d2aed3,True
C:\Users\Student\atomicbot-retest-20260716\logs\atomicbot\AB-15\20260716-190919\warmup-combined.log,17829,1d604d6eb6f86a7840b8a3cd3afca9ed188439c3ab84e430e752c1e5871e28ae,True
C:\Users\Student\atomicbot-retest-20260716\logs\atomicbot\AB-15\20260716-190919\warmup-command.json,1289,20b982c04b037caf68bc5d75d4d1212ce53dca3f37c056e02799f982684bb7c6,True
C:\Users\Student\atomicbot-retest-20260716\logs\atomicbot\AB-15\20260716-190919\warmup-gpu-typeperf.csv,103106,2e1b0252071c4a957cf18db31445c53bee082091b3d5d01d30af6497b099c959,True
C:\Users\Student\atomicbot-retest-20260716\logs\atomicbot\AB-15\20260716-190919\warmup-metrics.csv,2564,ea3ad02f8a88cfaff625d1e9f392ce031d14a4c00007ccae5c87a8046d8359b8,True
C:\Users\Student\atomicbot-retest-20260716\logs\atomicbot\AB-15\20260716-190919\warmup-stderr.log,14674,e1dd6fd8b1cdee83ea1d2eb9d3b2ad2225e1fd27a9ab75f4d39265106566f56f,True
C:\Users\Student\atomicbot-retest-20260716\logs\atomicbot\AB-15\20260716-190919\warmup-stdout.log,1467,9baa4e6b078bb56443f2eb0b23337232672ddfc41dab0719aed84e798da58bc2,True
C:\Users\Student\atomicbot-retest-20260716\logs\atomicbot\AB-15\20260716-190919\warmup-summary.json,2753,45a952a3c245de324f2a9ad3c88500b363c0b4d9981c09c5a7270657150d8e0a,True
C:\Users\Student\atomicbot-retest-20260716\logs\atomicbot\AB-KV3-F16-4K\20260716-185330\AB-KV3-F16-4K-formal-summary.json,14390,e93c026bb355e0d657469a67c9ba49ea8285c6c791625a6e52fbf3566b450630,True
C:\Users\Student\atomicbot-retest-20260716\logs\atomicbot\AB-KV3-F16-4K\20260716-185330\pilot-combined.log,17194,b6c9f804245321103da8ed85b06fc7448fa3992dffb1174590f90f99493e6445,True
C:\Users\Student\atomicbot-retest-20260716\logs\atomicbot\AB-KV3-F16-4K\20260716-185330\pilot-command.json,1210,584246899dc9c278dea524bea79a00c32d21044abef06e508e43b51ce8342df9,True
C:\Users\Student\atomicbot-retest-20260716\logs\atomicbot\AB-KV3-F16-4K\20260716-185330\pilot-gpu-typeperf.csv,52303,52af8373b1f58c97fe1edcb3829c9d6d866e96e6f69319231d6f582dd24f992b,True
C:\Users\Student\atomicbot-retest-20260716\logs\atomicbot\AB-KV3-F16-4K\20260716-185330\pilot-metrics.csv,686,ade1b9cd5a991eb440ee28089076c4340207edc2301de7eff1cc3d71bd2cc9c7,True
C:\Users\Student\atomicbot-retest-20260716\logs\atomicbot\AB-KV3-F16-4K\20260716-185330\pilot-stderr.log,14366,0649f1e32a5d1992459caad2a2df9eedcc337b238f958cc4a6c8a419ebf5f60b,True
C:\Users\Student\atomicbot-retest-20260716\logs\atomicbot\AB-KV3-F16-4K\20260716-185330\pilot-stdout.log,1189,66780bf55339e479b6dae75306c59dbb9488a1281a7003e824cec11a32fc9cd0,True
C:\Users\Student\atomicbot-retest-20260716\logs\atomicbot\AB-KV3-F16-4K\20260716-185330\pilot-summary.json,2166,9b1fc3a57bc73a796dbb5d153560215a6bdfe9a0d29a13cb7df3b52e7b5ab9d9,True
C:\Users\Student\atomicbot-retest-20260716\logs\atomicbot\AB-KV3-F16-4K\20260716-185330\run01-combined.log,17504,fe3234a5886d307bb062c7fd5a676e3ddda5833500b3a847f25fe62fbc48d2fc,True
C:\Users\Student\atomicbot-retest-20260716\logs\atomicbot\AB-KV3-F16-4K\20260716-185330\run01-command.json,1210,a7c6d2683a810aa4be8e0709c7d8309312cc6d505d45e4321b1cc4e1ae57a7d7,True
C:\Users\Student\atomicbot-retest-20260716\logs\atomicbot\AB-KV3-F16-4K\20260716-185330\run01-gpu-typeperf.csv,63109,f6d505f7b480aa7d005c1345d19fe5bc92ffa92278d50e1c067892faaf47ad8e,True
C:\Users\Student\atomicbot-retest-20260716\logs\atomicbot\AB-KV3-F16-4K\20260716-185330\run01-metrics.csv,1168,5efe854bfbb9774e22951636e05ed607a43781d3c9fb8730d3bfb55b961d7609,True
C:\Users\Student\atomicbot-retest-20260716\logs\atomicbot\AB-KV3-F16-4K\20260716-185330\run01-stderr.log,14367,e7c5a8238325aa20574cbc69f4fcd41dbadcf61f92109eaedd51ff9c68a2f22b,True
C:\Users\Student\atomicbot-retest-20260716\logs\atomicbot\AB-KV3-F16-4K\20260716-185330\run01-stdout.log,1475,42035abd4700699b9ba7948d8a4d8116615c3040624ed74d2c08bb5f683bbe10,True
C:\Users\Student\atomicbot-retest-20260716\logs\atomicbot\AB-KV3-F16-4K\20260716-185330\run01-summary.json,2450,6aabd53da7aa3c84a204d7db6733b4b671e2f21e9bfb5c3525a61c03ae40ce8d,True
C:\Users\Student\atomicbot-retest-20260716\logs\atomicbot\AB-KV3-F16-4K\20260716-185330\run02-combined.log,17504,8a600df89d33cc7a8792205e68b7e8ad6e6715b1787ffbecd36ed857f12f290c,True
C:\Users\Student\atomicbot-retest-20260716\logs\atomicbot\AB-KV3-F16-4K\20260716-185330\run02-command.json,1210,a7c6d2683a810aa4be8e0709c7d8309312cc6d505d45e4321b1cc4e1ae57a7d7,True
C:\Users\Student\atomicbot-retest-20260716\logs\atomicbot\AB-KV3-F16-4K\20260716-185330\run02-gpu-typeperf.csv,63109,f19858c2dfbb944cfd09441eb502f91f710a9088c37cda196e9fe29fafe63a15,True
C:\Users\Student\atomicbot-retest-20260716\logs\atomicbot\AB-KV3-F16-4K\20260716-185330\run02-metrics.csv,1168,3a2f4c533219c172424675266345980926fed2f81497e19d46755f60b95b0361,True
C:\Users\Student\atomicbot-retest-20260716\logs\atomicbot\AB-KV3-F16-4K\20260716-185330\run02-stderr.log,14367,59a5111923512576720c38afb45be809bdbdda925bb82edabddfcf5471d4c092,True
C:\Users\Student\atomicbot-retest-20260716\logs\atomicbot\AB-KV3-F16-4K\20260716-185330\run02-stdout.log,1475,9bc165caa6daf1ba7abbda299475bf37904c5eb323cc37634e018d238b4ce47b,True
C:\Users\Student\atomicbot-retest-20260716\logs\atomicbot\AB-KV3-F16-4K\20260716-185330\run02-summary.json,2452,b621bcf252c1099ecc5842c11a084e9ea718f06a6aa6b00d2f4c9f2517bbd50a,True
C:\Users\Student\atomicbot-retest-20260716\logs\atomicbot\AB-KV3-F16-4K\20260716-185330\run03-combined.log,17504,dc0c76842759d8468f8c4abbf4f045a0a18e95d08d1fdd8ac3ab1aa362433cf1,True
C:\Users\Student\atomicbot-retest-20260716\logs\atomicbot\AB-KV3-F16-4K\20260716-185330\run03-command.json,1210,a7c6d2683a810aa4be8e0709c7d8309312cc6d505d45e4321b1cc4e1ae57a7d7,True
C:\Users\Student\atomicbot-retest-20260716\logs\atomicbot\AB-KV3-F16-4K\20260716-185330\run03-gpu-typeperf.csv,63109,5f4a04beedcbae8bc6b39e82920b64698efe11b7d5cdc160fe603d078f76e0e3,True
C:\Users\Student\atomicbot-retest-20260716\logs\atomicbot\AB-KV3-F16-4K\20260716-185330\run03-metrics.csv,1148,313b42fb34e58c7daba6c1a82c385d073c90259a6b95025dac5b625904d61c4b,True
C:\Users\Student\atomicbot-retest-20260716\logs\atomicbot\AB-KV3-F16-4K\20260716-185330\run03-stderr.log,14367,a31f9945b3169465b5c9f1d7053bb3c47bd93a180726331435078caedcf43ad3,True
C:\Users\Student\atomicbot-retest-20260716\logs\atomicbot\AB-KV3-F16-4K\20260716-185330\run03-stdout.log,1475,77d750b8bd777c7bea63af3520dcb6282bfbefb1e75fe28007b0fe38b600ecc4,True
C:\Users\Student\atomicbot-retest-20260716\logs\atomicbot\AB-KV3-F16-4K\20260716-185330\run03-summary.json,2452,658285bdbd93f86d5c758f443ce878af790e07cae43c9c1ad6ec5bc8657efa96,True
C:\Users\Student\atomicbot-retest-20260716\logs\atomicbot\AB-KV3-F16-4K\20260716-185330\warmup-combined.log,17504,e7fb7a7264c12eb5a4611a5b59285842a17431f421f0bd4423cf1cf369b50c28,True
C:\Users\Student\atomicbot-retest-20260716\logs\atomicbot\AB-KV3-F16-4K\20260716-185330\warmup-command.json,1210,a7c6d2683a810aa4be8e0709c7d8309312cc6d505d45e4321b1cc4e1ae57a7d7,True
C:\Users\Student\atomicbot-retest-20260716\logs\atomicbot\AB-KV3-F16-4K\20260716-185330\warmup-gpu-typeperf.csv,63109,ac4b77a8dfbf94390b4f492b54e71658d8c5262b3594eeb941beae9f8bdc08c6,True
C:\Users\Student\atomicbot-retest-20260716\logs\atomicbot\AB-KV3-F16-4K\20260716-185330\warmup-metrics.csv,1168,204c63e292f1ba2b4158ab09be9015527b8b8cb6982a5b8e36d602506314f0d8,True
C:\Users\Student\atomicbot-retest-20260716\logs\atomicbot\AB-KV3-F16-4K\20260716-185330\warmup-stderr.log,14367,6bb015ec90276af41ec3a0fd2e9902cb9824becd87d3c3603bc6c7c4289682b3,True
C:\Users\Student\atomicbot-retest-20260716\logs\atomicbot\AB-KV3-F16-4K\20260716-185330\warmup-stdout.log,1475,be11c7ef3f64f0750d73906b2e6bea1c747f0a4d94f8a66943581bbd044b3a91,True
C:\Users\Student\atomicbot-retest-20260716\logs\atomicbot\AB-KV3-F16-4K\20260716-185330\warmup-summary.json,2458,02aaa831b62aa5ae94133ee2de865ac343d978fa3d86e38db9dd42b090dc9db9,True
C:\Users\Student\atomicbot-retest-20260716\logs\atomicbot\build\cpu\ctest\ctest-stderr-20260716-184816.log,125,cde30f1933fc9e3c5b71fc54f8b7a769a79b04247209e82f845bd9e532c7ed06,True
C:\Users\Student\atomicbot-retest-20260716\logs\atomicbot\build\cpu\ctest\ctest-stderr-20260716-184938.log,125,cde30f1933fc9e3c5b71fc54f8b7a769a79b04247209e82f845bd9e532c7ed06,True
C:\Users\Student\atomicbot-retest-20260716\logs\atomicbot\build\cpu\ctest\ctest-stderr-20260716-185117.log,125,cde30f1933fc9e3c5b71fc54f8b7a769a79b04247209e82f845bd9e532c7ed06,True
C:\Users\Student\atomicbot-retest-20260716\logs\atomicbot\build\cpu\ctest\ctest-stderr-20260716-195011.log,125,cde30f1933fc9e3c5b71fc54f8b7a769a79b04247209e82f845bd9e532c7ed06,True
C:\Users\Student\atomicbot-retest-20260716\logs\atomicbot\build\cpu\ctest\ctest-stdout-20260716-184816.log,5054,48c365ad91772fc60fe4ae49b1a47a00f941104c204dba478d3a867108911269,True
C:\Users\Student\atomicbot-retest-20260716\logs\atomicbot\build\cpu\ctest\ctest-stdout-20260716-184938.log,5054,d3c42c647dd919f1b0cfd40eda1d86c0b162f1f3a2cd18007c2000f7600491ee,True
C:\Users\Student\atomicbot-retest-20260716\logs\atomicbot\build\cpu\ctest\ctest-stdout-20260716-185117.log,5054,6c1aa2aa24d622d3c26cb3bd52c87e0f04080a7023adcf457fb27fead9d6c04b,True
C:\Users\Student\atomicbot-retest-20260716\logs\atomicbot\build\cpu\ctest\ctest-stdout-20260716-195011.log,5054,f7d90617de41a572734625d76eae9e4de269d5697bc4f4b0139e2160c44454b2,True
C:\Users\Student\atomicbot-retest-20260716\logs\atomicbot\ppl\20260716-192009\f16-stderr.log,1333,6df9f067bcefe43fcd47d0cf4c55914b33dc2c8d4ba5a15f34a19953b959a4bd,True
C:\Users\Student\atomicbot-retest-20260716\logs\atomicbot\ppl\20260716-192009\f16-stdout.log,141,d0b7eece5e3fcbf62bc1f648c7878c1058762133685ddc8772fdc78861cc85ee,True
C:\Users\Student\atomicbot-retest-20260716\logs\atomicbot\ppl\20260716-192009\q8_0-stderr.log,1333,da51db00cde2816d46c8edeecdac86ccea26af720cb80f4c2761f59699a26547,True
C:\Users\Student\atomicbot-retest-20260716\logs\atomicbot\ppl\20260716-192009\q8_0-stdout.log,141,a324ba953d0463f7a103e8f38bd1bd66a61c014b0d0b8bd1a4b9e9cea1199831,True
C:\Users\Student\atomicbot-retest-20260716\logs\atomicbot\ppl\20260716-192009\turbo2-stderr.log,1333,3a8a8d980909bf04a5cedd528ad0cc32e14621f2d97adbda873235ce3b74d288,True
C:\Users\Student\atomicbot-retest-20260716\logs\atomicbot\ppl\20260716-192009\turbo2-stdout.log,141,1725c0d0c4d27e00a69c27712a332ed99b43324ab3a306f24b01c383b0fe0325,True
C:\Users\Student\atomicbot-retest-20260716\logs\atomicbot\ppl\20260716-192009\turbo3-stderr.log,1332,a093dca6b0635f85985cd6595bff3995949029db82b65fe17a7c3d7554e31a06,True
C:\Users\Student\atomicbot-retest-20260716\logs\atomicbot\ppl\20260716-192009\turbo3-stdout.log,141,8e3478945365ffefb844fc9586f210d76871195503d862e84a8c4689bcdbe71f,True
C:\Users\Student\atomicbot-retest-20260716\logs\atomicbot\ppl\20260716-192009\turbo4-stderr.log,1333,98ddc921ffe416b155f7e953425e1055a1bc290f67a6e01324f35ac852a3c5af,True
C:\Users\Student\atomicbot-retest-20260716\logs\atomicbot\ppl\20260716-192009\turbo4-stdout.log,141,7080ec960798e0bb782be5b6ef9d299ade7c8e21125faa774131cd2b8baf8d6e,True
C:\Users\Student\atomicbot-retest-20260716\logs\atomicbot\probes\cpu\devices-stderr.log,0,e3b0c44298fc1c149afbf4c8996fb92427ae41e4649b934ca495991b7852b855,True
C:\Users\Student\atomicbot-retest-20260716\logs\atomicbot\probes\cpu\devices-stdout.log,20,c434cad7f6626b1a1a9af27397178d0fed50075d386aa4c493b7f1517a68a0a7,True
C:\Users\Student\atomicbot-retest-20260716\logs\atomicbot\probes\cpu\help-stderr.log,0,e3b0c44298fc1c149afbf4c8996fb92427ae41e4649b934ca495991b7852b855,True
C:\Users\Student\atomicbot-retest-20260716\logs\atomicbot\probes\cpu\help-stdout.log,42212,68b905f54fb524fbf9ce932cd1a40dd29fefef6e7db54905d56c86bcd5eea819,True
C:\Users\Student\atomicbot-retest-20260716\logs\atomicbot\probes\cpu\version-stderr.log,76,747dac301d71c73353aa4f946ea39c8f5e2edcdf0b0a4e537878d865fbaf8eaf,True
C:\Users\Student\atomicbot-retest-20260716\logs\atomicbot\probes\cpu\version-stdout.log,0,e3b0c44298fc1c149afbf4c8996fb92427ae41e4649b934ca495991b7852b855,True
C:\Users\Student\atomicbot-retest-20260716\logs\atomicbot\probes\vulkan\devices-stderr.log,0,e3b0c44298fc1c149afbf4c8996fb92427ae41e4649b934ca495991b7852b855,True
C:\Users\Student\atomicbot-retest-20260716\logs\atomicbot\probes\vulkan\devices-stdout.log,80,67faece59aa3038fb07e29cc3743f6640bff06bb974671416ad5cd0a07a82e0b,True
C:\Users\Student\atomicbot-retest-20260716\logs\atomicbot\probes\vulkan\help-stderr.log,0,e3b0c44298fc1c149afbf4c8996fb92427ae41e4649b934ca495991b7852b855,True
C:\Users\Student\atomicbot-retest-20260716\logs\atomicbot\probes\vulkan\help-stdout.log,42212,68b905f54fb524fbf9ce932cd1a40dd29fefef6e7db54905d56c86bcd5eea819,True
C:\Users\Student\atomicbot-retest-20260716\logs\atomicbot\probes\vulkan\version-stderr.log,76,747dac301d71c73353aa4f946ea39c8f5e2edcdf0b0a4e537878d865fbaf8eaf,True
C:\Users\Student\atomicbot-retest-20260716\logs\atomicbot\probes\vulkan\version-stdout.log,0,e3b0c44298fc1c149afbf4c8996fb92427ae41e4649b934ca495991b7852b855,True
C:\Users\Student\atomicbot-retest-20260716\logs\atomicbot\quality\20260716-191115\P2-baseline-combined.log,17623,d8b27d43f25d761d43f24d5e3cca49eafd29addddea9366a0538f26cb08fbb0b,True
C:\Users\Student\atomicbot-retest-20260716\logs\atomicbot\quality\20260716-191115\P2-baseline-command.json,1342,e4d9b373ac7a3c0159ce02051d668e5eb0943f42f7abd82baf0b6f8daaca5d89,True
C:\Users\Student\atomicbot-retest-20260716\logs\atomicbot\quality\20260716-191115\P2-baseline-gpu-typeperf.csv,66711,0d7d129557f61785783fb4a2a5c66c1c85f17873dd7674b25a937cac3f2bcc08,True
C:\Users\Student\atomicbot-retest-20260716\logs\atomicbot\quality\20260716-191115\P2-baseline-metrics.csv,1299,0bc7ef7479b7eecd58ad61229538ae6d45f7326f72a55ab78c677ef022e96f35,True
C:\Users\Student\atomicbot-retest-20260716\logs\atomicbot\quality\20260716-191115\P2-baseline-stderr.log,14369,3882108a40e4319e9544e4c5e31db16f4185f60b753f8e63aab1e673e3575354,True
C:\Users\Student\atomicbot-retest-20260716\logs\atomicbot\quality\20260716-191115\P2-baseline-stdout.log,1567,0c1b9aad000a04cce35558e045ff90e0742eac98ea3ea88d5869abbb3d766552,True
C:\Users\Student\atomicbot-retest-20260716\logs\atomicbot\quality\20260716-191115\P2-baseline-summary.json,2424,975a11aa24d97da9bf539abf74c957867f82acee20e556a38c8147d12e473ecd,True
C:\Users\Student\atomicbot-retest-20260716\logs\atomicbot\quality\20260716-191115\P2-optimised-combined.log,17773,0f7068dce01a82e02be1fe097309ddeacd6bf4342921a68ae67cdba17895c903,True
C:\Users\Student\atomicbot-retest-20260716\logs\atomicbot\quality\20260716-191115\P2-optimised-command.json,1346,cea2dbfbd0258ee3b54c108679822e8076f226bf5f5f50653d77443f8bd60def,True
C:\Users\Student\atomicbot-retest-20260716\logs\atomicbot\quality\20260716-191115\P2-optimised-gpu-typeperf.csv,66711,73925f281d650e794ef24a4c62e7061ff655bc7788000946341aa3abaf8dcb3c,True
C:\Users\Student\atomicbot-retest-20260716\logs\atomicbot\quality\20260716-191115\P2-optimised-metrics.csv,1287,752d9df4d2b3bc6026a95f7d0d4db21152c47e55fbfb5c29a3bf1b494a234259,True
C:\Users\Student\atomicbot-retest-20260716\logs\atomicbot\quality\20260716-191115\P2-optimised-stderr.log,14640,76aac77919f9795c124043d0d3733d883c2e701b96e9f71f39a79201673e2587,True
C:\Users\Student\atomicbot-retest-20260716\logs\atomicbot\quality\20260716-191115\P2-optimised-stdout.log,1443,61fc5f1e91594a7e889e30af9a4868e3f38b6b81614492a951a627e24275a7b6,True
C:\Users\Student\atomicbot-retest-20260716\logs\atomicbot\quality\20260716-191115\P2-optimised-summary.json,2308,36a2f102ab2c587dda7d322e44e42bea8cb8abe1e6d919b23b9a54b28872d586,True
C:\Users\Student\atomicbot-retest-20260716\logs\atomicbot\quality\20260716-191115\P3-baseline-combined.log,17504,e2bc3433aeb23648f29e8455c50b089a534af5b02f964a7268b61b505bbc4b2f,True
C:\Users\Student\atomicbot-retest-20260716\logs\atomicbot\quality\20260716-191115\P3-baseline-command.json,1272,bdd5c27ca23fbdaaf2823d47c8a01d280c4ff41926c31ac672734998ba32e1bf,True
C:\Users\Student\atomicbot-retest-20260716\logs\atomicbot\quality\20260716-191115\P3-baseline-gpu-typeperf.csv,66711,c6433a128760896e58bea5918b5a5a5532101843a413bf0cfe3d76ba92cc72e8,True
C:\Users\Student\atomicbot-retest-20260716\logs\atomicbot\quality\20260716-191115\P3-baseline-metrics.csv,1292,078cac3a85db97433be220427732b1ae2585f686b01d139a8a30085fa8995db5,True
C:\Users\Student\atomicbot-retest-20260716\logs\atomicbot\quality\20260716-191115\P3-baseline-stderr.log,14369,12916844546dfe8d784764d2b099518a3b491a53c52ce1c0a7783ae49a447a55,True
C:\Users\Student\atomicbot-retest-20260716\logs\atomicbot\quality\20260716-191115\P3-baseline-stdout.log,1473,f0a7a54e9b310e1868a77aef81a293648f9d2b61140f182873f29c5804aac502,True
C:\Users\Student\atomicbot-retest-20260716\logs\atomicbot\quality\20260716-191115\P3-baseline-summary.json,2436,73d2954cbe4b3cdebd033d13054d6a61cbe0950438d99b490211fe809a799f80,True
C:\Users\Student\atomicbot-retest-20260716\logs\atomicbot\quality\20260716-191115\P3-optimised-combined.log,17737,4e9b5e3def0de51f9b388be7640a752e4f01672dd346aaf5b419d822b2708cd5,True
C:\Users\Student\atomicbot-retest-20260716\logs\atomicbot\quality\20260716-191115\P3-optimised-command.json,1276,c590e3969322991a3524f901b104243173cba9ff2af18b9e988f8bdbef4bc64a,True
C:\Users\Student\atomicbot-retest-20260716\logs\atomicbot\quality\20260716-191115\P3-optimised-gpu-typeperf.csv,66711,8e1381d118c6e3071b4731f3465c90804497d98e44cc16992f1b3c87eae71918,True
C:\Users\Student\atomicbot-retest-20260716\logs\atomicbot\quality\20260716-191115\P3-optimised-metrics.csv,1368,ca79934aaca8794351524e4a1dc6309914533f6b726cd55aa496249e4717b8cd,True
C:\Users\Student\atomicbot-retest-20260716\logs\atomicbot\quality\20260716-191115\P3-optimised-stderr.log,14640,f4dfc0a12a8ac0b9f5291c295f1dc6b648b9aabed226be38eef4d5f3c615622b,True
C:\Users\Student\atomicbot-retest-20260716\logs\atomicbot\quality\20260716-191115\P3-optimised-stdout.log,1409,25353652127031d67ae90181cb95a01a67152695e2c4cf314bb2fd8e87dfe3c0,True
C:\Users\Student\atomicbot-retest-20260716\logs\atomicbot\quality\20260716-191115\P3-optimised-summary.json,2366,464c96868cd3f33770ca8a85d666a97bd0798ebdcd2206d516567b6477fa6d0f,True
C:\Users\Student\atomicbot-retest-20260716\logs\atomicbot\quality\20260716-191115\P4-baseline-combined.log,17515,2910448b4a85784a958c2877e94a60c680214af73d04b736a5ee9b94fb4ba882,True
C:\Users\Student\atomicbot-retest-20260716\logs\atomicbot\quality\20260716-191115\P4-baseline-command.json,1361,b27adc4528489c0544a98354796589ff8d3bd9dd66141ef26d75e1e3385866c7,True
C:\Users\Student\atomicbot-retest-20260716\logs\atomicbot\quality\20260716-191115\P4-baseline-gpu-typeperf.csv,59507,f6af2604cbbe62c4ba916a7c8dd9060ed436c50dfd8c504b36efadaf81bf90e3,True
C:\Users\Student\atomicbot-retest-20260716\logs\atomicbot\quality\20260716-191115\P4-baseline-metrics.csv,1094,2a8e67f66efee2d8bc4aff9a66d45c9cf5e85ae8eeaab72b74e6fd0c8aa12798,True
C:\Users\Student\atomicbot-retest-20260716\logs\atomicbot\quality\20260716-191115\P4-baseline-stderr.log,14369,f71efbb285bd8fa9d702248a2f1e039800aa9fbccae9a2b1d353a1c7c9bbdeb2,True
C:\Users\Student\atomicbot-retest-20260716\logs\atomicbot\quality\20260716-191115\P4-baseline-stdout.log,1484,3e2416860de9fde5cd17463c647e866e0dbbf707d3f4f7c55a40a49f0a1f6d16,True
C:\Users\Student\atomicbot-retest-20260716\logs\atomicbot\quality\20260716-191115\P4-baseline-summary.json,2363,5f08e35bed4e93ff2f2c22e04ae797a582c8715c07fd4f1d0d053bbbd5b91fbb,True
C:\Users\Student\atomicbot-retest-20260716\logs\atomicbot\quality\20260716-191115\P4-optimised-combined.log,17807,9e8cdb60152e12a1d8d4fe51a0aa56be541806ff0cc53828c03030a2de12ac85,True
C:\Users\Student\atomicbot-retest-20260716\logs\atomicbot\quality\20260716-191115\P4-optimised-command.json,1365,5f65835ef1f5f510f089fde700dca1a595abda77183cc0da9aca6b5cca018498,True
C:\Users\Student\atomicbot-retest-20260716\logs\atomicbot\quality\20260716-191115\P4-optimised-gpu-typeperf.csv,63109,ee1fb36cd60e09ada9d763d63972057bdb589f1e703d0b6254aaaa10c490e014,True
C:\Users\Student\atomicbot-retest-20260716\logs\atomicbot\quality\20260716-191115\P4-optimised-metrics.csv,1238,ca4bf63ba197d189e48d942697005a05c2067992078148fb6043619571ce6a87,True
C:\Users\Student\atomicbot-retest-20260716\logs\atomicbot\quality\20260716-191115\P4-optimised-stderr.log,14640,16174aeb47502e576e086d99c5d1eca5cce0b36c34b0f851e8d52ebacada752e,True
C:\Users\Student\atomicbot-retest-20260716\logs\atomicbot\quality\20260716-191115\P4-optimised-stdout.log,1479,ee032608cb2c3c2059cde4e0a3180054cf02dd1a67c122e320aade8e552e3379,True
C:\Users\Student\atomicbot-retest-20260716\logs\atomicbot\quality\20260716-191115\P4-optimised-summary.json,2351,3611fc68262d4ac598c676c7e7300047d249b2fcf83d4b5516896f5298071bf5,True
C:\Users\Student\atomicbot-retest-20260716\logs\atomicbot\quality\20260716-191115\P5-baseline-combined.log,18318,9797e8d52fd26a0c11aa93f801e3be3cb0b0e48d415dd6d3ab16ed4d826b6be5,True
C:\Users\Student\atomicbot-retest-20260716\logs\atomicbot\quality\20260716-191115\P5-baseline-command.json,10826,95cf161345f2dce83a1d3e59600a1f35a8ee1c3ee9267d74e73228b2d7d73961,True
C:\Users\Student\atomicbot-retest-20260716\logs\atomicbot\quality\20260716-191115\P5-baseline-gpu-typeperf.csv,300841,d08161ccd19989002c77959e7b7c0dc6dfda725a2ab290fc623767f57ab649e8,True
C:\Users\Student\atomicbot-retest-20260716\logs\atomicbot\quality\20260716-191115\P5-baseline-metrics.csv,10247,aba1fc1826a5c96d9d595a184a61395a4d8706b09b6b6f343728a2e52a334346,True
C:\Users\Student\atomicbot-retest-20260716\logs\atomicbot\quality\20260716-191115\P5-baseline-stderr.log,15118,e23d1d3e0663f694c11ecac925d364b52e39bddb3e9d375d5fc55f03d2e738f0,True
C:\Users\Student\atomicbot-retest-20260716\logs\atomicbot\quality\20260716-191115\P5-baseline-stdout.log,1463,c29e823d9c068e1b19565ad7a7c774d7fbc45d60286e3d7d48f126942f42ed1d,True
C:\Users\Student\atomicbot-retest-20260716\logs\atomicbot\quality\20260716-191115\P5-baseline-summary.json,2090,96f68ae6440128f1d34398229047cd5e995a01810daba13c9511790a1ed65ec7,True
C:\Users\Student\atomicbot-retest-20260716\logs\atomicbot\quality\20260716-191115\P5-optimised-combined.log,18611,6b7c440b69070bd87a589c5a06c89b068b19e4dd2080b1946bd5874bd64f4c81,True
C:\Users\Student\atomicbot-retest-20260716\logs\atomicbot\quality\20260716-191115\P5-optimised-command.json,10830,ea28c1f85cbb3115d005ce5e61d96d2340242f35c1710bb6aedcfe084870b4f7,True
C:\Users\Student\atomicbot-retest-20260716\logs\atomicbot\quality\20260716-191115\P5-optimised-gpu-typeperf.csv,1399451,ea02b3e7f0471f583e587008088a46b657121271197529452c8440650711c438,True
C:\Users\Student\atomicbot-retest-20260716\logs\atomicbot\quality\20260716-191115\P5-optimised-metrics.csv,52692,33d434e6f1b29c942fd589d95ca4b7a5d33c41f87e9e6b45400ff97aaf76153a,True
C:\Users\Student\atomicbot-retest-20260716\logs\atomicbot\quality\20260716-191115\P5-optimised-stderr.log,15387,d3dfc5f767eb0d9d856fac0e831ca014630bb45cb55e466c8c67bb484f1be484,True
C:\Users\Student\atomicbot-retest-20260716\logs\atomicbot\quality\20260716-191115\P5-optimised-stdout.log,1461,8a16c09ce99b94c4c9a4cbbdb7a9d012798053a7005cd8beb2ba5b7f1ac06b2b,True
C:\Users\Student\atomicbot-retest-20260716\logs\atomicbot\quality\20260716-191115\P5-optimised-summary.json,2103,b52ef50d53f1aa82a2b6d4f474f6213315c6b2647154521a2bf4c9e23fbf48b7,True
C:\Users\Student\atomicbot-retest-20260716\logs\atomicbot\quality\20260716-191115\P6-baseline-server-stderr.log,4204,cb6af7efd7f10ff7d505b3a35d8b7094d971a875109cce69a0cdad3c35c877af,True
C:\Users\Student\atomicbot-retest-20260716\logs\atomicbot\quality\20260716-191115\P6-baseline-server-stdout.log,0,e3b0c44298fc1c149afbf4c8996fb92427ae41e4649b934ca495991b7852b855,True
C:\Users\Student\atomicbot-retest-20260716\logs\atomicbot\quality\20260716-191115\P6-optimised-server-stderr.log,4203,102aebd5d574cea4897a63429fcfe520245ce1a852bb1587d0921658cd70d0ce,True
C:\Users\Student\atomicbot-retest-20260716\logs\atomicbot\quality\20260716-191115\P6-optimised-server-stdout.log,0,e3b0c44298fc1c149afbf4c8996fb92427ae41e4649b934ca495991b7852b855,True
C:\Users\Student\atomicbot-retest-20260716\metrics\atomicbot\AB-01\AB-01-formal-summary.json,14908,89bd088bf4115ea4221b8a63655c36aa835490be2301ff16d2a4b5f82eb2bee5,True
C:\Users\Student\atomicbot-retest-20260716\metrics\atomicbot\AB-02\AB-02-formal-summary.json,14834,e5261eaf4d2da5667e785b0fb566bfa38e51fe737df79f08bdf99c1508f94df6,True
C:\Users\Student\atomicbot-retest-20260716\metrics\atomicbot\AB-03\AB-03-formal-summary.json,14147,1515b49ddc6b9264892a38ce719ac7c15ffbadf0dea3567786a24ef0f6ab8bcc,True
C:\Users\Student\atomicbot-retest-20260716\metrics\atomicbot\AB-04\AB-04-formal-summary.json,13922,0e87a0b8073127b54c4e486504557bf4db0708838763136037f6ce0d945f7dbe,True
C:\Users\Student\atomicbot-retest-20260716\metrics\atomicbot\AB-05\AB-05-formal-summary.json,13996,38fe5a7f3e7baf2c8d82333a5f505882e6e381311483f447bae014a6ee512cf6,True
C:\Users\Student\atomicbot-retest-20260716\metrics\atomicbot\AB-06\AB-06-formal-summary.json,14076,0689b22a3bbd4851e579f8da2f826447ec70d0cfd8e665a3d621842efa3810a6,True
C:\Users\Student\atomicbot-retest-20260716\metrics\atomicbot\AB-07\AB-07-formal-summary.json,13844,ad03baa6311e56ad19a3926ff68f3e862b182a9ba161905c63049b4b1acfa382,True
C:\Users\Student\atomicbot-retest-20260716\metrics\atomicbot\AB-08F\AB-08F-formal-summary.json,14237,bb2b640a5edab6aad0fc0131de96362e0490e2bcac9539a3ba4f5691047e1687,True
C:\Users\Student\atomicbot-retest-20260716\metrics\atomicbot\AB-08Q\AB-08Q-formal-summary.json,14231,4e1efa0a020475a2024bb39d55ba20505552097cd914625a80707054e59d3eee,True
C:\Users\Student\atomicbot-retest-20260716\metrics\atomicbot\AB-09\AB-09-formal-summary.json,14057,27e9b64683d431376d949124f887cb467e9fe187ed7eefb3fcb1bbcf1215cb09,True
C:\Users\Student\atomicbot-retest-20260716\metrics\atomicbot\AB-10\AB-10-formal-summary.json,14128,d590984145192c3e08b8499f383e6bb500d04c00c432f36cbf36f478b9389fb1,True
C:\Users\Student\atomicbot-retest-20260716\metrics\atomicbot\AB-11\AB-11-formal-summary.json,15901,92aa0beb047b769b0cb53dab11a679de8028f9a5b89ccc9bfd32367822d23975,True
C:\Users\Student\atomicbot-retest-20260716\metrics\atomicbot\AB-12\AB-12-formal-summary.json,16040,3968808bd8d9b68d6a6d344103e2cb497c408435aa62399fcc15c4712959fd56,True
C:\Users\Student\atomicbot-retest-20260716\metrics\atomicbot\AB-13\AB-13-formal-summary.json,16148,0c510aa4454a209e3bdad37f2eb57ad128a2deacc5c658be6d7c24e44215ac99,True
C:\Users\Student\atomicbot-retest-20260716\metrics\atomicbot\AB-14\AB-14-formal-summary.json,16021,3e00173fd04a327de3992c6bcfa53cfda00df5b65076ecf51d4af566ba5719df,True
C:\Users\Student\atomicbot-retest-20260716\metrics\atomicbot\AB-15\AB-15-formal-summary.json,16036,3496309912f6f586b34d954a05c3a059023a0b586fff5cee1c3d446fc79e700b,True
C:\Users\Student\atomicbot-retest-20260716\metrics\atomicbot\AB-KV3-F16-4K\AB-KV3-F16-4K-formal-summary.json,14390,e93c026bb355e0d657469a67c9ba49ea8285c6c791625a6e52fbf3566b450630,True
C:\Users\Student\atomicbot-retest-20260716\results\atomicbot\AB-01\AB-01-evidence-hashes.csv,6350,0011fd26b7d799420ad60342d193ac51c50199a35388b203efa81420af4ca0ce,True
C:\Users\Student\atomicbot-retest-20260716\results\atomicbot\AB-01\AB-01-results-to-return.txt,726,c9f6a184415f77f705cce10e417d5554e4b2271d86ab955a790bb5e657b95f01,True
C:\Users\Student\atomicbot-retest-20260716\results\atomicbot\AB-02\AB-02-evidence-hashes.csv,6350,dd6ec666111053908b09c8e410a656afd0ba21696a45620365a0afd494f6c7e2,True
C:\Users\Student\atomicbot-retest-20260716\results\atomicbot\AB-02\AB-02-results-to-return.txt,731,92aa91e78aaa9f78f67269b669fbb0c1a279ee61fa71eb57dc0bf95ca39bed57,True
C:\Users\Student\atomicbot-retest-20260716\results\atomicbot\AB-03\AB-03-evidence-hashes.csv,6354,8ca8761f425df667bc79f6efee16df839d669330cf96a2d6664b97a3b2797f05,True
C:\Users\Student\atomicbot-retest-20260716\results\atomicbot\AB-03\AB-03-results-to-return.txt,719,c2ce6d9e136cb90b224d267e9abc6b0c76616c86aae58275cebda9b8b67dee47,True
C:\Users\Student\atomicbot-retest-20260716\results\atomicbot\AB-04\AB-04-evidence-hashes.csv,6352,ba14401166bfaf4e1aeb724e7b3345d20f662469d69ed64542572580fb8ad812,True
C:\Users\Student\atomicbot-retest-20260716\results\atomicbot\AB-04\AB-04-results-to-return.txt,721,8bb8981b68a3c78a0e47073d0c7c2941c83cf747713fa91cf3abb68dceefea28,True
C:\Users\Student\atomicbot-retest-20260716\results\atomicbot\AB-05\AB-05-evidence-hashes.csv,6354,71d2b63bc6fa8b29c4a95ed4edb5e6609172355c47d78d22ecbd49e05df55249,True
C:\Users\Student\atomicbot-retest-20260716\results\atomicbot\AB-05\AB-05-results-to-return.txt,725,21d8ac2b7cbd3fa6fdfe633a9bdcd0c4bccbbe3ec475b2a68c7aa121ae1008f5,True
C:\Users\Student\atomicbot-retest-20260716\results\atomicbot\AB-06\AB-06-evidence-hashes.csv,6354,fdb1caff0a1333e696ababd7c3c85c0260a43839296973c00d87b678b66d2ed5,True
C:\Users\Student\atomicbot-retest-20260716\results\atomicbot\AB-06\AB-06-results-to-return.txt,726,0abf6a85fc17026379e1a88b4561691232d931f192fc326da8408fdb3e973613,True
C:\Users\Student\atomicbot-retest-20260716\results\atomicbot\AB-07\AB-07-evidence-hashes.csv,6354,98d822a03c4fff1bca5b68c02546ea416493076eacafe7b0bd789a9e20931164,True
C:\Users\Student\atomicbot-retest-20260716\results\atomicbot\AB-07\AB-07-results-to-return.txt,725,11135f30636d3418d6043347c51f750273634a5f77fd73d4dc56bd382c81a2a7,True
C:\Users\Student\atomicbot-retest-20260716\results\atomicbot\AB-08F\AB-08F-evidence-hashes.csv,6393,17e6db568d84f0b90c69ca250ebfcd2202ea15416448c269dd1976fa13653710,True
C:\Users\Student\atomicbot-retest-20260716\results\atomicbot\AB-08F\AB-08F-results-to-return.txt,719,b5b9b47519cf54a0d6b112c470523525837ae87c8b0d8a0db308cd392aa19254,True
C:\Users\Student\atomicbot-retest-20260716\results\atomicbot\AB-08Q\AB-08Q-evidence-hashes.csv,6392,411105c5ce0def1cf8a79870f38de4e2c9470a9b2b74b0ff41f834036b7171a0,True
C:\Users\Student\atomicbot-retest-20260716\results\atomicbot\AB-08Q\AB-08Q-results-to-return.txt,723,15bc0d67bd894ea9e161129075a62d531777b6bdd4bc0511502a793cf1a60450,True
C:\Users\Student\atomicbot-retest-20260716\results\atomicbot\AB-09\AB-09-evidence-hashes.csv,6358,51887cc595a9df9cec6b353b95283ee23818b653544564da36d1dc3117caaee9,True
C:\Users\Student\atomicbot-retest-20260716\results\atomicbot\AB-09\AB-09-results-to-return.txt,726,915673b620b0d8ef9f82b458d87b36c1aefd036379b2bd899158d20a97ad150a,True
C:\Users\Student\atomicbot-retest-20260716\results\atomicbot\AB-10\AB-10-evidence-hashes.csv,6359,6beecdd09a1d5a76d9e98408a35d6708f18582c1b09e1a25df0a9ab5ab4315f2,True
C:\Users\Student\atomicbot-retest-20260716\results\atomicbot\AB-10\AB-10-results-to-return.txt,726,0234e506be1b3c17daf8507044ec843a0df9389569fac6ebaa15346e6c32607b,True
C:\Users\Student\atomicbot-retest-20260716\results\atomicbot\AB-11\AB-11-evidence-hashes.csv,6354,25eef30d868f19b668d849ce5ea9d062a1906f99f2cf1d055f8bbcb16570568a,True
C:\Users\Student\atomicbot-retest-20260716\results\atomicbot\AB-11\AB-11-results-to-return.txt,722,0812c11c466dd54439972c7d4d46c9576a69e4fce8ec8a3632bfc67bd7865eb8,True
C:\Users\Student\atomicbot-retest-20260716\results\atomicbot\AB-12\AB-12-evidence-hashes.csv,6355,358a18b631729a6a1df277b82b3ab6357d0b8ee6ef855431030cb8ffa563674b,True
C:\Users\Student\atomicbot-retest-20260716\results\atomicbot\AB-12\AB-12-results-to-return.txt,728,fa2172e379126a74c43e548ab6fa74b5c4da013005ecc1b75b30a269d2939c1d,True
C:\Users\Student\atomicbot-retest-20260716\results\atomicbot\AB-13\AB-13-evidence-hashes.csv,6355,a5cd1c10f913177cb8c296fe510774df4032787fc6f91f2ed388919675d63237,True
C:\Users\Student\atomicbot-retest-20260716\results\atomicbot\AB-13\AB-13-results-to-return.txt,729,e214d303ca92648c0708a20851ae4c474c2fe9b6f2212d1ca7eabcbe73c3d6e2,True
C:\Users\Student\atomicbot-retest-20260716\results\atomicbot\AB-14\AB-14-evidence-hashes.csv,6355,837b7ce92da99cf1ab5e3dbdd43bd57fa164bed9f69d95c7877d58e21b399ec3,True
C:\Users\Student\atomicbot-retest-20260716\results\atomicbot\AB-14\AB-14-results-to-return.txt,724,3bb92f2cabaf5f9f0545987482d94dba767dfa2fbe7c2a6617142a0ed02c1443,True
C:\Users\Student\atomicbot-retest-20260716\results\atomicbot\AB-15\AB-15-evidence-hashes.csv,6359,d206b030f7c6f607831a282b3a272f2b93850767806c6d63c789010db1019cbe,True
C:\Users\Student\atomicbot-retest-20260716\results\atomicbot\AB-15\AB-15-results-to-return.txt,729,6c5da867f8b6d0094ca368b950884491d6c948a744221e260f6685b6297b84d2,True
C:\Users\Student\atomicbot-retest-20260716\results\atomicbot\AB-KV3-F16-4K\AB-KV3-F16-4K-evidence-hashes.csv,6650,912ff290e37014b4aeda8f3c67999d680d406e72f470bcebaee45640fdee9561,True
C:\Users\Student\atomicbot-retest-20260716\results\atomicbot\AB-KV3-F16-4K\AB-KV3-F16-4K-results-to-return.txt,734,fee11192eae66a73448508374dc4bdb4e3c861ee4edb339460a055e11a460e0d,True
C:\Users\Student\atomicbot-retest-20260716\results\atomicbot\AB-Source-Audit.json,266389,2a4d58c5ea0678d37fce17ffc551e727c5e8ae5ca3fdae170f11a2a997c62b04,True
C:\Users\Student\atomicbot-retest-20260716\results\atomicbot\AB-Source-Audit.md,96153,08655105429640292f2421d47fa2bc1da76cc5aeb39ede07ea07abb364df15eb,True
C:\Users\Student\atomicbot-retest-20260716\results\atomicbot\AtomicBot_Build_Warning_Log_Index.json,577,f752546afa10d30ec4664c20946dcf1fc3f55919b5aa530aec45c5d48924e5f5,True
C:\Users\Student\atomicbot-retest-20260716\results\atomicbot\AtomicBot_cpu_Binary_Hashes.json,1348,34f3167753a9ffc2d51b3f1dc4368e56acdb4acdea105c49710f83e68f50172d,True
C:\Users\Student\atomicbot-retest-20260716\results\atomicbot\AtomicBot_cpu_Runtime_Probe.json,1759,4cfa7146254546686d0dc905f9d3fedf7acec7508afc853254a486f4e28511db,True
C:\Users\Student\atomicbot-retest-20260716\results\atomicbot\AtomicBot_Environment_Manifest.json,2503,86daa59ba81cac2ee9f30b5f5f00db9c9653ad04660fbaf81aa22d9ab59dd2c2,True
C:\Users\Student\atomicbot-retest-20260716\results\atomicbot\AtomicBot_Failure_Log.csv,1656,45844b769c9b654b74f8a15ebf17c3b5845913a5ba7da7e734935120220b42e5,True
C:\Users\Student\atomicbot-retest-20260716\results\atomicbot\AtomicBot_Failure_Log.json,2598,7e8794871bdc1caf9bfc7998a1cf47367d7413dcd2fa1c7307211a43ab8df7f8,True
C:\Users\Student\atomicbot-retest-20260716\results\atomicbot\AtomicBot_Final_Report.md,1621,10de49733f4677ee5d29c35cece3dc55362288ef67f7288166641c6df4170892,True
C:\Users\Student\atomicbot-retest-20260716\results\atomicbot\AtomicBot_Master_Summary.json,305819,fa05609809c9b0f2266cd1d1e39e0bc4bb468ba9706f24c65ef90b7e187ca472,True
C:\Users\Student\atomicbot-retest-20260716\results\atomicbot\AtomicBot_Model_Manifest.json,1003,fdad2378b02dfa91e053acc117635963f7138646c6aa3f1f2a3d99bc3a1e293d,True
C:\Users\Student\atomicbot-retest-20260716\results\atomicbot\AtomicBot_Perplexity_Summary.json,1582,ae8709f586b3d5badb6fa745c0ac91bce8b33f5c76278299078b6cff883d5741,True
C:\Users\Student\atomicbot-retest-20260716\results\atomicbot\AtomicBot_Quality_Summary.csv,2801,3c0f0344efa4940a452246755823a0da04dfa220e4b388d8c7226afa3e467b57,True
C:\Users\Student\atomicbot-retest-20260716\results\atomicbot\AtomicBot_Quality_Summary.json,7134,b3e8921f3f92af35db72d9e32f2676c9c033c18270126ff4d91720e22b64461a,True
C:\Users\Student\atomicbot-retest-20260716\results\atomicbot\AtomicBot_State.json,14011,07b5a643f2bac61139c6ed1b053e1dbf3828cbd5bb0e26afe7801b03ec51df91,True
C:\Users\Student\atomicbot-retest-20260716\results\atomicbot\AtomicBot_Table_Update_Pack.md,4272,1791a0fd43dae93f7bc308fcae319fdca6c26adca4e86792177aaca8208897ea,True
C:\Users\Student\atomicbot-retest-20260716\results\atomicbot\AtomicBot_vulkan_Binary_Hashes.json,1366,932368ace213c9b36cc11da1e6ecb01aa1a7dd8f0cb723cf6d4a3bddaf94749e,True
C:\Users\Student\atomicbot-retest-20260716\results\atomicbot\AtomicBot_vulkan_Runtime_Probe.json,1787,9e123fe24c3cc3ea753793da4f8623909bb07ef1032bae504721d9e5ddb71a1f,True
